contrast	library	term	nes	nominal_p	fdr	leading_edge_genes
SoravsNC	GO_Biological_Process_2025	'De Novo' Post-Translational Protein Folding (GO:0051084)	-1.94044365759	0	0.00221123196082	HSPA5;HSPA9;TCP1;CCT6A;CCT2;UGGT1;CCT5;CCT4;CCT3;CCT7;HSPA13;SDF2L1;CCT8;HSPE1;PTGES3;HSPA8;SELENOF;DNAJC7;HSPA14;DNAJB1
SoravsNC	GO_Biological_Process_2025	ADP Catabolic Process (GO:0046032)	1.74708722004	0	0.0457953080833	PKLR;PGM1;ENO3;ALDOC;PFKL;TPI1;GAPDH;HOOK2;LDHA;PGK1;ENO2;HOOK3;PFKFB1;ENO1
SoravsNC	GO_Biological_Process_2025	Acylglycerol Homeostasis (GO:0055090)	2.00146416406	0	0.00436056417132	APOC3;APOA1;APOA5;MLXIPL;APOE;RORA;LIPC;ANGPTL4;SCARB1;APOC2;PLA2G12B;APOA4
SoravsNC	GO_Biological_Process_2025	Alpha-Amino Acid Catabolic Process (GO:1901606)	1.88503949686	0	0.0168700559569	PIPOX;ALDH6A1;ACADSB;SARDH;HOGA1
SoravsNC	GO_Biological_Process_2025	Amino Acid Catabolic Process (GO:0009063)	1.88642881952	0	0.0178270123475	ALDH6A1;ETFB;LDHD;ECHS1;BCKDHA;ALDH5A1;MCCC1;BCKDK;BCKDHB
SoravsNC	GO_Biological_Process_2025	Amino Acid Transport (GO:0006865)	-1.70062490417	0.00358422939068	0.0399102975492	SLC7A1;SLC1A5;SLC38A1;SLC6A14;SLC1A4;SLC38A2;SLC7A6;SLC3A2;SLC43A2;SLC6A11;SLC7A2;SLC38A5;SLC6A6
SoravsNC	GO_Biological_Process_2025	Antibacterial Humoral Response (GO:0019731)	1.79086975092	0	0.0415843919679	TF;FGB;FGA;HLA-E;RNASE4;PLA2G6;HLA-A;ANG;B2M
SoravsNC	GO_Biological_Process_2025	Aromatic Amino Acid Family Catabolic Process (GO:0009074)	1.76461089993	0.004158004158	0.0422571647258	UROC1;HPD;ATAT1;HGD;HAL;GSTZ1;HNMT;KYNU
SoravsNC	GO_Biological_Process_2025	Bile Acid Biosynthetic Process (GO:0006699)	1.76475923609	0.00229357798165	0.0433642263958	CYP27A1;AKR1D1;OSBPL7;CYP7A1;ACOX2;CYP8B1;ACOT8;HSD3B7;ABCD3
SoravsNC	GO_Biological_Process_2025	Branched-Chain Amino Acid Catabolic Process (GO:0009083)	1.7442594269	0.00881057268722	0.046445504934	ALDH6A1;LDHD;HMGCL;ECHS1;BCKDHA;MCCC1;BCKDK;BCKDHB
SoravsNC	GO_Biological_Process_2025	Carbohydrate Catabolic Process (GO:0016052)	1.89495035935	0	0.0161597378114	PKLR;PGM1;ENO3;ALDOC;PFKL;NEU4;TPI1;MANBA;MAN2C1;GAPDH;HOOK2;LDHA;ENOSF1;PGK1;NAGA;ENO2;HOOK3;PFKFB1;ENO1;DERA;CTBS
SoravsNC	GO_Biological_Process_2025	Carbohydrate Derivative Catabolic Process (GO:1901136)	1.90138227946	0	0.0160827866789	GALM;GALK1;FBXO17;PGM1;GALT;NEU4;GLB1;FBXO44;MANBA;FBXO6;FBXO2;NAGA;FUCA1
SoravsNC	GO_Biological_Process_2025	Carboxylic Acid Catabolic Process (GO:0046395)	1.72686958894	0.00849256900212	0.0481252382249	ALDH6A1;AMDHD2;LDHD;ECHS1;BCKDHA;MCCC1;BCKDK;BCKDHB;ACOT8;MPST;DBT
SoravsNC	GO_Biological_Process_2025	Carboxylic Acid Transport (GO:0046942)	-1.89107624245	0	0.00471198692796	SLC7A1;SLC1A5;SLC38A1;SLC6A14;SLC1A4;SLC38A2;SLC7A6;SLC3A2;SLC43A2;ABCC1;SLC16A6;SLC6A11;SLC7A2;SLC38A5;SLC6A6
SoravsNC	GO_Biological_Process_2025	Cardiac Muscle Cell Contraction (GO:0086003)	1.82137043089	0	0.0312201737308	GSN;CAMK2D;SCN9A;SCN1A;CACNA1D
SoravsNC	GO_Biological_Process_2025	Cardiac Ventricle Morphogenesis (GO:0003208)	-1.72521197898	0.00187969924812	0.0316899633675	JAG1;TGFBR3;TGFBR2;TGFB1;BMP4;HEY1;FKBP1A;SOX4
SoravsNC	GO_Biological_Process_2025	Cell Chemotaxis (GO:0060326)	-1.81743843498	0	0.0128761738026	CCL20;EPHA2;BCAR1;CCR6;NRP1;HBEGF;PIP5K1A;PDGFRB;DOCK4;NR4A1;PARVA;RHOG;CORO1B
SoravsNC	GO_Biological_Process_2025	Cell Cycle G1/S Phase Transition (GO:0044843)	-1.69338263749	0.00173310225303	0.0420464107177	MYC;BCAT1;EIF4EBP1;GSPT1;PLK3;CCND1;CCNJ;E2F3;EIF4E;CDC25A;RCC1;CUL3;TRIM71;CCND3;CCNJL;CCNE1;CDK4;LATS2;CDK2;CUL2;LATS1;CUL4A
SoravsNC	GO_Biological_Process_2025	Cellular Response to Chemical Stress (GO:0062197)	-1.88094325584	0	0.00526639564633	XBP1;SRXN1;NFE2L2;ATF4;ETV5;HIF1A;SESN2;HM13;PYCR1;EIF2S1;NQO1;GSR;PNPT1;ERMP1;VKORC1L1;PYCR2;ZFAND1;RPTOR;LONP1;UBL4A;FOXO1;ABL1;KEAP1;CHCHD2;LRRC8D;CUL3;SELENOS;DHRS2;DDX3X;ATP13A2;SETX;PARK7;STK24;PPIA;PYROXD1;TRIM21
SoravsNC	GO_Biological_Process_2025	Cellular Response to Cytokine Stimulus (GO:0071345)	-1.82606956777	0	0.0113288117088	EGR1;XBP1;SH2B3;NFE2L2;EPRS1;TNFRSF1A;HIF1A;TNFRSF21;LRP8;OSMR;ZFP36L1;IL4R;ANKRD1;ARHGEF2;SYNCRIP;YBX3;NR1D1;MT2A;PNPT1;IFITM2;PHB1;PTPN11;CRLF1;HAX1;MT1X;HNRNPU;CALM1;LRCH1;RIPOR1;PDE12;NFKB1;SLC12A2;HYAL2;LONP1;CXCL8;CLCF1;SOCS4;EDA;CHUK;TANK;AKT1;UBE2G2;NKX3-1;SOCS3;OAS1;STAT1;CBL;AXL;IL18;KHSRP;CDK9;STK39;CIB1;F3;DUSP12;USP32;SBNO2;GBA1;CD58;LDLRAP1;TCF7
SoravsNC	GO_Biological_Process_2025	Cellular Response to Glucose Starvation (GO:0042149)	-1.80601029046	0.00178890876565	0.0150382413858	XBP1;MYBBP1A;HSPA5;ATF4;SESN2;YWHAG;CPEB4;PLIN3;PMAIP1;BHLHA15;SH3GLB1;NUAK2;TBL2;YWHAZ;RRP8;PRKAA1;PIK3R4;ZC3H12A;FOXO3;KICS2;SIRT1
SoravsNC	GO_Biological_Process_2025	Cellular Response to Oxidative Stress (GO:0034599)	-1.73873172677	0	0.0282420898748	XBP1;SRXN1;NFE2L2;ATF4;ETV5;HIF1A;SRC;SESN2;HM13;PYCR1;EIF2S1;NQO1;GSR;PNPT1;ERMP1;FOS;VKORC1L1;PYCR2;ZFAND1;LONP1;UBL4A;FOXO1;ABL1;KEAP1;CHCHD2;CUL3;SELENOS;DHRS2;ATP13A2;MMP3;SETX;PARK7;STK24;PPIA;PYROXD1;PEX10;AGAP3;PRKAA1;ERCC6L2;PEX5;VRK2
SoravsNC	GO_Biological_Process_2025	Cellular Response to Transforming Growth Factor Beta Stimulus (GO:0071560)	-1.6806537442	0	0.0451962764426	GDF15;JUN;TGFBR3;TGFBR2;SRC;ADAM9;ZFP36L1;ITGB1;ANKRD1;FURIN;TGFB1;ITGB5;ID1;BAMBI;FOS;HYAL2;ZYX;LRG1;SMAD1;TGFBRAP1
SoravsNC	GO_Biological_Process_2025	Cholesterol Biosynthetic Process (GO:0006695)	1.87899325464	0	0.016621444606	CES1;MSMO1;TM7SF2;DHCR7;INSIG2;HMGCS1;FDFT1;HSD17B7;HMGCR;MVD;SC5D;ACLY;DHCR24;MVK;NSDHL
SoravsNC	GO_Biological_Process_2025	Cholesterol Efflux (GO:0033344)	1.87211878276	0	0.017506382629	APOC3;APOA1;APOA5;ABCA7;APOE;ABCG8;SCARB1;NPC2;ABCA5;APOC2;APOC1;ABCG5;APOA4
SoravsNC	GO_Biological_Process_2025	Cholesterol Homeostasis (GO:0042632)	1.73264221888	0	0.0478570553421	APOC3;APOA1;APOA5;MTTP;CES1;ABCA2;APOE;ABCG8;LCAT;RORA;HSDL2;EPHX2;ACOX1;LIPC;SCARB1;NPC2;NFE2L1;PCSK9;ABCA5;TMEM97;APOC2;FGFR4;PLA2G12B;EHD1;ABCG5;APOA4
SoravsNC	GO_Biological_Process_2025	Cholesterol Metabolic Process (GO:0008203)	2.03860655667	0	0.00200072944331	APOA1;APOA5;SULT2A1;CES1;ACAA2;CYP27A1;MSMO1;APOE;TM7SF2;DHCR7;AKR1D1;LCAT;INSIG2;HMGCS1;APOL2;FDFT1;ABCA5;HSD17B7;SQLE;HMGCR;APOA4;MVD;CYP7A1;ACLY;DHCR24;MVK;TSKU;GBA2;NSDHL
SoravsNC	GO_Biological_Process_2025	Cholesterol Transport (GO:0030301)	1.88411718724	0	0.0159948425276	APOC3;APOA1;APOA5;CES1;ABCA7;CLU;APOE;ABCG8;LCAT;LIPC;SCARB1;NPC2;ABCA5;APOC2;STARD4;APOC1;ABCG5;APOA4;CD36
SoravsNC	GO_Biological_Process_2025	Cytoplasmic Translational Initiation (GO:0002183)	-1.73523980136	0	0.0294689182471	EIF2S2;EIF4A1;EIF3J;EIF3B;EIF4G1;EIF3I;EIF2B3;EIF3M;EIF3A;EIF2B2;EIF2B5;EIF3C;EIF5;SLBP;NCBP1;EIF3K;EIF3G;EIF2B4;EIF2S3;EIF2B1;MCTS2;EIF3D;DHX29
SoravsNC	GO_Biological_Process_2025	DNA Replication (GO:0006260)	-1.81754856586	0	0.0130110170448	TOP1;POLR1B;POLR1A;RNASEH1;TWNK;GRWD1;MCM7;SSBP1;MCM5;MCM6;MCM4;SET;POLE3;RFC3;FEN1;SLC19A1;MCM8;POLA1;MCMBP;POLE4;ORC5;RFC4;CDK2;POLD2;RFC2;CHRAC1;TBRG1;BLM;RECQL;CDK2AP1;POLA2;WDR18
SoravsNC	GO_Biological_Process_2025	DNA Replication Initiation (GO:0006270)	-1.74038991717	0.00193798449612	0.0279693563694	CDC6;MCM7;MCM5;CDC45;LRWD1;NOC3L;ORC6;POLA1;ORC5;MCM3;MCM10;SLC25A15;ORC4;POLA2
SoravsNC	GO_Biological_Process_2025	DNA-templated DNA Replication (GO:0006261)	-2.00665407219	0	0.00119066336352	POLR1A;CDC6;TWNK;MCM7;SSBP1;MCM5;MCM4;CDC45;LRWD1;NOC3L;POLE3;RFC3;ORC6;SLC19A1;POLA1;MCMBP;POLE4;MGME1;ORC5;RFC4;POLD2;MCM3;MCM10;RFC2;CHRAC1;SLC25A15;CDK2AP1;RRM1;ORC4;POLA2;WDR18;CDC34;PRIM2;POLE2;POLD1;TOPBP1;HELB;WDHD1;TEFM
SoravsNC	GO_Biological_Process_2025	DNA-templated Transcription (GO:0006351)	-1.96658047347	0	0.00213327185964	XBP1;MARS1;ATF4;PRMT5;POLR1G;DDX5;UBTF;POLR3K;TWNK;MRPL12;NIFK;CRCP;DDX56;PTMA;POLR2D;PWP1;NFKB1;NOCT;GMEB2;CBFB;TAF13;POLRMT;POLR2L;E2F1;TAF5L;POLR3G;IRF3;SMAD1;SUPT16H;TFB2M;TRIP13;HOXD3;GTF2E2;TFDP1;CCDC124;POLR2I;TFAM;GTF2A2;CCNK;GTF3C6;GTF2H2;POLR2C;PPP5C;NFKBIB;PIR;CDK9;GTF2F2;NFYA;GTF2E1;POLR3H;TAF1B;TAF1A;SETX;GTF2H1;TRIM24;ERCC3;TCEA1;GTF3C4;MTERF3;TAF7;TBPL1;GTF2H3;GTF3A;CREBL2;MED16;RNPS1;SMN1;SPNS1;RREB1;GTF2F1;MNT;POLR2K;FOXO3;TBP;CDK7;CCNT1;GTF3C1;SPTY2D1;NFX1;NKX3-2;NFAT5;POLR2B;MKRN2;DRAP1
SoravsNC	GO_Biological_Process_2025	DNA-templated Transcription Initiation (GO:0006352)	-1.90822598237	0	0.0037658190102	POLR1G;RRN3;UBTF;ELOA;CRCP;ELOC;E2F3;POLR2D;POLR1E;TAF13;POLRMT;TFB1M;TAF4B;TFB2M;GTF2E2;POLR2I;TFAM;GTF2A2;GTF2H2;MED27;CCNH;CDK9;GTF2F2;GTF2E1;POLR3H;MED17;GTF2H1;ERCC3;TAF7;TBPL1;TAF2;GTF2F1;E2F2;TBP;CDK7;GTF3C1
SoravsNC	GO_Biological_Process_2025	Dolichol-Linked Oligosaccharide Biosynthetic Process (GO:0006488)	-1.68857581074	0.0148975791434	0.0430180677093	NUS1;ALG3;DPAGT1;ALG11;DPM1;DHDDS;DOLPP1;DOLK;ALG5;ALG2;ALG13
SoravsNC	GO_Biological_Process_2025	Endoplasmic Reticulum Unfolded Protein Response (GO:0030968)	-1.84552874169	0	0.00942086275345	XBP1;NFE2L2;HSPA5;ATF4;ERN1;DNAJC10;EIF2S1;SERP1;ERMP1;VCP;DDIT3;MANF;BHLHA15;SELENOS;HERPUD1;WFS1
SoravsNC	GO_Biological_Process_2025	Energy Reserve Metabolic Process (GO:0006112)	1.72251383568	0.00634249471459	0.0477532593545	PYGL;GBE1;PPP1R3C;G6PC1;UGP2
SoravsNC	GO_Biological_Process_2025	Epidermal Cell Differentiation (GO:0009913)	-1.7449291464	0.00179211469534	0.0265724006416	EPHA2;JAG1;ADAM9;PIP5K1A;TXNIP;CLIC4;HDAC2;KRT10;CTNNB1;ERCC3
SoravsNC	GO_Biological_Process_2025	Epithelial to Mesenchymal Transition (GO:0001837)	-1.74899148174	0.003663003663	0.0265347835298	TGFBR3;TGFBR2;HNRNPAB;HIF1A;FGFR1;HMGA2;TGFB1;ROCK2;DDX5;TRIM28;HEY1;SLC39A6
SoravsNC	GO_Biological_Process_2025	Establishment of Protein Localization to Mitochondrial Membrane (GO:0090151)	-1.76416432061	0	0.02369286311	HSPA4;TOMM40;HSP90AA1;TOMM5;MTX2;TIMM13;TIMM22;TIMM8B;TOMM22;TIMM10;TIMM9;TOMM70;MAIP1;TIMM10B;TOMM20;COX18
SoravsNC	GO_Biological_Process_2025	Establishment of Protein Localization to Mitochondrion (GO:0072655)	-1.89299558656	0	0.00473619426822	BCAP31;TOMM40;TIMM44;TIMM23;TOMM34;GRPEL2;TIMM17A;TOMM5;TIMM13;GRPEL1;TIMM50;AKT1;AURKAIP1;TOMM40L;HSPD1;TIMM8B;TOMM22;TIMM10;TIMM9;PAM16;TOMM70;DNAJC15;MFN2;TIMM23B;RALA;TOMM20;GDAP1;FIS1;TIMM21;TSPO;CHCHD4
SoravsNC	GO_Biological_Process_2025	Establishment of Protein Localization to Organelle (GO:0072594)	-1.78312853959	0	0.0202561604718	IPO4;NUP155;NUP153;KPNB1;NUP50;RAN;KPNA4;TNPO2;NPM1;NUP93;TNPO1;FAM53B;NUP188;E2F3;CSE1L;IPO7;NUP98;TNPO3;HEATR3;STK4;NUTF2;NUP88;AKT1;NUP62;AKIRIN2;TERT;LAMP1;IPO11;STK24;POM121C;MAP4K5;POM121;SEC13;SIRT6;RALA;TSPAN17
SoravsNC	GO_Biological_Process_2025	Fatty Acid Beta-Oxidation (GO:0006635)	2.20318255761	0	0	ACAD11;ACAA2;ECHDC2;EHHADH;BDH2;ECI2;ACAA1;CRAT;ETFB;ACOX1;HADHB;HADHA;ACADM;ACADS;HADH;ECHS1;ACAD10;DECR1;ABCD4;HSD17B4;CROT;ACOX2;AUH;ACADVL;GCDH
SoravsNC	GO_Biological_Process_2025	Fatty Acid Catabolic Process (GO:0009062)	2.20940386472	0	0	ACAD11;ACAA2;LPIN3;PHYH;ECHDC2;EHHADH;BDH2;ECI2;ACAA1;ACOX1;HADHB;HADHA;ACADM;ACADS;HADH;ECHS1;ACAD10;AIG1;DECR1;ABCD4;HSD17B4;ABHD2;PCCA;CROT;AUH;NUDT7;ABHD3;ILVBL;ACOT8;ACBD5;MCEE;ABCD3
SoravsNC	GO_Biological_Process_2025	Fatty Acid Metabolic Process (GO:0006631)	1.83707581706	0	0.0250475936076	ACSM2B;CES1;PPARA;ACADSB;ACSM2A;CYP4F12;ACSF2;LPIN3;PHYH;ECI2;MSMO1;PNPLA3;GPX4;ACAA1;CRAT;ACOT2;ACOX1;ACOT1;ACSM5;LIPC;ACADM;ACACB;CD36;CYP4F2;ACBD4;PCCA;DBI;CROT;ACOX2;ACSL1;ACLY;ACSM3;ACBD7
SoravsNC	GO_Biological_Process_2025	Fatty Acid Oxidation (GO:0019395)	2.28049863091	0	0	ACAD11;CYP4F3;ACAA2;PHYH;ECHDC2;EHHADH;BDH2;ECI2;ACAA1;ADH5;ACOX1;HADHB;HADHA;ACADM;ACADS;HADH;ECHS1;ACAD10;DECR1;ABCD4;HSD17B4;CYP4F2;CYP4V2;CROT;AUH
SoravsNC	GO_Biological_Process_2025	G1/S Transition of Mitotic Cell Cycle (GO:0000082)	-1.69583837532	0.00347826086957	0.041727751923	MYC;BCAT1;EIF4EBP1;GSPT1;PLK3;CCND1;CCNJ;E2F3;EIF4E;CDC25A;RCC1;CUL3;TRIM71;CCND3;CCNJL;CCNE1;CDK4;LATS2;CDK2;CUL2;LATS1;CUL4A
SoravsNC	GO_Biological_Process_2025	Glycolytic Process (GO:0006096)	1.74708722004	0	0.0457953080833	PKLR;PGM1;ENO3;ALDOC;PFKL;TPI1;GAPDH;HOOK2;LDHA;PGK1;ENO2;HOOK3;PFKFB1;ENO1
SoravsNC	GO_Biological_Process_2025	Hematopoietic Progenitor Cell Differentiation (GO:0002244)	-1.68711765635	0.0111731843575	0.0434422032918	FST;TGFB1;BMP4;MIXL1;SBDS;ARMC6
SoravsNC	GO_Biological_Process_2025	Hemopoiesis (GO:0030097)	-1.6930704165	0.0016835016835	0.0419201701244	JAG1;SH2B3;CEBPB;TGFBR3;FST;TGFBR2;ATF4;TGFB1;BMP4;MIXL1;SBDS;ARMC6;RUNX1;ARIH2;ASH2L
SoravsNC	GO_Biological_Process_2025	High-Density Lipoprotein Particle Remodeling (GO:0034375)	1.71750946858	0.00652173913043	0.048591142354	APOC3;APOA1;APOE;LCAT;LIPC;SCARB1;APOC1;APOA4
SoravsNC	GO_Biological_Process_2025	Import Into Nucleus (GO:0051170)	-1.99267998627	0	0.00158755115136	IPO4;NUP155;NUP153;KPNB1;NUP50;RAN;KPNA4;TNPO2;NPM1;NUP93;TNPO1;FAM53B;NUP188;E2F3;CSE1L;IPO7;NUP98;TNPO3;HEATR3;STK4;NUTF2;NUP88;AKT1;NUP62;AKIRIN2;TERT;IPO11;STK24;POM121C;MAP4K5;POM121;SEC13;SIRT6;SNUPN
SoravsNC	GO_Biological_Process_2025	Integrated Stress Response Signaling (GO:0140467)	-1.75575625442	0.00186567164179	0.0249913973353	JUN;CEBPB;NFE2L2;ATF4;ATAD3A;FOSL1;CEBPG;EIF2S1;FOS;DDIT3;GCN1
SoravsNC	GO_Biological_Process_2025	Intracellular Protein Transport (GO:0006886)	-1.70424724311	0	0.0385231162259	AKR1B10;HSPA9;HSPA4;ARHGEF2;XPO6;TGFB1;IPO4;TOMM40;TIMM44;TIMM23;NUP155;NUP153;ARF6;HSP90AA1;KPNB1;STX3;XPO5;NUP50;GRPEL2;RAN;ARF4;XPO4;KPNA4;DESI2;CHORDC1;TNPO2;CALR;NPM1;NUP93;RAB35;TNPO1;FAM53B;NUP188;E2F3;CSE1L;IPO7;NUP98;TIMM17A;TOMM5;YWHAH;TNPO3;TMED3;ARCN1;ARL4D;RAB7A;HEATR3;STK4;MTX2;XPO1;TIMM13;RANBP3;SEC16A;SNX8;NUTF2;NUP88;GRPEL1;TIMM50;AKT1;HGS;STAM;TMED9;VPS33A;ARF3;TIMM22;TIMM8B;RAB21;TOMM22;NUP62;TIMM10;VPS25;AKIRIN2;TERT;CTTN;SURF4;ARF1;SNF8;IPO11;TMED2;VPS37C;TIMM9;SMURF1;COPB2;STK24;POM121C;PAM16;SCFD2;TOMM70;MAP4K5;PKD1;DNAJC15;POM121;STX6;SEC13;STEEP1;VPS37B;PEX5;SIRT6;PDCD6;SIL1;NGFR;RAB1A;NUP42;RAB5C;TIMM10B;TOMM20;VPS13A;PIK3R4;TMED7;RAB1B;ARFIP1;SLU7;TMED1;AGK;EGR2;PHB2;TIMM21
SoravsNC	GO_Biological_Process_2025	Intrinsic Apoptotic Signaling Pathway (GO:0097193)	-1.71964690101	0.00170357751278	0.033388185152	EPHA2;TRIB3;CEBPB;PPP1R15A;MCL1;MYBBP1A;ATF4;BCL2L1;ERN1;TNFRSF10B;DNAJC10;CYCS;DDX5;REXO2;PMAIP1;HSPE1;DDIT3;PRKDC;E2F1;IKBKE;TANK;CUL3;BAK1;HIC1;ZNF622;DDX3X;GSKIP
SoravsNC	GO_Biological_Process_2025	Intrinsic Apoptotic Signaling Pathway in Response to Endoplasmic Reticulum Stress (GO:0070059)	-1.76407972351	0	0.0234825274472	TRIB3;CEBPB;PPP1R15A;ATF4;ERN1;TNFRSF10B;DNAJC10;DDIT3;TANK;BAK1
SoravsNC	GO_Biological_Process_2025	Keratinocyte Differentiation (GO:0030216)	-1.77076898281	0.00373134328358	0.0218378485082	EPHA2;JAG1;ADAM9;PIP5K1A;TXNIP;CLIC4;KRT10
SoravsNC	GO_Biological_Process_2025	L-amino Acid Transport (GO:0015807)	-1.7312289445	0.00183486238532	0.0300616157178	SLC7A11;SLC7A1;SLC38A1;SLC1A4;SLC38A2;SLC7A6;SLC3A2;SLC43A2;SLC7A2;SLC38A5
SoravsNC	GO_Biological_Process_2025	Lipid Transport (GO:0006869)	1.71666702911	0.00243309002433	0.0481494228665	APOA5;MTTP;SLCO2B1;ABCA2;BLTP1;APOE;ABCC3;GM2A;ABCG8;FABP1;APOL2;SCARB1;NPC2;SLC51A;ABCA5;RBP5;ATP8B1;ABCG5;TTPA;NR1H4;APOA4;CD36;ABCC2;PLEKHA8;PCTP;PRELID3A;ACSL1
SoravsNC	GO_Biological_Process_2025	Maturation of 5.8S rRNA (GO:0000460)	-1.96984529084	0	0.0021224868654	MAK16;URB1;WDR12;EIF6;PES1;FTSJ3;RRP15;PRKDC;NOL9;EXOSC10;EXOSC4;MTREX;LAS1L;ERI1;RPF1;MPHOSPH6
SoravsNC	GO_Biological_Process_2025	Maturation of 5.8S rRNA Frm Tricistronic rRNA Trnscpt (GO:0000466)	-1.97374163052	0	0.00211072141715	UTP20;NOP14;RRS1;URB1;WDR12;PES1;FTSJ3;EXOSC2;NOL9;EXOSC8;EXOSC3;EXOSC10;RPP40;NOP9;ERI1;KRI1;EXOSC7
SoravsNC	GO_Biological_Process_2025	Maturation of LSU-rRNA (GO:0000470)	-1.98558611628	0	0.00160739554075	RPL7L1;NOP2;DDX18;MAK16;URB1;WDR12;EIF6;PES1;PAK1IP1;FTSJ3;RPF2;RRP15;RBM34;ZNHIT6;TRMT112;LAS1L
SoravsNC	GO_Biological_Process_2025	Maturation of LSU-rRNA Frm Tricistronic rRNA Trnscpt (GO:0000463)	-1.94055599079	0	0.00227626819496	RPL7L1;DDX18;URB1;WDR12;PES1;PAK1IP1;FTSJ3;RPF2;RBM34;NOL9;ZNHIT6
SoravsNC	GO_Biological_Process_2025	Maturation of SSU-rRNA (GO:0030490)	-2.15740983729	0	0	WDR43;UTP4;NOP14;DHX37;IMP4;WDR3;TSR1;NAT10;WDR46;PWP2;HEATR1;SNU13;RIOK1;DCAF13;NOL10;UTP25;NOL11;UTP6;UTP3;NGDN;RRP36;SRFBP1;NOL7;TRMT112
SoravsNC	GO_Biological_Process_2025	Maturation of SSU-rRNA Frm Tricistronic rRNA Trnscpt (GO:0000462)	-2.09224768792	0	0	WDR43;UTP20;UTP4;NOP14;DHX37;RRS1;TSR1;WDR46;PWP2;HEATR1;DCAF13;NOL10;UTP25;UTP6;TBL3;BMS1;UTP3;NGDN;RRP36;RPP40;NOP9
SoravsNC	GO_Biological_Process_2025	Mesenchymal Cell Differentiation (GO:0048762)	-1.70515388525	0.00361010830325	0.0387679991161	TGFBR3;TGFBR2;HNRNPAB;HIF1A;FGFR1;HMGA2;TGFB1;ROCK2;DDX5;LRP6;TRIM28;SLC39A6;ZFP64
SoravsNC	GO_Biological_Process_2025	Mitochondrial Gene Expression (GO:0140053)	-2.03173819487	0	0.000549536937008	MRPL3;TWNK;MRPL12;TBRG4;MRPS23;HARS1;POLRMT;FASTKD2;MRPL46;MRPL15;TFB2M;FASTKD5;MRPL4;FASTKD1;MRPL38;TFAM;MRPL30;MRPL20;MRPL1;MRPS18B;MRPL35;MRPS34;MRPL21;MRPL36;MRPS16;GADD45GIP1;MRPS11;MRPL47;MRPS10;MRPL16;MRPL18;MRPL58;GATC;MRPL14;MRPL52;MTERF3;MRPS2;MRPL40;MRPS21;QRSL1;MRPS7;MRPS17;MRPL24;MRPL17;MRPS18C;FOXO3;MRPL19;MRPS18A;MRPL54;MRPL32;MRPS26;MRPL33;MRPL50;MRPL13;MRPL9;MRPS30;MRPL34;MRPS6;MRPL55;MRPS9;MRPS22;MRPS35;MRPL41;MRPL44;CHCHD1;TEFM;FASTKD3;MRPL49
SoravsNC	GO_Biological_Process_2025	Mitochondrial RNA Metabolic Process (GO:0000959)	-1.87923873786	0	0.00534675246259	PNPT1;TWNK;MRPL12;TBRG4;EARS2;MYG1;ELAC2;POLRMT;TFB1M;TFB2M;NSUN4;FASTKD1;TFAM;TRMT10C;GRSF1;MTERF3;SUPV3L1
SoravsNC	GO_Biological_Process_2025	Mitochondrial Translation (GO:0032543)	-2.00495353682	0	0.00112062434213	MRPL3;MRPL12;EARS2;MRPS23;TUFM;HARS1;FASTKD2;MRPL46;TSFM;MTIF2;MRPL15;GFM1;MRPL4;MRPL38;MRPL30;MRPL20;MRPL1;MRPS18B;MRPL35;MRPS34;MRPL21;MRPL36;MRPS16;GADD45GIP1;MRPS11;MRPL47;MRPS10;MRPL16;MRPL18;MRPL58;GATC;MTRF1L;MRPL14;MRPL52;MRPS2;MRPL40;MRPS21;QRSL1;MRPS7;MRPS17;MRPL24;MRPL17;MRPS18C;MRPL19;MRPS18A;MRPL54;MRPL32;MRPS26;MRPL33;MRPL50;MRPL13;MRPL9;MRPS30;MRPL34;MRPS6;MRPL55;MRPS9;MRPS22;MRPS35;MRPL41;MRPL44;CHCHD1;MRPL49
SoravsNC	GO_Biological_Process_2025	Monoatomic Cation Homeostasis (GO:0055080)	1.71548150334	0	0.0479392054872	TF;TFR2;SLC39A4;CYP4F12;TMPRSS6;SLC39A5;SLC11A2;SLC12A6;HMOX1;SLC12A4;CYP4F2;CNNM2;PICALM;CNNM1;SLC12A7
SoravsNC	GO_Biological_Process_2025	Monocarboxylic Acid Catabolic Process (GO:0072329)	1.77711447515	0.00677200902935	0.0419896679321	AGXT;LPIN3;ECI2;ACOX1;LDHD;HOGA1;CYP2W1
SoravsNC	GO_Biological_Process_2025	Monocarboxylic Acid Metabolic Process (GO:0032787)	1.77343919069	0	0.0411929030816	AGXT;ADH6;PPARA;ACADSB;CYP4F12;ACSF2;MSMO1;SLC25A42;ACAA1;SLC6A8;ABAT;ACOT2;LDHD;HOGA1;ACOT1;GAMT;PROC;MCCC1;LDHA;GRHPR;CD36;ACBD4;PCCA;DBI;VDAC1;CROT;GATM;ALDH8A1
SoravsNC	GO_Biological_Process_2025	Myeloid Leukocyte Differentiation (GO:0002573)	-1.74566098498	0	0.0268015988494	EPHA2;TGFBR2;CSF1;F2RL1;BMP4;LIF;SLC4A2;RUNX1;NPM1;CASP8;CLPB;SRP54;DHRS2;FOXP1;PIR;OSTM1;SBNO2
SoravsNC	GO_Biological_Process_2025	Myoblast Differentiation (GO:0045445)	-1.74297969665	0	0.0272151625947	JAG1;ITGB1;DDX5;EPAS1;MAPK12;SRF;SDC1;TCF7L2
SoravsNC	GO_Biological_Process_2025	Negative Regulation of Blood Coagulation (GO:0030195)	2.04488018047	0	0.00173140047979	FGB;FGA;VTN;SERPINF2;PLG;FGG;APOH;KNG1;APOE;CPB2;PROC;ZNF160;F12
SoravsNC	GO_Biological_Process_2025	Negative Regulation of DNA Metabolic Process (GO:0051053)	-1.83700376342	0	0.00994109411445	SRC;ANKRD1;GTPBP4;H1-0;CDC6;XRCC5;NIBAN2;S100A11;TERF2IP;SUB1;ERCC4;DFFA;WAPL
SoravsNC	GO_Biological_Process_2025	Negative Regulation of Intrinsic Apoptotic Signaling Pathway (GO:2001243)	-1.79935424891	0.00182149362477	0.0163153060893	XBP1;HYOU1;NFE2L2;BCL2L1;SRC;ARHGEF2;YBX3;NOC2L;CCAR2;FYN;SELENOS;AKT1;HERPUD1;DDX3X;PPIF;DNAJA1;DDIAS;MDM2;PARK7;SNAI1;PTPN1;PPIA;TXNDC12;URI1;HSPB1
SoravsNC	GO_Biological_Process_2025	Negative Regulation of Kinase Activity (GO:0033673)	-1.74551797116	0.0018018018018	0.0265876285057	TRIB1;TRIB3;WARS1;TRIM27;CEACAM1;YWHAG;REXO2;HNRNPU;CHORDC1;CEP85;GSKIP;DNAJA3;DBNDD2;PPIA;TAF7;HSPB1;ITGB1BP1
SoravsNC	GO_Biological_Process_2025	Negative Regulation of Programmed Cell Death (GO:0043069)	-1.69081443548	0	0.0429426749857	SLC7A11;IER3;KRT18;XBP1;THBS1;ASNS;SQSTM1;TCIM;MYC;MCL1;NFE2L2;HSPA5;HSPA9;PA2G4;PIM3;ARHGDIA;BCL2L1;SHC1;SRC;ATAD3A;GCLC;HMGA2;NAA15;CBX4;MYDGF;PLK3;NQO1;TXNDC5;NME2;HAX1;ARF4;SH3RF1;NIBAN2;PSMC5;NPM1;DNAJC3;PTMA;NFKB1;LONP1;FOXO1;PRKDC;API5;YME1L1;TIGAR;TJP1;TFRC;XIAP;MAP4K4;FLNA;AKT1;PDCD10;ATF5;VHL;HDAC2;RHBDD1;WFS1;DHRS2;SOCS3;SPHK1;CBL;DDX3X;PPIF;DNAJA1;PPT1;TAX1BP1;PLK1;DNAJA3;AXL;HSPD1;SERPINB9;NUP62;CIAPIN1;TAF9;NUAK2;CTNNB1;SMG9;ANP32B;SHH;CIB1;MTDH;MDM2;SPRY2;YWHAZ;HNRNPK;BAG1;CTSH;WDR73;AIFM2;SMAD6;SUPV3L1;VPS72;AVEN
SoravsNC	GO_Biological_Process_2025	Negative Regulation of Protein Kinase Activity (GO:0006469)	-1.71134626513	0.00533807829181	0.0367153735537	TRIB1;TRIB3;WARS1;GADD45A;TRIM27;CEACAM1;YWHAG;REXO2;MACROH2A1;CHORDC1;NPM1;LRP6;HYAL2;CEP85;GSKIP;DNAJA3;AKT1S1;DBNDD2;PPIA;TAF7
SoravsNC	GO_Biological_Process_2025	Negative Regulation of Protein Ubiquitination (GO:0031397)	-1.68096312903	0.00535714285714	0.0453191110569	SQSTM1;GNL3L;GTPBP4;BAG2;ARRB1;CHORDC1;CRY1;PRMT3;U2AF2;NXN;AKT1;PINX1;DNAJA1;PER2;SPRY2;PARK7
SoravsNC	GO_Biological_Process_2025	Negative Regulation of SMAD Protein Signal Transduction (GO:0060392)	-1.73169615345	0.00567107750473	0.0300748808517	GDF15;XBP1;TGFBR3
SoravsNC	GO_Biological_Process_2025	Negative Regulation of mRNA Catabolic Process (GO:1902373)	-1.73369257491	0	0.0300615190495	HNRNPAB;SYNCRIP;RBM24;HNRNPU;FUS;LARP1;ELAVL1;NOCT;HNRNPD;E2F1;DHX9;YBX1;IGF2BP1;DHX34
SoravsNC	GO_Biological_Process_2025	Neutral Amino Acid Transport (GO:0015804)	-1.7736484445	0.00361010830325	0.0212813968997	SLC7A11;SLC1A5;SLC38A1;SLC6A14;SLC1A4;SLC38A2;SLC7A6;SLC3A2;SLC43A2;SLC38A5;SLC6A6
SoravsNC	GO_Biological_Process_2025	Nicotinamide Nucleotide Metabolic Process (GO:0046496)	1.75539681682	0.004662004662	0.0427769372101	PKLR;PGM1;ENO3;IDH2;ALDOC;PFKL;QPRT;TPI1;GAPDH;PROC;HOOK2;LDHA;MDH1;PGK1;NADK2;ENO2;NUDT13;IDH1;HOOK3;PFKFB1;ENO1;NMRK1
SoravsNC	GO_Biological_Process_2025	Nuclear Export (GO:0051168)	-1.96032544065	0	0.00215235300328	XPO6;TGFB1;NUP155;NUP153;XPO5;DDX39A;RAN;XPO4;DESI2;RANGAP1;CHORDC1;CALR;NUP188;CSE1L;NUP98;ALYREF;XPO1;RANBP3;NUTF2;NUP62;LSG1;SMURF1;POM121C;PKD1;POM121;UBE2I;NUP42
SoravsNC	GO_Biological_Process_2025	Nuclear Transport (GO:0051169)	-1.89233274153	0	0.00465911750942	NUP155;NUP153;NUP50;SEH1L;NPM1;NUP93;NUP188;NUP98;NUP205;XPO1;NUP35;NUP88;NUP58;AHCTF1;NUP43;NUP62;NUP37;ANP32A;POM121;SEC13;NUP42;NUP54
SoravsNC	GO_Biological_Process_2025	Nucleic Acid Catabolic Process (GO:0141188)	-1.76302130758	0	0.0235646672274	RNASEH1;PNPT1;EXOSC6;EXOSC2;REXO4;HNRNPD;EXOSC5;RNASEH2B;EXOSC8;XRN2;PPP1R8;EXOSC3;EXOSC10;EXOSC4;NCBP1;MTREX;PABPC4;MUS81;SUPV3L1;DIS3;SETMAR;EXOSC7;DFFB;EXOSC1;EXOSC9
SoravsNC	GO_Biological_Process_2025	Nucleocytoplasmic Transport (GO:0006913)	-1.91917070861	0	0.00314675317501	NUP155;NUP153;NUP50;SEH1L;RANGAP1;NPM1;NUP93;NUP188;NUP98;NUP205;XPO1;NUP35;NUP88;NUP58;AHCTF1;NUP43;NUP62;NUP37;LSG1;ANP32A;POM121;SEC13;UBE2I;NUP42;NUP54
SoravsNC	GO_Biological_Process_2025	Positive Regulation of Cell Projection Organization (GO:0031346)	1.72113264025	0	0.0475672000126	PLXNB1;RELN;FZD4;PTK7;APOE;PLXNB2;DMD;OBSL1;SS18L1;SERPINI1;CUL7;TWF2;RAPGEF1;DDR1;NEDD9;DAB2IP;CDKL5;CBFA2T2;ARHGAP35;PLXNC1;DVL3;CX3CL1;PTK2B;MDK;FBXW8;MAP3K13;CUX1;CAMK1;CAPRIN2;RAP1A;NRDC;FBXO38;ROBO1
SoravsNC	GO_Biological_Process_2025	Positive Regulation of Cell-Cell Adhesion (GO:0022409)	1.79823492226	0	0.0391809515982	FGB;FGA;SERPINF2;FGG;CITED2;AFDN;PTPRU;PLPP3;CX3CL1;FLOT1;MDK;FSTL3
SoravsNC	GO_Biological_Process_2025	Positive Regulation of Cholesterol Efflux (GO:0010875)	1.73036791284	0	0.048286835603	APOA1;CES1;ABCA7;RXRA;APOE
SoravsNC	GO_Biological_Process_2025	Positive Regulation of Cholesterol Transport (GO:0032376)	1.78099629794	0	0.0409167745568	APOA1;CES1;ABCA7;RXRA;APOE;ABCA5
SoravsNC	GO_Biological_Process_2025	Positive Regulation of DNA Biosynthetic Process (GO:2000573)	-1.93809666644	0	0.00224903079776	DKC1;TCP1;CCT6A;CCT2;CCT5;CCT4;CCT3;CCT7;HSP90AA1;CCT8;PTGES3;PDGFRB;RFC3;HNRNPD;CHTF8;PARN;NAF1;USP1;CTNNB1;RFC4;PCNA;RGCC;WRAP53;RFC2;DSCC1
SoravsNC	GO_Biological_Process_2025	Positive Regulation of ERAD Pathway (GO:1904294)	-1.77639596488	0.00555555555556	0.0209836908065	XBP1;NFE2L2;BCAP31;UBQLN1;SGTA;USP13;HERPUD1;BAG6;TMX1
SoravsNC	GO_Biological_Process_2025	Positive Regulation of Excitatory Postsynaptic Potential (GO:2000463)	1.76776724552	0.00218340611354	0.0431625897386	RELN;NLGN2;STX1B;SHANK3;PRKCZ;PTEN;PTK2B
SoravsNC	GO_Biological_Process_2025	Positive Regulation of Mitotic Cell Cycle (GO:0045931)	-1.83958780706	0.00189753320683	0.0100214166429	ASNS;EIF4EBP1;TTL;KLHL18;EIF4E;CUL3;NKX3-1;SPHK1;MDM2;USP22;HSF1
SoravsNC	GO_Biological_Process_2025	Positive Regulation of Mononuclear Cell Migration (GO:0071677)	-1.8814247539	0	0.00532296562514	CSF1;CCR6;C1QBP;LGALS3;JAM3;CALR;HMGB1;SERPINE1;IL12A;RTN4
SoravsNC	GO_Biological_Process_2025	Positive Regulation of Notch Signaling Pathway (GO:0045747)	-1.75627531022	0	0.0250039306339	JAG1;TSPAN14;SRC;PDCD10;POGLUT1
SoravsNC	GO_Biological_Process_2025	Positive Regulation of Protein Localization to Cell Periphery (GO:1904377)	-1.70583094824	0.00181818181818	0.0387733763055	EPHA2;SQSTM1;SPTBN1;ITGB1;EPB41L2;ARF6;EIF4G1;STX3;LGALS3;EPB41;ZDHHC5;AKT1;RHOG;NKD2;KIF5B;CIB1
SoravsNC	GO_Biological_Process_2025	Positive Regulation of Protein Localization to Nucleus (GO:1900182)	-1.71430032295	0	0.0355919783954	XBP1;SESN2;TCP1;CCT6A;TGFB1;CCT2;BMP4;LIMK2;CCT5;CCT4;CCT3;CCT7;RAN;CCT8;IPO7;HYAL2;TRIM28;TFRC;FLNA;MCRS1;PINX1;PLK1;TERT;EDN1;TCF7L2;NMD3;CREBBP;PARK7
SoravsNC	GO_Biological_Process_2025	Positive Regulation of RNA Metabolic Process (GO:0051254)	-2.01647706378	0	0.000765426447976	WDR43;LIN28B;PNPT1;HEATR1;UTP15;RIOK1;WDR75;NFKB1;ZC3H18;DIMT1;GRSF1;HRAS;TRMT112;NMD3;SUPV3L1
SoravsNC	GO_Biological_Process_2025	Positive Regulation of RNA Splicing (GO:0033120)	-1.72911849654	0.00728597449909	0.0304809821061	PRMT5;ERN1;WDR77;SLC38A2;DAZAP1;TRA2B;NUP98;U2AF2;NCBP1;SETX;RBMXL1;SNW1;DYRK1A;RBM22;TRA2A;HABP4;RBM3
SoravsNC	GO_Biological_Process_2025	Positive Regulation of Response to Endoplasmic Reticulum Stress (GO:1905898)	-1.68943972857	0.0164233576642	0.042872509082	XBP1;NFE2L2;ERN1;BCAP31;UBQLN1;PMAIP1;SGTA;DDIT3;USP13;HERPUD1
SoravsNC	GO_Biological_Process_2025	Positive Regulation of Telomere Maintenance via Telomerase (GO:0032212)	-1.94406595684	0	0.00226970203671	DKC1;TCP1;CCT6A;CCT2;CCT5;CCT4;CCT3;CCT7;HSP90AA1;CCT8;PTGES3;HNRNPD;PARN;NAF1
SoravsNC	GO_Biological_Process_2025	Positive Regulation of Telomere Maintenance via Telomere Lengthening (GO:1904358)	-1.9749974334	0	0.00209783545001	DKC1;TCP1;CCT6A;CCT2;CCT5;CCT4;CCT3;CCT7;HSP90AA1;CCT8;PTGES3;HNRNPD;PARN;HNRNPA2B1;NAF1
SoravsNC	GO_Biological_Process_2025	Positive Regulation of Transcription by RNA Polymerase I (GO:0045943)	-1.81155576883	0	0.0140531816708	MARS1;MYBBP1A;ATF4;WDR43;LYAR;UBTF;DHX33;HEATR1;UTP15;DDX56;PWP1;WDR75;NOL11;BAZ1B;SMARCA4;IPPK
SoravsNC	GO_Biological_Process_2025	Positive Regulation of Translation (GO:0045727)	-1.85023217039	0	0.00890871338061	THBS1;SYNCRIP;YBX3;C1QBP;EIF4A3;NAT10;PRMT1;EIF6;HNRNPU;NPM1;CNBP;LARP1;YTHDF1;METTL3;ELAVL1;LARP4B;SSB;NSUN5;NGRN;PRKDC;HNRNPD;MPV17L2;JMJD4;FASTKD2;DHX9;LARP4;YTHDF2;LARP1B;EIF2B5;YBX1;IGF2BP1;TRMT10C;DDX3X;METTL5;EIF3C;GUF1;TRUB2;STK39;FXR2
SoravsNC	GO_Biological_Process_2025	Positive Regulation of Vascular Associated Smooth Muscle Cell Proliferation (GO:1904707)	-1.84465699741	0.00187617260788	0.00916205367859	XBP1;JUN;ERN1;DNMT1;LDLRAP1;MMP2;MFN2
SoravsNC	GO_Biological_Process_2025	Positive Regulation of mRNA Splicing, via Spliceosome (GO:0048026)	-1.67493062469	0.0131086142322	0.0472669382229	PRMT5;WDR77;DAZAP1;TRA2B;NUP98;NCBP1;RBMXL1;SNW1
SoravsNC	GO_Biological_Process_2025	Positive Regulation of miRNA Metabolic Process (GO:2000630)	-1.94588662658	0	0.00234291823144	EGR1;JUN;MYC;HIF1A;FOSL1;TGFB1;LIN28B;PNPT1;GATA2;GNL3;FOS;NFKB1;SREBF1;SRF;SMARCA4
SoravsNC	GO_Biological_Process_2025	Positive Regulation of miRNA Transcription (GO:1902895)	-1.93586917392	0	0.00234914663613	EGR1;JUN;MYC;HIF1A;FOSL1;TGFB1;GATA2;GNL3;FOS;SREBF1;SRF;SMARCA4
SoravsNC	GO_Biological_Process_2025	Proteasomal Protein Catabolic Process (GO:0010498)	-1.85134464371	0	0.0088975025892	XBP1;NFE2L2;HSPA5;PSMD11;PSMD7;KLHL18;DNAJC10;PSMD1;PRPF19;PSMC4;PSMD2;PSMD12;NR1D1;UBE2S;RNF41;UBQLN1;PSMD14;ARRB1;PSMA5;CSNK1A1;ENC1;KCTD5;PSMC5;PMAIP1;DCAF13;ASB2;CALR;PSMB3;PSMC3;UBE2D3;VCP;FBXO45;WWP1;PSME4;PSMD8;PSMC2;SGTA;DDIT3;UBE2J1;PSMC1;PSMD3;RFFL;PSMB2;PSMA6;ARIH2;ECPAS;KLHL21;KBTBD2;MIDN;TRIM28;FAF2;TOR1A;PSMB1;SOCS4;KEAP1;PSMD13;PSMA4;STT3B;KBTBD8;CUL3;CCDC47;SELENOS;HERPUD1;NPLOC4;KLHL2;VHL;UBE2G2;TRIM71;RHBDD1;PSMA7;WFS1;PSMA3;KCMF1;UBE2G1;PLAA;RNF216;PSMB7;UFD1;RNF34;SEC61B;RNF4;PSMB5;TRIP12;KLHL8;CANX;CTNNB1;UBE2N;SOCS6;UBE2B;DCAF1;UBXN8;ERLEC1;KBTBD6;MDM2;KLHL11;FBXW5;KLHL23;FAM8A1;PSMD6;UBE2D1;KCTD10;PSMB4;SMURF1;GET4;DNAJB12;PELI1;RAD23A;UBE2W;BAG6;DTL;PEX10;SPSB1;AGAP3;TRIM21;AUP1;PSMB6;TRIM26;CLOCK;GAN;ATE1;ZFAND2A;PSMD4;TRIM13;CUL4A;SIAH1;PSMA1;DERL1;EDEM3;EDEM1;MAEA;UBXN2A
SoravsNC	GO_Biological_Process_2025	Protein Exit From Endoplasmic Reticulum (GO:0032527)	-1.70494824249	0.00546448087432	0.0385548136758	VCP;FAF2;SEC16A;SELENOS;HERPUD1;NPLOC4;TMED9;UFD1;SEC61B;SURF4;ERLEC1;AUP1;SEC13;STEEP1;DERL1
SoravsNC	GO_Biological_Process_2025	Protein Export From Nucleus (GO:0006611)	-1.78924918393	0.00185528756957	0.0191759468019	XPO6;TGFB1;XPO5;RAN;XPO4;DESI2;CHORDC1;CALR;CSE1L;XPO1;RANBP3;NUTF2
SoravsNC	GO_Biological_Process_2025	Protein Heterooligomerization (GO:0051291)	-1.68156624004	0.00582524271845	0.0456198920889	FARSB;FARSA;ZNF746;ZNF777;KRT10;GPRIN1;PKD1;MAT2A;TMEM120B;NUDT21
SoravsNC	GO_Biological_Process_2025	Protein Import Into Mitochondrial Matrix (GO:0030150)	-1.8378485955	0	0.00994780035971	TOMM40;TIMM44;TIMM23;GRPEL2;TIMM17A;GRPEL1;TIMM50;TOMM40L;PAM16;TOMM70;TIMM23B;TOMM20;TIMM21
SoravsNC	GO_Biological_Process_2025	Protein Import Into Nucleus (GO:0006606)	-1.88907410046	0	0.00478745894081	IPO4;NUP155;NUP153;KPNB1;NUP50;RAN;KPNA4;TNPO2;NPM1;NUP93;TNPO1;FAM53B;NUP188;E2F3;CSE1L;IPO7;NUP98;TNPO3;HEATR3;STK4;NUP35;NUTF2;NUP88;AKT1;NUP62;AKIRIN2;TERT;IPO11;STK24;POM121C;MAP4K5;POM121;SEC13;SIRT6
SoravsNC	GO_Biological_Process_2025	Protein Insertion Into ER Membrane (GO:0045048)	-1.77893927258	0.00364298724954	0.0205672921484	RAB5IF;NCLN;TRAM2;SEC61A1;SGTA;UBL4A;NOMO2;EMC7;CCDC47;EMC8;NOMO1;MMGT1;GET4;TMEM147;GET3
SoravsNC	GO_Biological_Process_2025	Protein Localization to Nucleus (GO:0034504)	-2.06485885071	0	0.00019844389392	RRS1;IPO4;NUP155;NUP153;KPNB1;RRP7A;NUP50;HEATR1;RAN;HNRNPU;KPNA4;TNPO2;CALR;NPM1;RPF2;NUP93;UTP25;TNPO1;FAM53B;NUP188;E2F3;CSE1L;IPO7;NUP98;TNPO3;HEATR3;STK4;NOL8;TMEM201;TOR1A;NUTF2;NUP88;AKT1;LMNA;TOR1B;PINX1;INTS13;TAF3;PLK1;ZBTB7A;RAP1GDS1;NUP62;NUAK2;YWHAE;AKIRIN2;TERT;MDM2;IPO11;TOR1AIP2;STK24;POM121C;MAP4K5;CHCHD10;SIX1;POM121;LMNB1;SEC13;SIRT6;PAF1;TBRG1;LMNB2
SoravsNC	GO_Biological_Process_2025	Protein Polymerization (GO:0051258)	1.72323112107	0.00472813238771	0.0483016338977	GSN;FGB;FGA;FGG;VIL1;GPX4;COBL
SoravsNC	GO_Biological_Process_2025	Protein Targeting to ER (GO:0045047)	-1.73053002183	0.00727272727273	0.0301216942139	SRPRB;SRPRA;SEC61A1;SGTA;UBL4A;SRP54;SPCS3;SEC61G;SRP72;GET4;SPCS2;SRP68;ZFAND2A;EDEM1;SGTB
SoravsNC	GO_Biological_Process_2025	Protein Targeting to Mitochondrion (GO:0006626)	-1.95921435209	0	0.00211673486848	HSPA4;BCAP31;TOMM40;TIMM44;TIMM23;TOMM34;HSP90AA1;GRPEL2;TIMM17A;TOMM5;MTX2;TIMM13;GRPEL1;TIMM50;AURKAIP1;TOMM40L;HSPD1;TIMM22;TIMM8B;TOMM22;TIMM10;PMPCA;TIMM9;MIPEP;PAM16;TOMM70;DNAJC15;MFN2;TIMM23B;TIMM10B;TOMM20;GDAP1;FIS1;TIMM21;TSPO;CHCHD4;TOMM6;PITRM1
SoravsNC	GO_Biological_Process_2025	Protein Transmembrane Import Into Intracellular Organelle (GO:0044743)	-1.77971896027	0.00542495479204	0.0205712200396	TOMM40;TIMM44;TIMM23;GRPEL2;TIMM17A;GRPEL1;TIMM50;TOMM40L;HSPD1;PAM16;TOMM70;PEX10;DNAJC15;TIMM23B;PEX5;TRIM37;TOMM20;PEX26;TIMM21;CHCHD4
SoravsNC	GO_Biological_Process_2025	Pyridine Nucleotide Catabolic Process (GO:0019364)	1.78969984785	0	0.0407545036012	PKLR;PGM1;ENO3;ALDOC;PFKL;TPI1;GAPDH;HOOK2;LDHA;PGK1;ENO2;NUDT13;HOOK3;PFKFB1;ENO1
SoravsNC	GO_Biological_Process_2025	Pyruvate Metabolic Process (GO:0006090)	1.75813664406	0	0.0424446246273	PKLR;PCK1;PGM1;ENO3;ALDOC;PFKL;LDHD;HOGA1;TPI1;GAPDH;PROC;HOOK2;LDHA;VDAC1;PGK1;ENO2;PDHB;HOOK3;PFKFB1;ENO1
SoravsNC	GO_Biological_Process_2025	RNA Biosynthetic Process (GO:0032774)	-1.78332118862	0	0.0203919940613	DKC1;PRMT5;SYNCRIP;HNRNPF;AEN;RBPMS;HNRNPU;EXOSC6;PTMA;PRPF4;PWP1;TAF13;EXOSC2;REXO4;HNRNPD;EXOSC5;FASTKD2;E2F1;ISG20L2;SMAD1;HOXD3;EXOSC8;POLA1;XRN2;DNTTIP2;PPP5C;NFKBIB;BICD1;EXOSC3;EXOSC10;EXOSC4;TERT;DDX20;TAF1B;SETX;PABPC4;HNRNPK;TAF7;TBPL1;DIS3;HNRNPH3;TFIP11;NUFIP1;EXOSC7;CREBL2;RNPS1;SMN1;DUSP11;POLA2;TBP;HNRNPUL1;EXOSC1;EXOSC9;DHX8;MKRN2;DDX54;ISG20;PRIM2;RNGTT;HNRNPL;SNRNP40;RBM3;SMARCA5;RRAGC;EPC1;MEF2A;TTF2;HELB
SoravsNC	GO_Biological_Process_2025	RNA Catabolic Process (GO:0006401)	-1.72483697404	0	0.0315828502357	ERN1;C1QBP;LIN28B;RNASEH1;PNPT1;EXOSC6;ELAC2;EXOSC2;FEN1;HNRNPD;EXOSC5;RNASEH2B;PARN;YTHDF2;EXOSC8;NSUN4;WDR82;XRN2;PPP1R8;EXOSC3;ZC3H4;EXOSC10;EXOSC4;GRSF1;NCBP1;MTREX;DCP2;PABPC4;SUPV3L1;DIS3;METTL16;EXOSC7;ZFP36;ZC3H12A;DIS3L2;DBR1;TRIR;CNOT10;EXOSC1;LSM6;EXOSC9
SoravsNC	GO_Biological_Process_2025	RNA Export From Nucleus (GO:0006405)	-1.95708285238	0	0.00212618457771	XPOT;SRSF3;NOL6;NUP155;NUP153;EIF4A3;XPO5;DDX39A;RAN;NUP188;NUP98;EIF4E;NXT1;SSB;ALYREF;CHTOP;XPO1;NUP88;HNRNPA2B1;MCM3AP;NUP62;NCBP1;POM121C;SMG7;MAGOHB;THOC5;POM121
SoravsNC	GO_Biological_Process_2025	RNA Metabolic Process (GO:0016070)	-1.88740533427	0	0.00485985046334	MYC;RNASEH1;PNPT1;ATXN2L;TBRG4;XPO5;NIFK;HEATR1;EXOSC6;MYG1;EXOSC2;HNRNPD;WDR74;EXOSC5;RNASEH2B;PARN;METTL2B;EXOSC8;FASTKD1;XRN2;PPP1R8;EXOSC3;EXOSC10;KHSRP;CDK5RAP1;EXOSC4;NCBP1;MTREX;DTD2;METTL2A;PABPC4;SUPV3L1;DIS3;MEPCE;EXOSC7
SoravsNC	GO_Biological_Process_2025	RNA Methylation (GO:0001510)	-1.95493912521	0	0.00217603994022	NSUN2;TRMT61A;SNRPB;FTSJ3;SNRPG;METTL3;FTSJ1;TFB1M;SNRPF;THADA;TFB2M;LCMT2;METTL2B;NSUN4;DIMT1;MRM2;METTL5;METTL1;TYW3;TRMT112;METTL2A;FBL;METTL6;MEPCE;GTPBP3;SNRPD2
SoravsNC	GO_Biological_Process_2025	RNA Modification (GO:0009451)	-2.10882148266	0	0	HNRNPAB;AARS1;NSUN2;SYNCRIP;SARS1;NAT10;MRM1;WDR4;FTSJ3;NOP10;METTL3;FTSJ1;SSB;TRUB1;TFB1M;PARN;LCMT2;NSUN4;MRM2;METTL1;CDK5RAP1;METTL2A;PUS7;METTL6;MEPCE;QTRT1
SoravsNC	GO_Biological_Process_2025	RNA Processing (GO:0006396)	-2.07058179582	0	0.000216484247912	DKC1;NOLC1;NOP2;BYSL;UTP20;NOP58;HNRNPC;NOP56;NSUN2;NOP14;SYNCRIP;NOL6;EBNA1BP2;MRTO4;IMP4;LIN28B;RRP9;DHX15;DDX27;TRMT61A;LYAR;HNRNPR;HNRNPF;PRMT1;SF3A3;SRSF7;EMG1;RRP7A;TBRG4;AEN;PES1;SBDS;SNRPB;TRMT6;UTP15;MRM1;RBPMS;HNRNPU;DCAF13;EXOSC6;SNRPG;SFPQ;MYG1;FUS;ADAT1;PRPF4;METTL3;U2AF2;SSB;SF3B4;EXOSC2;SF3A1;REXO4;NOL8;HNRNPD;USB1;WDR74;EXOSC5;FASTKD2;SNRPF;ISG20L2;DHX16;KARS1;NOC4L;WDR36;DDX10;CCAR2;PARN;SRPK1;SF3B3;HNRNPA2B1;FASTKD5;EXOSC8;CBLL1;ESF1;FASTKD1;CELF1;INTS6;XRN2;DNTTIP2;PELP1;TRMT10C;INTS13;MRM2;METTL5;BICD1;SNRPA1;LSM1;SRSF1;EXOSC3;MRM3;RRP36;EXOSC10;KHSRP;DDX49;EXOSC4;INTS7;DDX20;NCBP1;MTREX;MTPAP;SETX;LAS1L;PABPC4;WTAP;NVL;HNRNPK;RP9;SRSF9;FBL;DIS3;MAGOHB;INTS11;WDR55;TSEN2;GEMIN2;HNRNPH3;RPP30;TFIP11;NUFIP1;METTL16;SNRPD2;EXOSC7
SoravsNC	GO_Biological_Process_2025	RNA Splicing, via Transesterification Reactions With Bulged Adenosine as Nucleophile (GO:0000377)	-1.83045119139	0	0.0106257685017	HNRNPC;SYNCRIP;PRPF19;DHX15;DDX5;EIF4A3;HNRNPR;HNRNPF;SF3A3;GEMIN5;DDX39A;SNRPB;SNU13;TRA2B;HNRNPU;PPIL1;SNRPG;PRPF4;METTL3;DDX46;HNRNPM;U2AF2;SF1;PHF5A;SF3B4;SF3A1;HSPA8;SNRPB2;PLRG1;SNRPF;DHX16;EFTUD2;SF3B3;HNRNPA2B1;SNRPC;BUD31;SART3;SNRPA;SART1;HNRNPA3;TXNL4A;SRSF10;SNRPA1;SRSF1;SF3B5;RBM42;NCBP1;MTREX;HNRNPK;PRPF31;MAGOHB;DHX35;SF3B6;GEMIN7;HNRNPH3;CACTIN;TFIP11;SNRPD2;SNW1;RNPS1;RBM10;USP39;SLU7;DBR1;SF3B2;SF3A2;CWF19L1;LSM6;DHX8;UBL5;BCAS2;CRNKL1;RNF113A;RBM22;SRSF6;SNRNP40;RBMX2;TRA2A;PPIE;PRPF40A;GPKOW;CDC5L;C9ORF78;WDR83
SoravsNC	GO_Biological_Process_2025	RNA Stabilization (GO:0043489)	-1.8378746582	0	0.0101108790541	DKC1;NSUN2;RBM24;RNASEH1;HNRNPU;FUS;LARP1;ELAVL1;NOCT;E2F1;PARN;NAF1;YBX1;METTL1
SoravsNC	GO_Biological_Process_2025	RNA-templated DNA Biosynthetic Process (GO:0006278)	-1.78092450225	0.00189035916824	0.0203719597441	DKC1;POLR1A;HSP90AA1;XRCC5;GAR1;HSP90AB1;NOP10;PTGES3;SLC19A1;TERF2IP;NHP2;PINX1;TERT
SoravsNC	GO_Biological_Process_2025	Regulation of Anoikis (GO:2000209)	-1.76302086683	0.00184501845018	0.0233085295402	MCL1;MYBBP1A;BCL2L1;SRC;ITGB1
SoravsNC	GO_Biological_Process_2025	Regulation of Biomineral Tissue Development (GO:0070167)	-1.68141693403	0.00750469043152	0.0453526982562	CEBPB;TGFB1;ROCK2;ENPP1;TXLNG;HEY1
SoravsNC	GO_Biological_Process_2025	Regulation of Cell-Substrate Adhesion (GO:0010810)	1.78697587951	0.00229885057471	0.0391901124473	PLG;DMTN;FZD4;NPNT;PGAP1;ARL2;PTK2;MINK1;WASHC2C;TBCD;TSC1;PTPRU;CX3CL1
SoravsNC	GO_Biological_Process_2025	Regulation of Cellular Response to Stress (GO:0080135)	-1.87374391751	0	0.00560052767284	NFE2L2;POLR1B;RFWD3;HAPSTR1;SLC38A2;ROCK2;EIF4G1;RUVBL1;INO80;CHORDC1;CRY1;COPS3;KMT5A;NPM1;UCHL5;MANF;BRCA2;MAPKAPK2;CHCHD2;TAF5L;SF3B3;VHL;MCRS1;DNAJC7;DNAJB1;USP1;AJUBA;RAD51;SOX4;SF3B5;CDK9;TAF9;ACTL6A;UBE2N;USP22;DNAJC2;CREBBP;TAF7;CORO2B;AIFM2;HSF1;ATXN7L3;RUVBL2
SoravsNC	GO_Biological_Process_2025	Regulation of Cytoplasmic Translation (GO:2000765)	-1.7927571624	0	0.0183044647751	SYNCRIP;RBM24;YBX3;CPEB4;HNRNPU;CNBP;HNRNPD;DHX9;YBX1;IGF2BP1
SoravsNC	GO_Biological_Process_2025	Regulation of DNA Damage Checkpoint (GO:2000001)	-1.69683270901	0.00189753320683	0.0415999461315	POLR1B;RFWD3;CRY1;BRCA2;CCAR2;RAD51;TELO2;TTI1;BRD4;TTI2;BARD1
SoravsNC	GO_Biological_Process_2025	Regulation of ERAD Pathway (GO:1904292)	-1.74725683585	0.00364298724954	0.0270003964757	XBP1;NFE2L2;BCAP31;UBQLN1;SGTA;USP13;HERPUD1;BAG6;TMX1;USP25;UBXN2A;USP14
SoravsNC	GO_Biological_Process_2025	Regulation of Heterotypic Cell-Cell Adhesion (GO:0034114)	1.85409505148	0	0.019683289665	APOA1;FGB;FGA;FGG
SoravsNC	GO_Biological_Process_2025	Regulation of Hippo Signaling (GO:0035330)	-1.73315322792	0	0.0297236773001	SRC;PPP2CA;VCP;WWC1;STK4;MAP4K4;STRN3;MAP2K3;AJUBA;STRN4;DHDDS;NUAK2;YWHAE;MOB4;STK24;MARK3;DLG5;NF2;SLMAP
SoravsNC	GO_Biological_Process_2025	Regulation of Interleukin-2 Production (GO:0032663)	-1.69485788907	0.0073664825046	0.0416463606548	SPTBN1;PRNP;TRIM27;HDAC7;RUNX1;PDE4D;TANK
SoravsNC	GO_Biological_Process_2025	Regulation of Lipid Metabolic Process (GO:0019216)	1.78955386865	0	0.0393305788001	APOC3;PPARA;ABCA7;PCK1;CIDEB;RARRES2;ID2;RORA;NPC2;APOC2;FGFR4;RORC;APOC1;LACTB;CERS2;RNF213
SoravsNC	GO_Biological_Process_2025	Regulation of Notch Signaling Pathway (GO:0008593)	-1.67975433887	0	0.0453667040753	JAG1;TCIM;TSPAN14;SRC;GATA2;PRAG1;ARRB1;METTL3;HEY1;NLE1;AKT1;PDCD10;YTHDF2;ZBTB7A;POGLUT1;POFUT1
SoravsNC	GO_Biological_Process_2025	Regulation of Protein Metabolic Process (GO:0051246)	-1.71084452127	0	0.0366395189505	LDLR;NOLC1;CSF1;FURIN;TGFB1;PUM3;NAT10;TCOF1;UHRF1;EIF4G1;GEMIN5;ANGPTL8;EIF4E;DUS3L;AKT1;GCN1;FKBP1A;TRAF3;HGS;WFS1;MAPKAPK5;SHH;MTPN;MDM2;EDN1;SNF8;PM20D2;EIF2B4
SoravsNC	GO_Biological_Process_2025	Regulation of Protein Processing (GO:0070613)	-1.74590205122	0.0054844606947	0.026913707514	PRNP;BAG2;RUNX1;ANGPTL8;RHBDD1;SERPINE2;NKD2;CHAC1
SoravsNC	GO_Biological_Process_2025	Regulation of Protein Serine/Threonine Kinase Activity (GO:0071900)	-1.84515872141	0	0.00929949144265	TRIB1;TRIB3;GADD45A;SRC;HMGA2;GTPBP4;CDC37;CDC6;PKMYT1;MACROH2A1;PPP2CA;LRP6;LONP1;CDC25A;CDKN2B;STK4;PDCD10;HGS;CCNK;RALB;CDK5R1;CIB1;SERTAD1;GTF2H1;SNF8
SoravsNC	GO_Biological_Process_2025	Regulation of Ras Protein Signal Transduction (GO:0046578)	-1.68218610643	0.00364298724954	0.0455302962247	SPRY4;SQSTM1;SPRY1;SYDE1;NUP62;SPRY2;LZTR1;MFN2;RASGRF1
SoravsNC	GO_Biological_Process_2025	Regulation of Receptor-Mediated Endocytosis (GO:0048259)	1.80646250793	0	0.0371114325062	APOC3;TF;APOA5;VTN;C3;CLU;ARAP1;APOC2;APOC1
SoravsNC	GO_Biological_Process_2025	Regulation of Telomere Maintenance via Telomerase (GO:0032210)	-2.00552947204	0	0.0011162469033	DKC1;GNL3L;HNRNPC;TCP1;CCT6A;CCT2;CCT5;CCT4;CCT3;CCT7;NAT10;HSP90AA1;HNRNPU;CCT8;PTGES3;HNRNPD;PARN;NAF1;PINX1;EXOSC10;CTNNB1;DCP2
SoravsNC	GO_Biological_Process_2025	Regulation of Translation (GO:0006417)	-1.92734125692	0	0.00287501641435	THBS1;PPP1R15A;SHMT2;NOLC1;EPRS1;EIF4EBP1;IFRD2;OGFOD1;GSPT1;EIF3B;SYNCRIP;EIF1;PUM3;EIF4A3;NAT10;TCOF1;PRMT1;EIF4G1;EIF5B;EIF6;GEMIN5;BZW1;ENC1;EIF4G2;DDX1;SERBP1;BZW2;CALR;CNOT9;NPM1;LARP1;YTHDF1;METTL3;ELAVL1;EIF4E;LARP4B;SSB;ETF1;NSUN5;PRKDC;HNRNPD;MTG2;CAPRIN1;TSFM;MTIF2;DUS3L;DHX9;EIF2B2;LARP4;GCN1;TRIM71;LARP1B;YBX1;IGF2BP1;DDX3X;METTL5;EIF3C;DDX6;EIF5;GUF1;EIF1B;ILF3;MAPKAPK5;STK39;NCBP1;FXR2;MTPN;TRAP1;CSNK2A2;IMPACT;EIF4G3;EIF2B4;SHFL;PUS7;AIFM2;PRKCSH
SoravsNC	GO_Biological_Process_2025	Regulation of Translational Initiation (GO:0006446)	-1.69580773284	0	0.0414116325902	PPP1R15A;EIF4EBP1;EIF3B;EIF1;EIF4G1;ZNF598;EIF5B;BZW1;EIF4G2;DDX1;BZW2;NPM1;DNAJC3;LARP1;YTHDF1;MTIF2;EIF2B2;YTHDF2;EIF2B5;DDX3X;EIF5;PPP1CA;EIF1B;NCBP1;IMPACT;EIF4G3
SoravsNC	GO_Biological_Process_2025	Regulation of mRNA Stability (GO:0043488)	-1.83143039584	0	0.0106976523738	ZFP36L1;RBM24;ROCK2;TBRG4;HNRNPU;SERBP1;NPM1;PDE12;FUS;LARP1;YTHDF1;METTL3;ELAVL1;NOCT;FASTKD2;MAPKAPK2;E2F1;APEX1;YTHDF2;FASTKD5;FASTKD1;CELF1;YBX1;IGF2BP1;KHSRP;FXR2;PCBP4;DCP2;TENT5A;GDNF;METTL16;ZFP36;DHX36;YTHDF3
SoravsNC	GO_Biological_Process_2025	Regulation of miRNA Transcription (GO:1902893)	-1.80676628921	0	0.0150982729291	EGR1;JUN;MYC;HIF1A;FOSL1;TGFB1;BMP4;DDX5;GATA2;GNL3;NFATC3;FOS;SREBF1;SRF;SMARCA4
SoravsNC	GO_Biological_Process_2025	Response to Endoplasmic Reticulum Stress (GO:0034976)	-1.8332459864	0	0.0105113250061	XBP1;THBS1;JUN;TRIB3;CEBPB;HYOU1;PPP1R15A;NFE2L2;ATF3;HSPA5;ATF4;ATP2A2;ERN1;TNFRSF10B;DNAJC10;EIF2S1;BCAP31;UBQLN1;SERP1;ERMP1;CALR;GORASP2;VCP;SGTA;DDIT3;UBE2J1;PPP1R15B;CXCL8;ECPAS;BHLHA15;FAF2;TOR1A;TMEM33;SEC16A;STT3B;TANK;CREB3L2;RASGRF2;CCDC47;SELENOS;BAK1;HERPUD1;NPLOC4;UBE2G2;RHBDD1;WFS1;EIF2B5;UFD1;SEC61B;ANKS4B;CANX;TBL2;ITPR1;UBXN8;ERLEC1;FAM8A1;GET4;DNAJB12;PTPN1;BAG6;TMX1;AUP1;CHAC1;RASGRF1;TRIM13;DERL1;EDEM3;EDEM1
SoravsNC	GO_Biological_Process_2025	Response to Interferon-Beta (GO:0035456)	-1.75764353568	0.00187969924812	0.0249015079789	IFITM3;PNPT1;IFITM2;CALM1;PLSCR1;IKBKE;UBE2G2;OAS1;STAT1
SoravsNC	GO_Biological_Process_2025	Response to Unfolded Protein (GO:0006986)	-1.72760428097	0.00187617260788	0.0309264544334	ERN1;HSPA4;HSPH1;HSP90AA1;SERPINH1;HSPE1;HSP90AB1;DDIT3;HSPA8;STT3B;BAK1;HERPUD1;RHBDD1;TOR1B;DNAJB1;DNAJA1;HSPD1;PTPN1;DAXX;HSF1;DERL1;HSPB1
SoravsNC	GO_Biological_Process_2025	Reverse Cholesterol Transport (GO:0043691)	1.85688151342	0	0.019964543804	APOC3;APOA1;CES1;CLU;APOE;LCAT;LIPC;SCARB1;ABCA5;APOC2;APOA4
SoravsNC	GO_Biological_Process_2025	Ribonucleoprotein Complex Biogenesis (GO:0022613)	-2.40384006147	0	0	BOP1;WDR43;NOP2;NOP16;BYSL;UTP20;NOP58;UTP4;NOP56;NIP7;URB2;NOP14;DHX37;NOL6;RRS1;EBNA1BP2;MRTO4;GTPBP4;IMP4;WDR3;RRP9;PNO1;WDR12;NAT10;AIRIM;WDR46;EMG1;RRP7A;GRWD1;NOC2L;PWP2;PES1;PAK1IP1;HEATR1;UTP15;RSL24D1;SNU13;RCL1;RIOK1;SURF6;NPM1;RPF2;WDR75;UTP11;UTP6;UTP18;LTV1;SDAD1;HEATR3;XPO1;WDR74;ABCF1;WDR36;TBL3;NAF1;BMS1;DIMT1;UTP3;DNTTIP2;NGDN;ZNF622;RPS19BP1;RRP36;EXOSC10;NOL7;RPL26L1;TMA16;CINP;FCF1
SoravsNC	GO_Biological_Process_2025	Ribosomal Large Subunit Assembly (GO:0000027)	-1.67546234957	0.00920810313076	0.0473208236771	NOP2;MDN1;RRS1;DHX30;BRIX1;EIF6;MTG2;FASTKD2;MRM2
SoravsNC	GO_Biological_Process_2025	Ribosomal Large Subunit Biogenesis (GO:0042273)	-2.1720300694	0	0	BOP1;NOP2;NOP16;MDN1;NIP7;RRS1;EBNA1BP2;MAK16;MRTO4;GTPBP4;WDR12;AIRIM;BRIX1;EIF6;NOC2L;PES1;PAK1IP1;RSL24D1;SURF6;NPM1;RPF2;RRP15;SDAD1;HEATR3;WDR74;ZNF622;RPL26L1;TMA16;TRMT112;CINP;LAS1L;NVL;GTF3A;RPF1;LTO1
SoravsNC	GO_Biological_Process_2025	Ribosomal Small Subunit Biogenesis (GO:0042274)	-2.24408775639	0	0	WDR43;UTP20;NOP58;UTP4;NOP56;NOP14;DHX37;NOL6;IMP4;WDR3;RRP9;PNO1;NAT10;WDR46;EMG1;RRP7A;PWP2;HEATR1;UTP15;SNU13;RCL1;RIOK1;SURF6;NPM1;WDR75;UTP11;NOL11;UTP6;UTP18;LTV1;WDR36;TBL3;BMS1;DIMT1;UTP3;DNTTIP2;NGDN;RPS19BP1;RRP36;EXOSC10;SRFBP1;NOL7;TRMT112;FCF1
SoravsNC	GO_Biological_Process_2025	Ribosome Assembly (GO:0042255)	-1.75260340197	0.00176991150442	0.0254949258353	NOP2;MDN1;DHX37;RRS1;C1QBP;EIF5B;BRIX1;EIF6;RRP7A;PWP2;SBDS;NPM1;NGRN;MPV17L2;DDX3X;EIF5;EIF1AX;MTERF3;MRPS2
SoravsNC	GO_Biological_Process_2025	Ribosome Biogenesis (GO:0042254)	-2.54275966055	0	0	BOP1;DKC1;NOLC1;WDR43;NOP2;NOP16;BYSL;UTP20;NOP58;UTP4;NOP56;NIP7;URB2;NOP14;DHX37;NOL6;RRS1;EBNA1BP2;MRTO4;GTPBP4;IMP4;WDR3;RRP9;DDX27;PNO1;WDR12;NAT10;LYAR;AIRIM;WDR46;EIF5B;EMG1;RRP7A;GRWD1;NOC2L;PWP2;PES1;SBDS;PAK1IP1;HEATR1;UTP15;MRM1;RSL24D1;SNU13;RCL1;RIOK1;DCAF13;SURF6;NPM1;RPF2;MYG1;WDR75;UTP11;UTP6;UTP18;LTV1;SDAD1;EXOSC2;HEATR3;NOL8;XPO1;WDR74;ABCF1;EXOSC5;NOC4L;WDR36;DDX10;TBL3;NAF1;ESF1;BMS1;DIMT1;XRN2;UTP3;DNTTIP2;PELP1;NGDN;ZNF622;MRM2;METTL5;RPS19BP1;EIF5;EXOSC3;MRM3;RRP36;EXOSC10;DDX49;EXOSC4;NOL7;MTREX;RPL26L1;TMA16;CINP;LAS1L;FCF1;EIF1AX;NVL;FBL;DIS3;GTF3A;WDR55;AFG2A;CUL4A
SoravsNC	GO_Biological_Process_2025	Secondary Alcohol Biosynthetic Process (GO:1902653)	1.85755775885	0	0.0207768057575	CES1;MSMO1;TM7SF2;DHCR7;INSIG2;HMGCS1;FDFT1;HSD17B7;HMGCR;MVD;ACLY;DHCR24;MVK;NSDHL
SoravsNC	GO_Biological_Process_2025	Secondary Alcohol Metabolic Process (GO:1902652)	1.73012276541	0.00691244239631	0.0474898417313	APOA1;APOA5;SULT2A1;CES1;CYP27A1;IDH2;APOE;LCAT;APOL2;ABCA5;SQLE;APOA4;TSKU;GBA2;NSDHL;SCAP
SoravsNC	GO_Biological_Process_2025	Spliceosomal snRNP Assembly (GO:0000387)	-1.99172243132	0	0.0015039958276	PRMT5;WDR77;PRPF19;GEMIN5;SNRPB;CD2BP2;SNRPG;SNRPF;TSSC4;GEMIN4;SNRPC;SART3;SART1;SRSF10;SRFBP1;DDX20;PRPF31;GEMIN7;GEMIN2;SNRPD2;SMN1
SoravsNC	GO_Biological_Process_2025	Steroid Biosynthetic Process (GO:0006694)	1.74035089687	0.00433839479393	0.04543536864	CYP19A1;MSMO1;PRLR;FDFT1;SQLE;HMGCR;FAXDC2;FDXR;CYP21A2
SoravsNC	GO_Biological_Process_2025	Sterol Biosynthetic Process (GO:0016126)	1.93070981126	0	0.0111579142031	CES1;MSMO1;TM7SF2;DHCR7;INSIG2;HMGCS1;FDFT1;HSD17B7;SQLE;HMGCR;FAXDC2;MVD;ACLY;DHCR24;MVK;NSDHL
SoravsNC	GO_Biological_Process_2025	Sterol Homeostasis (GO:0055092)	1.73633648169	0	0.0466056206444	APOC3;APOA1;APOA5;MTTP;CES1;ABCA2;APOE;ABCG8;LCAT;RORA;HSDL2;EPHX2;ACOX1;LIPC;SCARB1;NPC2;NFE2L1;PCSK9;ABCA5;TMEM97;APOC2;FGFR4;PLA2G12B;EHD1;ABCG5;APOA4
SoravsNC	GO_Biological_Process_2025	Sterol Metabolic Process (GO:0016125)	1.90251380894	0	0.0175277579435	APOA1;APOA5;SULT2A1;CES1;CYP27A1;CYP19A1;MSMO1;APOE;LCAT;APOL2;ABCA5;SQLE;HMGCR;APOA4;CYP4V2;FAXDC2;CYP7A1;TSKU;GBA2;NSDHL;CYP21A2;SCAP;CYP8B1
SoravsNC	GO_Biological_Process_2025	Telomere Maintenance (GO:0000723)	-1.69010132005	0.00520833333333	0.0428986449805	POLR1B;POLR1A;RUVBL1;XRCC5;INO80;UCHL5;PTGES3;PRKDC;TERF2IP;APEX1;MCRS1;RAD51;XRCC3;PPP1CA;ACTL6A;TERT;ERCC4;XRCC6;CDK2;RUVBL2;SMC6;LTO1;BLM;SHLD3;TFPT;HUS1;DCLRE1B;LRIF1;INO80C;INO80D;SLX1A;TERF2;SHLD1;TEP1
SoravsNC	GO_Biological_Process_2025	Telomere Maintenance via Telomerase (GO:0007004)	-1.78092450225	0.00189035916824	0.0203719597441	DKC1;POLR1A;HSP90AA1;XRCC5;GAR1;HSP90AB1;NOP10;PTGES3;SLC19A1;TERF2IP;NHP2;PINX1;TERT
SoravsNC	GO_Biological_Process_2025	Telomere Maintenance via Telomere Lengthening (GO:0010833)	-1.7332664622	0.00188679245283	0.0299397714863	DKC1;POLR1A;HSP90AA1;XRCC5;GAR1;HSP90AB1;NOP10;PTGES3;SLC19A1;TERF2IP;NHP2;PINX1;RAD51;TERT
SoravsNC	GO_Biological_Process_2025	Thioester Metabolic Process (GO:0035383)	1.76254251369	0.00418410041841	0.0411584570511	ACSM2B;ACSM2A;ACSF2;ACOT2;ACSM5;ACSM3;ACSM1;ACOT8
SoravsNC	GO_Biological_Process_2025	Transcription Initiation at RNA Polymerase II Promoter (GO:0006367)	-1.78520453322	0	0.0200733631157	ELOA;NOC2L;MACROH2A1;PRMT3;MED8;ELOC;E2F3;POLR2D;TAF13;MED10;ASH2L;TAF4B;SMARCA4;GTF2E2;POLR2I;MED9;GTF2A2;ATAD2;GTF2H2;TAF3;KDM1B;MED27;CCNH;DR1;CDK9;GTF2F2;TAF9;WDR5;GTF2E1;MED6;TRMT112;MED17;GTF2H1;ERCC3;TAF7;VPS72;USP25;MED22;RBBP5;GDNF;ATAD2B;MED16;TAF2;GTF2F1;E2F2;SMARCD1;TBP;CDK7;GLYR1
SoravsNC	GO_Biological_Process_2025	Transcription by RNA Polymerase II (GO:0006366)	-1.7556488659	0	0.0247434730231	XBP1;ATF4;ADRM1;ELOA;DDX56;LEO1;ELOC;E2F3;POLR2D;NFKB1;NOCT;GMEB2;CBFB;TAF13;SSU72;POLR2L;C5AR1;TAF5L;TAF4B;SUPT16H;EAF1;TRIP13;TFCP2;SCAF8;GTF2E2;TFDP1;CCDC124;POLR2I;GTF2A2;CCNK;XRN2;GTF2H2;POLR2C;ELOF1;TAF3;PIR;MED27;CCNH;SNAPC5;CDK9;GTF2F2;TAF9;NFYA;GTF2E1;NCBP1;SUB1;TAF1A;SETX;MED17;GTF2H1;TRIM24;CDC73;ERCC3;TCEA1;SNAPC1;TAF7;TBPL1;GTF2H3;SNAPC4;PAF1;MED16;SUPT4H1;RREB1;TAF2;GTF2F1;E2F2;MNT;RARA;POLR2K;SUPT6H;TBP;CDK7;CCNT1;NFX1;PPARG;PCID2;NR1H2;NKX3-2;NFAT5;POLR2B;DRAP1
SoravsNC	GO_Biological_Process_2025	Transforming Growth Factor Beta Receptor Signaling Pathway (GO:0007179)	-1.72321287986	0	0.032107888517	GDF15;JUN;TGFBR3;TGFBR2;SRC;ADAM9;ITGB1;FURIN;TGFB1;ITGB5;ID1;BAMBI;FOS;ZYX;LRG1;SMAD1;TGFBRAP1
SoravsNC	GO_Biological_Process_2025	Translation (GO:0006412)	-1.70167733141	0	0.0396732753547	GARS1;MARS1;VARS1;WARS1;EPRS1;FARSB;NARS1;ABCE1;GSPT1;MARS2;IARS1;SARS1;GTPBP2;MRPL3;RRBP1;EIF4G1;ZC3H15;MRPL12;APEH;RSL24D1;RARS1;FTSJ1;MRPS23;ETF1;TUFM;HARS1;EEF2K;ABCF1;FASTKD2;MRPL46;TSFM;MRPL15;EIF5A2;GTPBP1;LARS1;AURKAIP1;MRPL4;RPL22L1;MRPL38;MRPL30;MRPL20;MRPL1;MRPS18B;YARS2;MRPL35;MRPS34;MRPL21;MRPL36;RPS26;MRPS16;GADD45GIP1;MRPS11;MRPL47;RPL26L1;MRPS10;MRPL16;MRPL18;RWDD1;MRPL58;GATC;MRPL14;MRPL52;PABPC4
SoravsNC	GO_Biological_Process_2025	Triglyceride Homeostasis (GO:0070328)	1.74144481569	0.00426439232409	0.0457859237989	APOC3;APOA1;APOA5;MLXIPL;APOE;RORA;LIPC;ANGPTL4;SCARB1;APOC2;PLA2G12B;NR1H4
SoravsNC	GO_Biological_Process_2025	Triglyceride Metabolic Process (GO:0006641)	1.72457644729	0.0067264573991	0.0484188596047	APOC3;APOA5;LPIN3;APOH;DGAT1;PNPLA3;APOE;MOGAT2;LIPC;GPAM;APOC1
SoravsNC	GO_Biological_Process_2025	U2-type Prespliceosome Assembly (GO:1903241)	-1.77428152685	0.00196078431373	0.021210421778	SF3A3;SNRPB;SNRPG;DDX46;PHF5A;SF3B4;SF3A1;SNRPB2;SNRPF;SF3B3;SNRPA1;SF3B5;SF3B6;SNRPD2;SF3B2;SF3A2;DDX42;RBMX2
SoravsNC	GO_Biological_Process_2025	Unsaturated Fatty Acid Metabolic Process (GO:0033559)	1.74382157134	0	0.0455622286464	SCD;CYP4F12;CYP4F3;GSTA1;GPX4;ACAA1;ELOVL2;GSTM2;FADS2;CYP4F2
SoravsNC	GO_Biological_Process_2025	Very Long-Chain Fatty Acid Metabolic Process (GO:0000038)	1.76404455693	0.00226757369615	0.0414894855712	CYP4F12;ACAA1;ACOT2;ACOX1;ACOT1;ELOVL2;ABCD4;CYP4F2;ACOX2;ACSL1
SoravsNC	GO_Biological_Process_2025	Wound Healing, Spreading of Cells (GO:0044319)	-1.6703501176	0.00545454545455	0.0495633469454	ITGB1;CEACAM1;ITGB5;ITGAV;TOR1A;LRG1;FLNA;PDCD10;RHOC
SoravsNC	GO_Biological_Process_2025	Zymogen Activation (GO:0031638)	1.79920216809	0	0.0403157019931	FGB;FGA;HGFAC;FGG;HPR;C1RL;C1R;ZNF160;F12;PGK1
SoravsNC	GO_Biological_Process_2025	acetyl-CoA Metabolic Process (GO:0006084)	1.77515453485	0.00417536534447	0.0415536115149	ACSS2;HMGCS1;DIP2A;HMGCS2;ACACB;MVD;ACLY;MVK;NUDT7;PPCS
SoravsNC	GO_Biological_Process_2025	acyl-CoA Metabolic Process (GO:0006637)	1.96505137882	0	0.00659581135158	ACSM2B;ACSM2A;ACSF2;ACOT2;ACOT1;ACSM5;HMGCS1;HMGCS2;ACACB;ACSM3;ACSM1;SUCLA2;ACOT8;MCEE
SoravsNC	GO_Biological_Process_2025	mRNA Metabolic Process (GO:0016071)	-1.88243486824	0	0.00535798513583	HNRNPAB;ERN1;NSUN2;SYNCRIP;DHX15;RNASEH1;DDX5;TRMT61A;HNRNPR;PNPT1;SF3A3;SRSF7;ATXN2L;TBRG4;TRMT6;SFPQ;MYG1;METTL3;U2AF2;SSB;SF3B4;SF3A1;EXOSC5;IRF3;HNRNPA2B1;YTHDF2;CBLL1;CELF1;TRMT10C;SRSF1;EXOSC3;NCBP1;DCP2;WTAP;SRSF9;GEMIN2;METTL16;ZFP36;USP39;NUDT21;DIS3L2;SF3B2;SF3A2;CNOT10;LSM6;EXOSC9
SoravsNC	GO_Biological_Process_2025	mRNA Processing (GO:0006397)	-1.93160376997	0	0.00278865893034	HNRNPC;ERN1;NSUN2;SYNCRIP;PRPF19;DHX15;DDX5;EIF4A3;TRMT61A;HNRNPR;HNRNPF;SF3A3;SRSF7;GEMIN5;TBRG4;DDX39A;SNRPB;TRMT6;SNU13;TRA2B;HNRNPU;PPIL1;LEO1;SNRPG;SFPQ;MYG1;PRPF4;METTL3;DDX46;HNRNPM;U2AF2;SF1;CSTF2;PHF5A;SF3B4;SF3A1;HSPA8;SNRPB2;PLRG1;SNRPF;DHX16;EFTUD2;SF3B3;HNRNPA2B1;CBLL1;SNRPC;BUD31;CELF1;SART3;SNRPA;SART1;HNRNPA3;TXNL4A;TRMT10C;SRSF10;SNRPA1;SRSF1;SF3B5;RBM42;NCBP1;MTREX;CDC73;WTAP;HNRNPK;PRPF31;SRSF9;MAGOHB;DHX35;SF3B6;GEMIN7;GEMIN2;HNRNPH3;PAF1;CACTIN;TFIP11;METTL16;SNRPD2;SNW1;RNPS1;RBM10;USP39;SLU7;NUDT21;DBR1;SF3B2;CPSF3;SF3A2;CWF19L1;LSM6;DHX8;UBL5;BCAS2;CRNKL1;RNF113A;RBM22;SRSF6;RNGTT;SNRNP40;RBMX2;TRA2A;PRMT9;PPIE;PRPF40A;GPKOW;RPRD1B;CDC5L;C9ORF78;RAMAC;WDR83
SoravsNC	GO_Biological_Process_2025	mRNA Splicing, via Spliceosome (GO:0000398)	-1.96568579919	0	0.00204794098525	PRMT5;HNRNPC;WDR77;SYNCRIP;SRSF3;PRPF19;DHX15;DDX5;EIF4A3;HNRNPR;HNRNPF;SF3A3;SRSF7;GEMIN5;DDX39A;SNRPB;DDX1;SNU13;TRA2B;HNRNPU;PPIL1;PUF60;SNRPG;SFPQ;PRPF4;SDE2;METTL3;DDX46;HNRNPM;U2AF2;SF1;PHF5A;SF3B4;SF3A1;HSPA8;SNRPB2;PLRG1;SNRPF;DHX16;TSSC4;GEMIN4;SRPK1;DHX9;EFTUD2;SF3B3;HNRNPA2B1;SNRPC;BUD31;SART3;SNRPA;SART1;HNRNPA3;TXNL4A;SRSF10;SNRPA1;SRSF1;SF3B5;ILF3;SRFBP1;DDX20;RBM42;NCBP1;MTREX;HNRNPK;PRPF31;SRSF9;MAGOHB;DHX35;SF3B6;GEMIN7;GEMIN2;HNRNPH3;CACTIN;TFIP11;SNRPD2;SNW1;RNPS1;SMN1;RBM10;USP39;SLU7;DBR1;SF3B2;SF3A2;HNRNPUL1;CWF19L1;LSM6;DHX8;QKI;UBL5;BCAS2;CRNKL1;RNF113A;LIN9;RBM22
SoravsNC	GO_Biological_Process_2025	mRNA Stabilization (GO:0048255)	-1.74644683743	0	0.0270161517182	HNRNPC;SYNCRIP;RBM24;YBX3;HNRNPU;FUS;LARP1;ELAVL1;NOCT;HNRNPD;MAPKAPK2;E2F1;RBM38;DHX9;YBX1;IGF2BP1
SoravsNC	GO_Biological_Process_2025	protein-RNA Complex Assembly (GO:0022618)	-1.83039650928	0	0.010467174942	EIF2S2;BOP1;NOP2;EIF3J;PRMT5;MDN1;WDR77;EIF3B;RRS1;PRPF19;HSP90AA1;BRIX1;EIF6;GEMIN5;RRP7A;PWP2;SNRPB;DDX1;XRCC5;PUF60;EIF3I;SNRPG;HSP90AB1;PTGES3;U2AF2;SF1;PRKDC;EIF3M;SNRPF;TSSC4;GEMIN4;EIF3A;SRPK1;DHX9;DENR;NAF1;SNRPC;CELF1;SART3;SART1;TXNL4A;EIF3C;SRSF10;EIF5;SRSF1;SRFBP1;DDX20;NCBP1;SETX;EIF3K;EIF3G;NVL;SRSF9;GEMIN7;GEMIN2;EIF2S3;MRPS7;SNRPD2;SMN1;AGO2
SoravsNC	GO_Biological_Process_2025	rRNA Metabolic Process (GO:0016072)	-2.32781609594	0	0	MYC;MARS1;DKC1;NOLC1;NOP2;BYSL;UTP20;NOP58;NOP56;NOP14;POLR1G;NOL6;EBNA1BP2;MRTO4;IMP4;RRP9;DDX27;LYAR;EMG1;RRP7A;PES1;SBDS;NIFK;HEATR1;UTP15;MRM1;DCAF13;EXOSC6;MYG1;EXOSC2;NOL8;WDR74;EXOSC5;NOC4L;WDR36;DDX10;EXOSC8;ESF1;XRN2;PELP1;MRM2;METTL5;EXOSC3;MRM3;RRP36;EXOSC10;DDX49;EXOSC4;MTREX;LAS1L;NVL;FBL;DIS3;GTF3A;WDR55
SoravsNC	GO_Biological_Process_2025	rRNA Methylation (GO:0031167)	-1.92865062363	0	0.00282782548835	NOP2;EMG1;MRM1;FTSJ3;NSUN5;TFB1M;TFB2M;NSUN4;MRM2;METTL5;MRM3;TRMT112;FBL;FDXACB1;METTL16
SoravsNC	GO_Biological_Process_2025	rRNA Modification (GO:0000154)	-1.94259541744	0	0.00227308460308	DKC1;NAT10;MRM1;FTSJ3;NOP10;TFB1M;TFB2M;NSUN4;NHP2;MRM2;METTL5;TRMT112;FBL
SoravsNC	GO_Biological_Process_2025	rRNA Processing (GO:0006364)	-2.43304284814	0	0	DKC1;NOLC1;NOP2;BYSL;UTP20;NOP58;UTP4;NOP56;NOP14;NOL6;EBNA1BP2;MAK16;MRTO4;IMP4;WDR3;RRP9;TSR1;DDX27;NAT10;LYAR;EIF6;EMG1;RRP7A;PES1;SBDS;UTP15;MRM1;SNU13;RCL1;RIOK1;DCAF13;MYG1;SDE2;NOL11;RRP15;EXOSC2;PRKDC;NOL8;WDR74;TFB1M;EXOSC5;NOC4L;WDR36;DDX10;NOL9;ESF1;SART1;XRN2;PELP1;MRM2;METTL5;EXOSC3;MRM3;RRP36;REXO1;EXOSC10;DDX49;EXOSC4;SRFBP1;NOL7;MTREX;TRMT112;LAS1L;NVL;ERI1;FBL;DIS3;RPF1;WDR55
SoravsNC	GO_Biological_Process_2025	snRNA 3'-End Processing (GO:0034472)	-1.68621749477	0.00763358778626	0.043488768242	EXOSC6;USB1;EXOSC5;TOE1;EXOSC8;INTS6;EXOSC3;EXOSC4;INTS7;EXOSC7;EXOSC9;INTS5
SoravsNC	GO_Biological_Process_2025	tRNA Aminoacylation (GO:0043039)	-1.89473846656	0.00180505415162	0.00465441133011	GARS1;MARS1;VARS1;EPRS1;NARS1;MARS2;IARS1;RARS1;HARS1;LARS1;YARS2
SoravsNC	GO_Biological_Process_2025	tRNA Aminoacylation for Protein Translation (GO:0006418)	-2.23813637663	0	0	GARS1;MARS1;YARS1;VARS1;WARS1;TARS1;CARS1;EPRS1;FARSB;NARS1;MARS2;IARS1;SARS1;FARSA;EARS2;RARS1;HARS1;KARS1;LARS1
SoravsNC	GO_Biological_Process_2025	tRNA Metabolic Process (GO:0006399)	-1.78728568239	0.00186567164179	0.0196227507572	ADAT1;ELAC2;SSB;KARS1;TP53RK;METTL2B;YARS2;DTD2;METTL2A;TSEN2;RPP30;DARS2;DTD1;GTF3C1
SoravsNC	GO_Biological_Process_2025	tRNA Modification (GO:0006400)	-1.94599596609	0	0.00242101550582	YRDC;NSUN2;SARS1;NAT10;TRMT61A;WDR4;PUS1;CTU2;QTRT2;FTSJ1;SSB;TRUB1;DUS1L;THADA;DUS3L;TP53RK;LCMT2;METTL2B;CTU1;METTL1;CDK5RAP1;TYW3;TRMT112;PUSL1;METTL2A;PUS7;METTL6;GTPBP3;QTRT1;ALKBH8
SoravsNC	GO_Biological_Process_2025	tRNA Processing (GO:0008033)	-1.93154393629	0	0.00271715485521	NSUN2;SARS1;DDX1;WDR4;ADAT1;FTSJ1;ELAC2;SSB;TRUB1;KARS1;LCMT2;TRNT1;FAM98A;TRMT10C;RTCB;METTL1;METTL2A;TSEN2;METTL6;RPP30;QTRT1
SoravsNC	KEGG_2021_Human	ABC transporters	1.57401082862	0.0150862068966	0.0385581754928	ABCC6;ABCA7;ABCA1;ABCA2;ABCC3;ABCG8;ABCA5;ABCG5;ABCD4;ABCC2
SoravsNC	KEGG_2021_Human	Alzheimer disease	-1.58125646008	0	0.0425040390246	XBP1;ATF4;CSF1;TNFRSF1A;ATP2A2;PSMD11;ERN1;PSMD7;PSMD1;EIF2S1;PSMC4;PSMD2;TUBA1B;CYCS;PSMD12;WIPI1;PPP3R1;TUBB2A;ADRM1;PSMD14;PSMA5;CSNK1A1;TUBB6;ATG101;CALM1;PSMC5;TUBA1C;PSMB3;PSMC3;PPID;ITPR3;PSMD8;PSMC2;NFKB1;NDUFC2;LRP6;DDIT3;PSMC1;PSMD3;PSMB2;PSMA6;CASP8;PSMB1;PSMD13;PSMA4;IDE;NDUFAB1;CHUK;KLC2;AKT1;NDUFV2;NDUFS5;ATG2A;PSMA7;PSMA3;NDUFB9;PPIF;PSMB7;FZD9;ATG13;ATP5MC1;PSMB5;FADD;TUBB;KLC1;HRAS;CTNNB1;KIF5B;ITPR1;CDK5R1;TUBB3;NRAS;CSNK2A2;PSMD6;PSMB4;VDAC2;FRAT2;RTN4;NAE1;TUBA4A;PSMB6;CASP7;MAP2K1;WNT3;PSMD4;PSMA1;MAP2K2;UQCRFS1;UQCR11;NDUFS6;NDUFV3;CSNK2B;TRAF2;PIK3R4;PSEN2;UQCR10;GSK3B;NDUFA12;ATP5F1E
SoravsNC	KEGG_2021_Human	Aminoacyl-tRNA biosynthesis	-2.25426582893	0	0	GARS1;MARS1;YARS1;VARS1;WARS1;TARS1;CARS1;EPRS1;AARS1;FARSB;NARS1;MARS2;IARS1;SARS1;FARSA;EARS2;RARS1;HARS1;KARS1;LARS1
SoravsNC	KEGG_2021_Human	Amyotrophic lateral sclerosis	-1.96346849216	0	0.000622271187824	XBP1;SQSTM1;HSPA5;ATF4;TNFRSF1A;BCL2L1;PFN1;PSMD11;ERN1;SRSF3;DNAH17;PSMD7;PSMD1;EIF2S1;PSMC4;PSMD2;TUBA1B;CYCS;TOMM40;PSMD12;WIPI1;NUP155;NUP153;PPP3R1;TUBB2A;ADRM1;SRSF7;UBQLN1;PSMD14;ATXN2L;NUP50;PSMA5;TUBB6;SEH1L;ATG101;PSMC5;TUBA1C;PSMB3;NUP93;PSMC3;ITPR3;VCP;NUP188;FUS;PSMD8;PSMC2;NUP98;NDUFC2;DDIT3;NXT1;RAE1;PSMC1;PSMD3;PSMB2;PSMA6;ALYREF;NUP205;MAPK12;PSMB1;PSMD13;PSMA4;NUP35;NDUFAB1;NUP88;RAC1;TANK;KLC2;HNRNPA2B1;NDUFV2;NDUFS5;ATG2A;GPX2;PSMA7;NUP58;PSMA3;MAP2K3;HNRNPA3;NDUFB9;PSMB7;TOMM40L;ATG13;NUP43;ANXA7;ATP5MC1;PSMB5;NUP62;TUBB;KLC1;KIF5B;NCBP1;TUBB3;NUP37;SETX;PSMD6;PSMB4;SIGMAR1;POM121C;TUBA4A;DAXX;CHCHD10;PSMB6;POM121;RAB8A;SEC13;PSMD4;PSMA1;UQCRFS1;DERL1;UQCR11;NDUFS6;RAB1A;NDUFV3;TRAF2;NUP54;PIK3R4;WDR41;UQCR10;NDUFA12;ATP5F1E;SMCR8
SoravsNC	KEGG_2021_Human	Basal transcription factors	-1.72751272254	0	0.0175013771575	TAF13;TAF5L;TAF4B;GTF2E2;GTF2A2;GTF2H2;TAF3;CCNH;GTF2F2;TAF9;GTF2E1;GTF2H1;ERCC3;TAF7;TBPL1;GTF2H3;GTF2H2C;TAF2;GTF2F1;TBP;CDK7
SoravsNC	KEGG_2021_Human	Biosynthesis of unsaturated fatty acids	1.83076484368	0.00212765957447	0.00214033128606	SCD;SCP2;ACAA1;ACOT2;ACOX1;ACOT1;ELOVL2;HSD17B4;FADS2
SoravsNC	KEGG_2021_Human	Butanoate metabolism	2.2008498785	0	0	ACSM2B;ACSM2A;EHHADH;BDH2;ABAT;ACAT2;ACSM5;HMGCS1;HADHA;ACADS;HMGCL;HADH;ECHS1;HMGCS2;BDH1;ALDH5A1;ACSM3;ACSM1;AACS;L2HGDH
SoravsNC	KEGG_2021_Human	Cell cycle	-1.89128282947	0	0.00229894633279	MYC;GADD45A;YWHAB;TGFB1;SFN;YWHAG;CDC6;PKMYT1;CCND1;MCM7;MCM5;MCM6;MCM4;CDC45;E2F3;YWHAH;CDC25A;CDKN2B;PRKDC;ORC6;E2F1;ABL1;ANAPC7;TFDP1;HDAC2;ANAPC1;MAD1L1;CCND3;MCM2;PLK1;CCNH;SMC1A;YWHAE;CCNE1;E2F4;ANAPC13;ORC5;MDM2;YWHAZ;CREBBP;PCNA;CDK4;CDKN1A;CDK2;YWHAQ;CDC20;MCM3;ATR;ANAPC10;ORC4;CDKN2A;GSK3B;E2F2;CDK7
SoravsNC	KEGG_2021_Human	Cholesterol metabolism	1.85364099874	0	0.00182335287549	APOC3;APOA1;APOH;CYP27A1;ABCA1;LIPA;APOE;ABCG8;LCAT;LIPC;ANGPTL4;SCARB1;NPC2;PCSK9;LRP1;APOC2;APOC1;ABCG5;APOA4;CD36;VDAC1;CYP7A1;SORT1
SoravsNC	KEGG_2021_Human	Complement and coagulation cascades	2.45175173233	0	0	FGB;FGA;VTN;SERPINF2;SERPINC1;C2;PLG;FGG;SERPIND1;C3;SERPINA1;F5;C4A;F10;F11;KNG1;CLU;CFI;C1S;C4B;CFB;SERPINA5;ITGB2;CPB2;C8B;C8A;PROC;F7;A2M;C1R;CD46;F12;MASP2;SERPING1;PROS1;F2;C4BPB
SoravsNC	KEGG_2021_Human	Cytosolic DNA-sensing pathway	-1.68421902363	0.0054347826087	0.0217794915738	IKBKG;POLR3E;POLR3K;POLR3D;NFKB1;POLR2L;POLR3B;POLR3G;IKBKE;IRF3;POLR1C;CHUK;POLR3C;NFKBIB;IL18;POLR3H;POLR3F
SoravsNC	KEGG_2021_Human	DNA replication	-1.66704965285	0.00366972477064	0.024175235647	RNASEH1;MCM7;SSBP1;MCM5;MCM6;MCM4;POLE3;RFC3;FEN1;RNASEH2B;POLA1;MCM2;POLE4;RPA2;RFC4;PCNA;POLD2;MCM3;RFC2
SoravsNC	KEGG_2021_Human	Epithelial cell signaling in Helicobacter pylori infection	-1.66407717151	0	0.0240092966635	JUN;SRC;IKBKG;MET;PTPN11;JAM3;ATP6V0B;HBEGF;NFKB1;CSK;CXCL8;MAPK12;ATP6V1E1;TJP1;RAC1;CHUK;ATP6V0A2;MAP3K14;ATP6V1G1;ATP6V1C1
SoravsNC	KEGG_2021_Human	Epstein-Barr virus infection	-1.87070204503	0	0.00237594453533	JUN;MYC;ICAM1;HES1;GADD45A;PSMD11;IKBKG;PSMD7;PSMD1;PSMC4;PSMD2;CYCS;PSMD12;TAP2;ADRM1;PSMD14;CCND1;PSMC5;CALR;PSMC3;OAS3;E2F3;PSMD8;PSMC2;NFKB1;PSMC1;NFKB2;IRAK1;PSMD3;MAPK12;CASP8;E2F1;PSMD13;IKBKE;IRF3;RAC1;CHUK;AKT1;BAK1;TRAF3;HDAC2;CCND3;OAS1;MAP2K3;STAT1;NFKBIB;MAP3K14;FADD;CCNE1;MDM2;PSMD6;USP7;CD58;CDK4;CDKN1A;CDK2
SoravsNC	KEGG_2021_Human	Fat digestion and absorption	2.08315224175	0	0	APOA1;MTTP;ABCA1;DGAT1;MOGAT2;ABCG8;FABP1;ACAT2;SCARB1;PLA2G12B;ABCG5;APOA4;CD36;AGPAT2;PLPP3;MOGAT3;DGAT2
SoravsNC	KEGG_2021_Human	Fatty acid degradation	1.95081908903	0	0.000392911057344	ADH6;ACADSB;ACAA2;ALDH7A1;EHHADH;ECI2;ACAA1;ADH5;ACOX1;ALDH3A2;ACAT2;HADHB;HADHA;ACADM;ACADS;HADH;ECHS1;ALDH1B1;ACSL1;ACADVL;ALDH2;GCDH;ALDH9A1
SoravsNC	KEGG_2021_Human	Fatty acid elongation	1.64441554564	0.00886917960089	0.0209760925841	ACAA2;ACOT2;ACOT1;HADHB;HADHA;HADH;ECHS1;ELOVL2
SoravsNC	KEGG_2021_Human	Glycine, serine and threonine metabolism	1.84940195703	0	0.00187210562617	AGXT;PIPOX;CHDH;ALDH7A1;SARDH;AMT;BHMT;GLDC;GNMT;MAOB;DMGDH;AOC3;GAMT;GLYCTK;MAOA;GRHPR
SoravsNC	KEGG_2021_Human	Glycolysis / Gluconeogenesis	1.96826195537	0	0.000221012469756	ADH6;PKLR;ACSS2;GALM;PCK1;PGM1;ENO3;ALDOC;PFKL;ALDH7A1;ALDH3B1;ADH5;G6PC1;ALDH3A2;TPI1;GAPDH;LDHA;ALDH1B1;PGK1;ALDH2;PGAM1;ENO2;ALDH9A1;PDHB;ALDH3A1;ALDOB;ENO1
SoravsNC	KEGG_2021_Human	Glyoxylate and dicarboxylate metabolism	2.01567021091	0	0	GLUL;AGXT;ACSS2;CAT;AMT;GLDC;HOGA1;ACAT2;MMUT;GLYCTK;AFMID;GRHPR;MDH1;ACO1;PCCA
SoravsNC	KEGG_2021_Human	Histidine metabolism	1.94479748632	0	0.00035361995161	FTCD;ALDH7A1;ALDH3B1;MAOB;ALDH3A2;UROC1;MAOA;ALDH1B1;ALDH2;ALDH9A1;HAL;ALDH3A1;HNMT
SoravsNC	KEGG_2021_Human	Human T-cell leukemia virus 1 infection	-1.63446368676	0.00161812297735	0.0272646968591	EGR1;JUN;MYC;ICAM1;SLC2A1;TGFBR2;ATF4;TNFRSF1A;BCL2L1;FOSL1;TGFB1;IKBKG;PPP3R1;LTBR;RANBP1;CCND1;RAN;NRP1;NFATC3;FOS;CALR;E2F3;NFKB1;NFKB2;CDKN2B;XPO1;SRF;E2F1;RANBP3;ANAPC7;XIAP;CHUK;CREB3L2;AKT1;ANAPC1;MAD1L1;CCND3;ETS2;MAP3K14;CANX;HRAS;TERT;CCNE1;NRAS;CREBBP;VDAC2;CDK4;CDKN1A;CDK2;TBPL1;CDC20;MAP2K1
SoravsNC	KEGG_2021_Human	Huntington disease	-1.61985416978	0	0.030190881423	PSMD11;ERN1;DNAH17;PSMD7;PSMD1;PSMC4;PSMD2;TUBA1B;CYCS;PSMD12;WIPI1;TUBB2A;ADRM1;PSMD14;PSMA5;TUBB6;ATG101;PSMC5;TUBA1C;PSMB3;PSMC3;PSMD8;POLR2D;PSMC2;CLTB;NDUFC2;PSMC1;PSMD3;PSMB2;PSMA6;KCNJ10;CASP8;POLR2L;PSMB1;PSMD13;PSMA4;TAF4B;NDUFAB1;CREB3L2;KLC2;NDUFV2;NDUFS5;ATG2A;HDAC2;RCOR1;GPX2;PSMA7;POLR2I;PSMA3;TFAM;POLR2C;NDUFB9;PPIF;PSMB7;ATG13;ATP5MC1;PSMB5;TUBB;KLC1;KIF5B;ITPR1;TUBB3;PSMD6;CREBBP;PSMB4;VDAC2;TGM2;TUBA4A;CLTA;AP2S1;TBPL1;PSMB6;PSMD4;PSMA1;UQCRFS1;UQCR11;NDUFS6;NDUFV3;TRAF2;PIK3R4;UQCR10;NDUFA12;ATP5F1E;POLR2K
SoravsNC	KEGG_2021_Human	IL-17 signaling pathway	-1.68628441903	0.00184842883549	0.0226264718017	CCL20;JUN;CEBPB;FOSL1;IKBKG;HSP90AA1;TRAF4;FOS;HSP90AB1;ELAVL1;NFKB1;CXCL8;MAPK6;MAPK12;CASP8;IKBKE;CHUK;TRAF3;SRSF1;FADD
SoravsNC	KEGG_2021_Human	Lipid and atherosclerosis	-1.65667051904	0	0.0250959141544	XBP1;JUN;ICAM1;LDLR;NFE2L2;HSPA5;ATF4;TNFRSF1A;BCL2L1;SRC;ERN1;HSPA4;TNFRSF10B;IKBKG;EIF2S1;CYCS;ROCK2;PPP3R1;HSP90AA1;NOS3;NFATC3;CALM1;ARHGEF1;VLDLR;FOS;HSP90AB1;NFKB1;DDIT3;TNFRSF10A;IRAK1;CXCL8;HSPA8;MAPK12;CASP8;IKBKE;IRF3;RAC1;CHUK;TANK;AKT1;TRAF3;RAP1B;MAP2K3;HSPD1;IL18;HRAS;ITPR1;MMP3;NRAS
SoravsNC	KEGG_2021_Human	Lysine degradation	1.84099973892	0	0.00196455528672	PIPOX;ALDH7A1;EHHADH;AASS;PLOD1;SMYD2;PLOD2;ALDH3A2;ACAT2;KMT2E;HADHA;HADH;ECHS1;ALDH1B1;DHTKD1;EZH1;KMT5C;ALDH2;NSD2;ASH1L;SMYD3;GCDH;SETDB1;TMLHE;EHMT2;ALDH9A1
SoravsNC	KEGG_2021_Human	Metabolism of xenobiotics by cytochrome P450	1.69485370373	0	0.0125450887595	SULT2A1;GSTA2;ADH6;GSTA1;ALDH3B1;ADH5;UGT2A3;GSTK1;GSTM2;GSTM4;CYP2D6;GSTA4
SoravsNC	KEGG_2021_Human	N-Glycan biosynthesis	-1.65479511593	0.00732600732601	0.0244782546602	RPN1;MGAT5;MGAT4A;MGAT4B;STT3A;DAD1;ALG1;STT3B;ALG3;MOGS;B4GALT3;DPAGT1;ALG11;FUT8;DPM1;B4GALT2;DOLPP1;DOLK;ALG5;DPM2;ALG2;ALG13
SoravsNC	KEGG_2021_Human	Osteoclast differentiation	-1.6365744351	0.00330578512397	0.0272662481049	JUN;SQSTM1;TGFBR2;CSF1;TNFRSF1A;FOSL1;TGFB1;IKBKG;JUNB;PPP3R1;FOS;NFKB1;NFKB2;MAPK12;FYN;RAC1;CHUK;AKT1;SOCS3;STAT1;MAP3K14
SoravsNC	KEGG_2021_Human	Other glycan degradation	1.78356033757	0.00641025641026	0.00419923692537	HEXD;NEU4;GLB1;NEU1;MANBA;MAN2C1;ENGASE;MAN2B1;FUCA1;GBA2;MAN2B2
SoravsNC	KEGG_2021_Human	PPAR signaling pathway	1.88186158084	0	0.00123766983063	APOC3;APOA1;APOA5;SCD;PPARA;RXRA;CYP27A1;PCK1;EHHADH;SCP2;ACAA1;FABP1;ACOX1;HMGCS1;ANGPTL4;ACADM;AQP7;HMGCS2;SORBS1;FADS2;CD36;DBI;PLIN5;CYP7A1;ACOX2;ACSL1
SoravsNC	KEGG_2021_Human	Parkinson disease	-1.76490818758	0	0.0110572803375	XBP1;NFE2L2;HSPA5;ATF4;BCL2L1;PSMD11;ERN1;PSMD7;PSMD1;EIF2S1;PSMC4;PSMD2;TUBA1B;CYCS;PSMD12;TUBB2A;ADRM1;PSMD14;DUSP1;PSMA5;TUBB6;CALM1;PSMC5;TUBA1C;PSMB3;PSMC3;ITPR3;PSMD8;PSMC2;NDUFC2;DDIT3;UBE2J1;PSMC1;PSMD3;PSMB2;PSMA6;PSMB1;PSMD13;PSMA4;NDUFAB1;KLC2;UBA1;NDUFV2;NDUFS5;UBE2G2;PSMA7;PSMA3;UBE2G1;NDUFB9;PPIF;PSMB7;ADORA2A;ATP5MC1;PSMB5;TUBB;KLC1;KIF5B;ITPR1;TUBB3;TRAP1;PSMD6;PSMB4;VDAC2;PARK7;TUBA4A;UBE2L3;DAXX;PSMB6;MFN2;PSMD4;PSMA1;UQCRFS1;UQCR11;NDUFS6
SoravsNC	KEGG_2021_Human	Pathways of neurodegeneration	-1.69023622215	0	0.0227403514962	XBP1;SQSTM1;HSPA5;ATF4;CSF1;TNFRSF1A;BCL2L1;PRNP;ATP2A2;PSMD11;ERN1;DNAH17;PSMD7;PSMD1;EIF2S1;PSMC4;PSMD2;TUBA1B;CYCS;TOMM40;PSMD12;WIPI1;PPP3R1;TUBB2A;ADRM1;PSMD14;ATXN2L;PSMA5;CSNK1A1;TUBB6;ATG101;CALM1;PSMC5;TUBA1C;PSMB3;PSMC3;PPID;ITPR3;VCP;FUS;PSMD8;PSMC2;NFKB1;NDUFC2;LRP6;DDIT3;UBE2J1;PSMC1;PSMD3;PSMB2;PSMA6;MAPK12;CASP8;PSMB1;PSMD13;PSMA4;NDUFAB1;RAC1;TANK;KLC2;UBA1;BAK1;NDUFV2;NDUFS5;ATG2A;UBE2G2;GPX2;PSMA7;PSMA3;UBE2G1;MAP2K3;NDUFB9;PPIF;PSMB7;TOMM40L;FZD9;ATG13;ATP5MC1;PSMB5;FADD;TUBB;KLC1;HRAS;CTNNB1;KIF5B;ITPR1;CDK5R1;TUBB3;TRAP1;NRAS;CSNK2A2;PSMD6;PSMB4;VDAC2;PARK7;FRAT2;SIGMAR1;TUBA4A;UBE2L3;DAXX;PSMB6;CASP7;MAP2K1;MFN2;WNT3;RAB8A;PSMD4;PSMA1;MAP2K2;UQCRFS1;DERL1;UQCR11;NDUFS6;RAB1A;NDUFV3;CSNK2B;TRAF2;PIK3R4;WDR41;PSEN2;UQCR10;GSK3B;NDUFA12;ATP5F1E;SMCR8
SoravsNC	KEGG_2021_Human	Peroxisome	1.89029004632	0	0.00122406906327	AGXT;PIPOX;ECH1;CAT;PHYH;IDH2;PECR;EHHADH;ECI2;SCP2;ACAA1;CRAT;EPHX2;ACOX1;PEX6;GSTK1;PEX11A;GNPAT;HMGCL;MPV17L;ABCD4;HSD17B4;CROT;ACOX2;ACSL1;DHRS4;MVK
SoravsNC	KEGG_2021_Human	Primary bile acid biosynthesis	1.88742446236	0.00221238938053	0.00113663555875	CYP27A1;SCP2;AKR1D1;HSD17B4;CYP7A1;ACOX2;CYP8B1;ACOT8;HSD3B7
SoravsNC	KEGG_2021_Human	Prion disease	-1.64376619932	0	0.0255255641245	EGR1;HSPA5;ATF4;PRNP;PSMD11;STIP1;PSMD7;PSMD1;EIF2S1;PSMC4;PSMD2;TUBA1B;CYCS;PSMD12;PPP3R1;TUBB2A;ADRM1;PSMD14;PSMA5;TUBB6;PSMC5;TUBA1C;PSMB3;PSMC3;ITPR3;PSMD8;PSMC2;NDUFC2;DDIT3;PSMC1;PSMD3;PSMB2;PSMA6;HSPA8;MAPK12;PSMB1;PSMD13;PSMA4;FYN;NDUFAB1;RAC1;CREB3L2;KLC2;NDUFV2;NDUFS5;PSMA7;PSMA3;NDUFB9;PPIF;PSMB7;ATP5MC1;PSMB5;TUBB;KLC1;KIF5B;ITPR1;TUBB3;CSNK2A2;PSMD6;PSMB4;VDAC2;TUBA4A;PSMB6;PSMD4;PSMA1;UQCRFS1;UQCR11;NDUFS6;NDUFV3;CSNK2B;UQCR10;GSK3B;NDUFA12;ATP5F1E
SoravsNC	KEGG_2021_Human	Propanoate metabolism	2.11637110569	0	0	ALDH6A1;ACSS2;EHHADH;ABAT;ACOX1;ACAT2;MMUT;HADHA;ACADS;ECHS1;ACACB;BCKDHA;LDHA;PCCA;ACSS3;SUCLG1;BCKDHB;SUCLA2;MCEE
SoravsNC	KEGG_2021_Human	Proteasome	-2.27677598541	0	0	PSMD11;PSME3;PSMD7;PSMD1;PSMC4;PSMD2;PSMD12;ADRM1;PSMD14;PSMA5;PSMC5;PSMB3;PSMC3;PSME4;PSMD8;PSMC2;PSMC1;PSMD3;PSMB2;PSMA6;POMP;PSMB1;PSMD13;PSMA4;PSMA7;PSMA3;PSMB7;PSMB5;PSMD6;PSMB4;PSMB6;PSMD4;PSMA1
SoravsNC	KEGG_2021_Human	Protein export	-1.78614256175	0	0.00871179662953	HSPA5;SRPRB;SRPRA;SEC61A1;SRP19;SRP54;SPCS3;SEC61B;SEC61G;SRP72;SPCS2;SRP68;SEC11C
SoravsNC	KEGG_2021_Human	Protein processing in endoplasmic reticulum	-2.00966978132	0	0.000181495763115	XBP1;HYOU1;PPP1R15A;NFE2L2;HSPA5;ATF4;ERN1;PREB;RPN1;DNAJB11;HSPH1;DNAJC10;UGGT1;EIF2S1;BCAP31;TXNDC5;RRBP1;HSP90AA1;BAG2;UBQLN1;SSR3;SEC23B;SEC61A1;CALR;DNAJC3;UBE2D3;VCP;HSP90AB1;DDIT3;UBE2J1;DNAJA2;CKAP4;HSPA8;STT3A;DAD1;STT3B;MOGS;SELENOS;BAK1;HERPUD1;NPLOC4;UBE2G2;WFS1;DNAJB1;UBE2G1;SSR1;PLAA;HSPBP1;UFD1;DNAJA1;SEC61B;CANX;SEC61G;UBXN8;ERLEC1;UBE2D1;UBE2D2;DNAJB12;BAG1;RAD23A;PRKCSH;SEC13;DERL1;SSR2;EDEM3;EDEM1;SIL1;UBXN2A
SoravsNC	KEGG_2021_Human	Pyruvate metabolism	1.93216975973	0	0.000321472683282	ADH6;PKLR;ACSS2;PCK1;ALDH7A1;ADH5;LDHD;ALDH3A2;ACAT2;HAGH;ACACB;LDHA;GRHPR;MDH1;ALDH1B1;ALDH2;PC;ALDH9A1;PDHB
SoravsNC	KEGG_2021_Human	RNA polymerase	-1.9272498142	0	0.00136121822336	POLR1B;POLR1A;POLR3E;POLR3K;POLR3D;POLR2D;POLR1E;POLR2L;POLR3B;POLR1F;POLR3G;POLR1C;POLR3C;POLR2I;POLR2C;POLR3H;POLR3F
SoravsNC	KEGG_2021_Human	RNA transport	-2.18714694641	0	0	EIF2S2;XPOT;EIF4A1;EIF4EBP1;EIF3J;PRMT5;EIF3B;EIF1;EIF2S1;NUP155;NUP153;EIF4A3;EIF4G1;KPNB1;EIF5B;GEMIN5;XPO5;NUP50;RAN;SEH1L;STRAP;EIF4G2;RANGAP1;NUP93;EIF3I;NUP188;FUS;POP1;NUP98;ELAC2;EIF4E;NXT1;RAE1;EIF2B3;SMN2;ALYREF;NUP205;XPO1;NUP35;GEMIN4;EIF3A;DDX19A;NUP88;EIF2B2;TGS1;TRNT1;NUP58;EIF2B5;EIF3C;EIF5;NUP43;NUP62;EIF1B;DDX20;NCBP1;RPP40;FXR2;NUP37;MAGOH;EIF3G;NMD3;EIF1AX;EIF4G3;POP5;PABPC4;EIF2B4;POM121C;RPP14;MAGOHB;THOC5;POM121;GEMIN7;GEMIN2;SEC13;RPP38;RPP30;UBE2I;SNUPN;EIF2S3;NUP42;RNPS1;SMN1;EIF2B1;NUP54
SoravsNC	KEGG_2021_Human	Rheumatoid arthritis	-1.69447460876	0.0018691588785	0.0227323443302	CCL20;JUN;ICAM1;CSF1;TGFB1;IL11;ATP6V0B;FOS;CXCL8;ATP6V1E1;ATP6V0A2;ATP6V1G1;IL18;ATP6V1C1;MMP3;ATP6V1H
SoravsNC	KEGG_2021_Human	Ribosome biogenesis in eukaryotes	-2.44482931642	0	0	DKC1;WDR43;GNL3L;NOP58;UTP4;MDN1;NOP56;NOL6;GTPBP4;IMP4;WDR3;NAT10;TCOF1;GNL3;GNL2;EIF6;EMG1;RRP7A;REXO2;PWP2;SBDS;HEATR1;RAN;UTP14A;UTP15;SNU13;RCL1;RIOK1;GAR1;NOP10;POP1;WDR75;NXT1;UTP6;UTP18;XPO1;WDR36;TBL3;NHP2;BMS1;XRN2;RBM28;REXO1;RPP40;LSG1;AK6;CSNK2A2;FCF1;NMD3;POP5;NVL;FBL;DROSHA;RPP38;RPP30
SoravsNC	KEGG_2021_Human	Spinocerebellar ataxia	-1.88538714611	0	0.00217794915738	XBP1;ATP2A2;PSMD11;ERN1;NOP56;PSMD7;PSMD1;PSMC4;PSMD2;CYCS;PSMD12;WIPI1;ADRM1;TWNK;PSMD14;ATXN2L;PSMA5;ATG101;PSMC5;VLDLR;PSMB3;PSMC3;ITPR3;PSMD8;PSMC2;AFG3L2;PSMC1;PSMD3;PSMB2;PSMA6;PSMB1;PSMD13;PSMA4;AKT1;ATG2A;PSMA7;PSMA3;PPIF;PSMB7;ATG13;PSMB5;NFYA;ITPR1;PSMD6;PSMB4;VDAC2;TBPL1;PSMB6;PSMD4;PSMA1
SoravsNC	KEGG_2021_Human	Spliceosome	-2.1371677813	0	0	HNRNPC;SRSF3;PRPF19;DHX15;DDX5;EIF4A3;SF3A3;SRSF7;SNRPB;SNRPD1;SNU13;TRA2B;HNRNPU;PPIL1;PUF60;SNRPG;FUS;PRPF4;DDX46;HNRNPM;U2AF2;PHF5A;SF3B4;ALYREF;SF3A1;HSPA8;SNRPB2;PLRG1;SNRPF;SRSF2;DHX16;EFTUD2;SF3B3;SNRPC;BUD31;SNRPA;SART1;HNRNPA3;TXNL4A;PCBP1;SRSF10;SNRPA1;SRSF1;SF3B5;NCBP1;MAGOH;HNRNPK;WBP11;PRPF31;RP9;SRSF9;MAGOHB;RBMXL1;SF3B6;SRSF8;SNRPD2;SNW1;U2SURP;SMNDC1;USP39;SLU7;PRPF38B;SF3B2;SF3A2;LSM6;DHX8;BCAS2;CRNKL1;RBM22;THOC3;DDX42;SRSF6;SNRNP40;TRA2A;PPIE
SoravsNC	KEGG_2021_Human	Steroid biosynthesis	1.61705316859	0.0170212765957	0.0284817808851	LSS;LIPA;MSMO1;TM7SF2;DHCR7;FDFT1;HSD17B7;SQLE;SC5D;DHCR24;NSDHL;EBP
SoravsNC	KEGG_2021_Human	TGF-beta signaling pathway	-1.61202659776	0.00348432055749	0.0315802627821	THBS1;MYC;FST;TGFBR2;TGFB1;BMP4;INHBE;ID3;ID1;BAMBI;PPP2CA;CDKN2B;TGIF1;SMAD1;TFDP1;PPP2CB;INHBB;E2F4;ACVR2A;ACVR1;CREBBP;RGMB;SMURF1;SMAD6
SoravsNC	KEGG_2021_Human	TNF signaling pathway	-1.72444738029	0	0.0169154051223	CCL20;JAG1;JUN;ICAM1;CEBPB;ATF4;CSF1;TNFRSF1A;PGAM5;IKBKG;JUNB;LIF;FOS;NFKB1;RPS6KA4;MAPK12;CASP8;CHUK;CREB3L2;AKT1;TRAF3;SOCS3;MAP2K3;MAP3K14;FADD;MMP3;EDN1
SoravsNC	KEGG_2021_Human	Transcriptional misregulation in cancer	-1.58935322452	0.00173010380623	0.0403271876238	DUSP6;MYC;CEBPB;TGFBR2;ETV4;GADD45A;ETV5;BCL2L1;HMGA2;DDX5;MET;RUNX1;FUS;NFKB1;EWSR1;DDIT3;CXCL8;FOXO1;TFE3;SMAD1;BAK1;HDAC2;H3-3B;FUT8;MAX;PER2;CDK9;MLLT1;PDGFA;MMP3;MDM2;PRCC
SoravsNC	KEGG_2021_Human	Tryptophan metabolism	2.27397554987	0	0	CAT;ALDH7A1;EHHADH;HAAO;MAOB;ALDH3A2;KYAT1;ACAT2;HADHA;HADH;ECHS1;DDC;MAOA;AFMID;ALDH1B1;DHTKD1;ALDH8A1;ALDH2;AOX1;GCDH;ALDH9A1
SoravsNC	KEGG_2021_Human	Tyrosine metabolism	1.61619859228	0.0172413793103	0.027479217073	ADH6;ALDH3B1;ADH5;MAOB;AOC3;HPD;DDC;MIF;MAOA;DBH;HGD;AOX1;GSTZ1;ALDH3A1
SoravsNC	KEGG_2021_Human	Valine, leucine and isoleucine degradation	2.23227363516	0	0	ALDH6A1;ACADSB;ACAA2;ALDH7A1;EHHADH;ACAA1;ABAT;ALDH3A2;ACAT2;HADHB;HMGCS1;MMUT;HADHA;ACADM;ACADS;HMGCL;HADH;ECHS1;HMGCS2;BCKDHA;MCCC1;PCCA;ALDH1B1;AUH;ALDH2;AOX1;ALDH9A1;BCKDHB;BCAT2;AACS;MCEE
SoravsNC	KEGG_2021_Human	Viral protein interaction with cytokine and cytokine receptor	-1.63078465545	0.00747663551402	0.0272632564165	CCL20;CSF1;TNFRSF1A;CCR6;TNFRSF10B;LTBR;TNFRSF10A;CXCL8
SoravsNC	KEGG_2021_Human	alpha-Linolenic acid metabolism	1.58444128609	0.0125523012552	0.0361045970594	ACAA1;ACOX1;PLA2G12B;FADS2;PLA2G6;PLA2G4B;ACOX3;PLA2G1B;JMJD7-PLA2G4B;PLAAT3
SoravsNC	KEGG_2021_Human	beta-Alanine metabolism	1.89293870717	0	0.00117873317203	ALDH6A1;ALDH7A1;EHHADH;ALDH3B1;ABAT;ACOX1;DPYS;ALDH3A2;AOC3;HADHA;ACADS;ECHS1;DPYD;ALDH1B1;ALDH2;ALDH9A1
SoravsNC	KEGG_2021_Human	mRNA surveillance pathway	-1.65351016334	0	0.0240481886128	PPP2R2C;GSPT1;EIF4A3;PELO;DAZAP1;PPP2CA;FUS;NXT1;ETF1;PPP2R2A;CSTF2;ALYREF;SSU72;PPP2R5E;CPSF2;DDX19A;WDR82;PPP2CB;PPP1CA;NCBP1;MAGOH;PPP2R5A;SYMPK;PABPC4;SMG7;MAGOHB;CLP1;RNPS1;SMG1;UPF2;NUDT21
SoravsNC	MSigDB_Hallmark_2020	Adipogenesis	1.6643787061	0	0.00521247544675	C3;ECH1;CAT;ACAA2;ABCA1;PHYH;LIFR;PGM1;FZD4;PFKL;CYC1;DGAT1;GBE1;APOE;GPX4;GPX3;SCP2;DHCR7;CRAT;CCNG2;REEP6;ETFB;BCL6;AGPAT3;EPHX2;ACOX1;PFKFB3;PDCD4;GPAM;ANGPTL4;SCARB1;SLC25A1;ACADM;POR;ACADS;HADH;ECHS1;PRDX3;SORBS1;DECR1;BCKDHA;CMBL;MCCC1;CD36;MYLK;SAMM50;VEGFB;LPCAT3;ITGA7;STAT5A;ACLY;ADCY6;MTARC2;CDKN2C;ALDH2
SoravsNC	MSigDB_Hallmark_2020	Allograft Rejection	-1.6412039633	0.00172117039587	0.00496763510462	ICAM1;WARS1;BCAT1;NME1;CSF1;HIF1A;EIF5A;AARS1;EIF3J;ABCE1;IL4R;TIMP1;TGFB1;MRPL3;TAP2;LIF;IL11;NPM1;RARS1;CSK;MTIF2;EIF3A;FLNA;AKT1;CCND3;STAT1;DEGS1;RIPK2;IL18;INHBB;UBE2N;ZAP70;ACVR2A;UBE2D1;IL12A;EIF4G3
SoravsNC	MSigDB_Hallmark_2020	Androgen Response	-1.36576578643	0.0336283185841	0.0476319222714	ACSL3;KRT8;PA2G4;RRP12;FKBP5;SLC38A2;H1-0;KRT19;GSR;ADRM1;CCND1;XRCC5;AKAP12;UBE2J1;ACTN1;ITGAV;VAPA;SAT1;SRF;SRP19;AKT1;GPD1L;CCND3;NKX3-1;SPCS3;PTPN21;STK39
SoravsNC	MSigDB_Hallmark_2020	Angiogenesis	-1.38519737293	0.0710382513661	0.0428468431352	JAG1;SPP1;TNFRSF21;FGFR1;TIMP1;NRP1;ITGAV
SoravsNC	MSigDB_Hallmark_2020	Apical Surface	1.4861862728	0.0284463894967	0.0138456379054	PCSK9;ATP8B1;EPHB4;ADAM10;CX3CL1;SLC34A3;CRYBG1;TMEM8B;SULF2;GSTM3;FLOT2;B4GALT1;CROCC
SoravsNC	MSigDB_Hallmark_2020	Apoptosis	-1.61039913705	0	0.00631225814046	IER3;KRT18;JUN;SQSTM1;RHOB;TGFBR3;MCL1;ATF3;SLC20A1;GADD45A;IFITM3;BCL2L1;TNFRSF12A;TIMP1;CTH;BCAP31;H1-0;PPP3R1;GSR;LGALS3;CCND1;PMAIP1;DNAJC3;PDGFRB;DDIT3;ETF1;SAT1;CASP8;TXNIP;XIAP;PEA15;DAP3;LMNA;DNAJA1;PPT1;IL18;CTNNB1;IGFBP6;DFFA;CREBBP;VDAC2;IGF2R;CDKN1A;MMP2;CDK2
SoravsNC	MSigDB_Hallmark_2020	Bile Acid Metabolism	2.13679954616	0	0	APOA1;AGXT;PIPOX;SERPINA6;DIO1;CAT;RXRA;CYP27A1;ABCA1;PHYH;ABCA2;IDH2;PECR;SLC23A1;SCP2;AKR1D1;GNMT;ABCG8;ALDH1A1;EPHX2;PEX6;OPTN;GSTK1;ABCA5;PEX11A;GNPAT;NR1H4;HSD17B4;FADS2;IDI1;CROT;CYP7A1;LONP2;ALDH8A1;ACSL1;DHCR24;FDXR
SoravsNC	MSigDB_Hallmark_2020	Cholesterol Homeostasis	1.61032815111	0.00659340659341	0.00639924441007	SCD;ACSS2;ECH1;LSS;ABCA2;ALDOC;CLU;TM7SF2;DHCR7;GLDC;PDK3;SREBF2;ACAT2;HMGCS1;TP53INP1;ALCAM;FDFT1;TMEM97;FDPS;HSD17B7;SQLE;GSTM2;STARD4;HMGCR;PNRC1;FADS2;MVD;SC5D;IDI1;FBXO6;MVK;PCYT2;NSDHL;ANXA13
SoravsNC	MSigDB_Hallmark_2020	Coagulation	2.15054205273	0	0	APOC3;TF;GSN;APOA1;MST1;FGA;SERPINC1;HPN;C2;TIMP3;PLG;FGG;ITIH1;C3;SERPINA1;F10;RGN;TMPRSS6;F11;MMP11;CLU;CFI;HNF4A;C1S;S100A1;CFB;CPB2;C8B;LRP1;APOC2;HMGCS2;C8A;APOC1;LTA4H;CPN1;PROC;A2M;C1R;ISCU;F12;CPQ;MASP2;SIRT2;SERPING1;CTSB;PROS1;ACOX2;F2;SPARC;FBN1
SoravsNC	MSigDB_Hallmark_2020	E2F Targets	-1.9987189464	0	0	MTHFD2;MYC;NME1;NOLC1;PA2G4;RRM2;HMGA1;NOP56;GSPT1;SYNCRIP;ASF1A;EIF2S1;NUP153;LYAR;UBE2S;RANBP1;CTPS1;TBRG4;DDX39A;MCM7;H2AZ1;SNRPB;MCM5;RAN;TRA2B;MCM6;DNMT1;CNOT9;MCM4;CSE1L;IPO7;PRPS1;HELLS;CDC25A;DCTPP1;PHF5A;PRKDC;NUP205;XPO1;RFC3;HNRNPD;ORC6;PSMC3IP;BRCA2;SRSF2;TFRC;TUBG1;TRIP13;TMPO;MYBL2;EXOSC8;GINS3;PRDX4;MCM2;ATAD2;PAICS;SSRP1;USP1;CTCF;PPP1R8;PLK1;SRSF1;TIPIN;POLE4;RAD1;SMC1A;TK1;TUBB;ILF3;SLBP;MMS22L;CCNE1;RPA2;XRCC6;PCNA;CDK4;CDKN1A;GINS4;CENPM;TCF19;NBN;POLD2;CDC20;MCM3;LMNB1;SMC6;RFC2
SoravsNC	MSigDB_Hallmark_2020	Epithelial Mesenchymal Transition	-1.46489633027	0.00506756756757	0.0223016083829	THBS1;JUN;RHOB;SPP1;TGFBR3;ITGA2;GADD45A;TNFRSF12A;ITGB1;TIMP1;TGFB1;ITGB5;CCN2;PVR;MCM7;SERPINH1;CRLF1;PPIB;CCN1;PLOD3;MATN3;CALU;PDGFRB;NT5E;ITGAV;CXCL8;SAT1
SoravsNC	MSigDB_Hallmark_2020	Estrogen Response Early	-1.46445254543	0.00807754442649	0.0212431764342	KRT18;XBP1;MYC;STC2;SLC2A1;HES1;MYBBP1A;SLC1A4;KRT8;FKBP4;RRP12;KLF10;FKBP5;ABLIM1;SFN;KRT19;RBBP8;CCND1;KAZN;PMAIP1;FOS;WWC1;NXT1;SLC7A2;ENDOD1;PDLIM3;GLA;ISG20L2;AQP3;SLC39A6
SoravsNC	MSigDB_Hallmark_2020	Estrogen Response Late	1.5301378211	0	0.0109498182128	PDZK1;IGSF1;SERPINA1;PLXNB1;SORD;CPE;FGFR3;IDH2;IL17RB;SERPINA5;ALDH3B1;ID2;TJP3;DHCR7;ETFB;TOP2A;ANXA9;PRLR;FLNB;ALDH3A2;PDCD4;SCARB1;FDFT1;HMGCS2;DNAJC12;CDH1;LLGL2;FARP1;KIF20A;CKB;RAPGEFL1;ABHD2;BLVRB;HR;DCXR;ADD3;ASS1;ACOX2;IMPA2;TNNC1;PTPN6;AMFR;CLIC3;ST14;AFF1;UNC13B;MDK;ITPK1;GPER1
SoravsNC	MSigDB_Hallmark_2020	Fatty Acid Metabolism	2.06503991543	0	0	GLUL;PPARA;TP53INP2;ECH1;ACAA2;ALAD;ENO3;EHHADH;ECI2;ACAA1;CRAT;REEP6;ACOT2;FABP1;ALDH1A1;HSDL2;ACOX1;ALDH3A2;ACAT2;AOC3;HADHB;HMGCS1;ACADM;AQP7;ACADS;BPHL;HMGCL;HADH;ECHS1;HSD17B7;HMGCS2;MIF;DECR1;MAOA;HSD17B4;LDHA;GRHPR;CD36;MDH1;S100A10;UBE2L6;IDI1;SDHA;PSME1;ACSL1;AUH;PRDX6;ACSM3;DHCR24;ACADVL;D2HGDH;NSDHL;GCDH;ENO2;RETSAT;SUCLG1;ALDH9A1;BCKDHB;SERINC1;PDHB;SUCLA2;SDHC;ACOT8;GSTZ1;IDH1;ALDH3A1;MCEE;CEL;ELOVL5;ETFDH
SoravsNC	MSigDB_Hallmark_2020	G2-M Checkpoint	-2.06429471929	0	0	SLC7A1;SLC38A1;MYC;ODC1;DKC1;NOLC1;NCL;HIF1A;TOP1;HMGA1;PRMT5;GSPT1;SYNCRIP;TGFB1;MT2A;UBE2S;CDC6;KPNB1;CCND1;NUP50;DDX39A;H2AZ1;MCM5;SNRPD1;TRA2B;HNRNPU;UCK2;MCM6;TNPO2;KMT5A;CDC45;SFPQ;E2F3;NUP98;SLC12A2;EWSR1;AMD1;CDC25A;HSPA8;XPO1;HNRNPD;ORC6;BRCA2;E2F1;SRSF2;ABL1;CUL3;TMPO;TFDP1;ATF5;MYBL2;ODF2;MCM2;HIRA;SRSF10;CTCF;PLK1;SRSF1;SMC1A;DR1;ILF3;LIG3;SMARCC1;KIF5B;DTYMK;E2F4;GINS2;ORC5;RPA2;EXO1;RBM14;CDK4;PRC1;CDC20;MCM3;LMNB1
SoravsNC	MSigDB_Hallmark_2020	Hypoxia	1.50380979044	0	0.0127054089015	PKLR;AK4;EFNA1;GALK1;BNIP3L;SDC2;PCK1;GPC3;KDM3A;PGM1;ENO3;ALDOC;NDRG1;PFKL;ANKZF1;FAM162A;CITED2;GBE1;PPP1R3C;P4HA1;CCNG2;PPFIA4;INHA;WSB1;PDK3;PDK1;RORA;PFKFB3;HMOX1;ANGPTL4;SCARB1;KLHL24;P4HA2;SLC25A1;ZNF292;CP;TPI1;NEDD4L;UGP2;GYS1;MIF;GAPDH;PLAC8;NDST1;TGFBI;TMEM45A;PNRC1;LDHA;GRHPR;EGFR
SoravsNC	MSigDB_Hallmark_2020	IL-2/STAT5 Signaling	-1.9742635959	0	0	SPRY4;SLC1A5;XBP1;PHLDA1;RHOB;MYC;KLF6;SPP1;TTC39B;ETV4;ODC1;IFITM3;CSF1;SPRED2;NOP2;BCL2L1;PRNP;TNFRSF21;MXD1;PIM1;IL4R;GSTO1;FURIN;MAFF;LIF;CDC6;AHR;ENPP1;NRP1;PUS1;UCK2;PNP;RNH1;PDCD2L;HK2;NT5E;ITGAV;CKAP4;PLSCR1;MAPKAPK2
SoravsNC	MSigDB_Hallmark_2020	IL-6/JAK/STAT3 Signaling	-1.76354223268	0	0.000849727057369	JUN;CSF1;TNFRSF1A;TNFRSF21;TNFRSF12A;OSMR;PIM1;IL4R;TGFB1;INHBE;LTBR;PTPN11;HAX1;BAK1;SOCS3;STAT1;CBL
SoravsNC	MSigDB_Hallmark_2020	Inflammatory Response	-1.86371278454	0	0.000113296940983	CCL20;SLC7A1;MYC;KLF6;ICAM1;LDLR;CSF1;HIF1A;ATP2A2;MXD1;OSMR;IL4R;TIMP1;LIF;ADRM1;MET;PVR;AHR;SLC31A1;CD55;ATP2B1;HBEGF;NFKB1;SLC7A2;CXCL8;LY6E;C5AR1;SELENOS;IRAK2;ADORA2B;SPHK1;RIPK2;AXL;MEP1A;EMP3;IL18;RHOG;ACVR2A;SERPINE1;F3;EDN1
SoravsNC	MSigDB_Hallmark_2020	Interferon Gamma Response	-1.37047009852	0.0232945091514	0.047436936594	MTHFD2;ICAM1;WARS1;IFITM3;HIF1A;PIM1;IL4R;MT2A;PNPT1;IFITM2;UPP1;PNP;NUP93;OAS3;NFKB1;PSMB2;LY6E;PARP12;CASP8;PLSCR1;TXNIP;APOL6;IFI30;ZNFX1;TOR1B;PSMA3;MX2;SOCS3;STAT1;RIPK2;LAP3;PTPN1;PELI1;CDKN1A;LATS2;TRIM21;TRIM26;CASP7
SoravsNC	MSigDB_Hallmark_2020	KRAS Signaling Up	-1.56791818184	0	0.00892213410238	DUSP6;CCL20;TRIB1;NR0B2;SPP1;ITGA2;PPP1R15A;ETV4;ETV5;F2RL1;YRDC;GLRX;LIF;HKDC1;MMD;NRP1;TFPI;HBEGF;AKAP12
SoravsNC	MSigDB_Hallmark_2020	Mitotic Spindle	1.35607030421	0.0127226463104	0.0404315896818	GSN;CDC42EP4;CDK5RAP2;RFC1;SUN2;CEP250;HDAC6;SORBS2;FSCN1;SPTAN1;TOP2A;FLNB;MYH10;DST;ATG4B;TUBGCP6;ACTN4;SOS1;NET1;NUSAP1;FARP1;RABGAP1;STAU1;NEDD9;NEK2;KIF15;KIF1B;TBCD;CLASP1;PCGF5;PIF1;TSC1;CLIP1;NUMA1;INCENP;CSNK1D;FGD4;ALS2;ANLN;CYTH2;KIF22;DLG1;MYO9B;CEP57;SMC3;DLGAP5;KIF11;CENPF;CCDC88A;KNTC1;KIF20B;CEP192;OPHN1;MARCKS;ARHGEF7;BCL2L11;APC;HOOK3;CENPE;TTK;KIF2C;KIF4A;ARHGEF12;NCK2;NOTCH2
SoravsNC	MSigDB_Hallmark_2020	Myc Targets V1	-2.69098183589	0	0	MYC;DDX21;EIF2S2;XPOT;ODC1;IFRD1;NME1;EIF4A1;NOLC1;EPRS1;PA2G4;NOP16;EIF3J;HNRNPC;NOP56;ABCE1;GSPT1;EIF3B;SYNCRIP;IARS1;TCP1;SRSF3;AIMP2;DDX18;CCT2;PSMD7;SRM;PSMD1;C1QBP;RRP9;EIF2S1;DHX15;CCT5;PSMC4;CCT4;CCT3;CCT7;HNRNPR;RANBP1;CTPS1;PPM1G;GNL3;SRSF7;KPNB1;PSMD14;MCM7;SSBP1;H2AZ1;MCM5;CAD;RAN;RSL1D1;SNRPD1;EIF4G2;TRA2B;HNRNPU;SERBP1;MCM6;HSPE1;PSMB3;MCM4;NPM1;ERH;CDC45;SNRPG;CNBP;SET;HSP90AB1;PSMD8;PWP1;PTGES3;EIF4E;SSB;ETF1;TUFM;PSMD3;PSMB2;FAM120A;PSMA6;CSTF2;POLE3;SF3A1;STARD7;XPO1;HNRNPD;TRIM28;SNRPB2;ACP1;SRSF2;HDDC2;PSMA4;KARS1;NDUFAB1;SRPK1;APEX1;SF3B3;HNRNPA2B1;TFDP1;HDAC2;NHP2;PSMA7;PRDX4;SNRPA;MCM2;HNRNPA3;TXNL4A;PCBP1;USP1;MRPS18B;UBA2;SNRPA1;HSPD1;SRSF1;YWHAE;CANX;SMARCC1;NCBP1;ILF2;EIF1AX;XRCC6;RFC4;PABPC4;PCNA;PRPF31;CDK4;PPIA;UBE2L3;TOMM70;CDK2;FBL;YWHAQ;RUVBL2;POLD2;CDC20
SoravsNC	MSigDB_Hallmark_2020	Myc Targets V2	-2.45765487263	0	0	MYC;MYBBP1A;NOLC1;PA2G4;WDR43;NOP2;RRP12;NOP16;BYSL;UTP20;NOP56;NIP7;PPRC1;AIMP2;DDX18;SRM;MRTO4;IMP4;IPO4;RRP9;FARSA;TCOF1;GNL3;TBRG4;GRWD1;PES1;MCM5;RCL1;PUS1;NDUFAF4;PRMT3;HSPE1;MCM4;NPM1;PPAN;HK2;DCTPP1;WDR74;EXOSC5;NOC4L;SLC19A1;TFB2M
SoravsNC	MSigDB_Hallmark_2020	Myogenesis	1.56622895544	0.00244498777506	0.00804268672448	GSN;SCD;ENO3;CLU;HDAC5;PTP4A3;FXYD1;SORBS3;PPP1R3C;GPX3;CRAT;SLC6A8;PLXNB2;PPFIA4;ATP2A1;SPTAN1;DMD;FKBP1B;SH2B1;AGRN;TSC2;MYL6B;FDPS;SORBS1;PDE4DIP;TNNI2;AKT2;CKB;CD36;MYLK;CHRNB1;TPM2;FOXO4;TNNC2;ATP6AP1;SIRT2;ITGA7;SPARC;ACSL1;TNNC1
SoravsNC	MSigDB_Hallmark_2020	Notch Signaling	-1.39137554474	0.0737240075614	0.0424054264821	JAG1;HES1;CCND1;ARRB1
SoravsNC	MSigDB_Hallmark_2020	Oxidative Phosphorylation	1.40098723214	0	0.0307454606429	GLUD1;ALDH6A1;ACADSB;ECH1;ACAA2;TCIRG1;PHYH;IDH2;CYB5A;BDH2;CYC1;GPX4;ACAA1;ETFB;MAOB;CYB5R3;HADHB;NNT;HADHA;ACADM;POR;ECHS1;PRDX3;DECR1;BCKDHA;LDHA;MDH1;ATP5MC2;SLC25A20;ISCU;ATP6AP1;VDAC1;SDHA;OXA1L;ACADVL;RETSAT;SUCLG1;NDUFV1;MTRF1;PDHB;SUCLA2;ATP5PO;NDUFA2;SDHC;IDH1;COX15;MGST3;ETFDH;NDUFC1;RHOT1;UQCRC1;GPI;SLC25A6;NDUFB5;NDUFS2
SoravsNC	MSigDB_Hallmark_2020	PI3K/AKT/mTOR  Signaling	-1.55700841422	0.00351493848858	0.00986349839143	SQSTM1;TRIB3;SLC2A1;TNFRSF1A;ARHGDIA;PFN1;YWHAB;GRK2;SFN;PTPN11;CALR;UBE2D3;CFL1;RPTOR;EIF4E;DDIT3;E2F1;ACTR3;RAC1;AKT1;MAP2K3;NFKBIB;PPP1CA;HRAS;RALB;UBE2N;AKT1S1;ARF1;CDK4;CDKN1A;CDK2;ATF1;CSNK2B;TRAF2;PRKAR2A;GSK3B;RIPK1;CAB39;GRB2
SoravsNC	MSigDB_Hallmark_2020	Pperoxisome	1.82019969399	0	0.000407224644277	SERPINA6;ALB;DIO1;ECH1;CAT;IDH2;EHHADH;CADM1;ECI2;SCP2;ACAA1;CRAT;TOP2A;ALDH1A1;EPHX2;ACOX1;PEX6;GSTK1;PEX11A;GNPAT;HMGCL;FDPS;HSD17B4;IDI1;LONP2;ACSL1;DHCR24;ABCB9;DHRS3;RETSAT;ALDH9A1;ACOT8;IDH1;HSD3B7;CEL;ELOVL5;ABCD3
SoravsNC	MSigDB_Hallmark_2020	Reactive Oxygen Species Pathway	-1.59925787299	0.00690846286701	0.00679781645896	TXNRD1;SRXN1;PRNP;GCLM;GCLC;GLRX;JUNB;NQO1;GSR;GLRX2;ABCC1;G6PD;FTL;SELENOS;PRDX4;MGST1;SBNO2;HMOX2;EGLN2
SoravsNC	MSigDB_Hallmark_2020	TGF-beta Signaling	-1.88853566037	0	0	THBS1;PPP1R15A;SLC20A1;SPTBN1;KLF10;FURIN;TGFB1;JUNB;ID3;ID1;UBE2D3;BCAR3;TJP1;XIAP;TGIF1;SMAD1;FKBP1A;PPP1CA;CDK9;CTNNB1;SERPINE1;ACVR1;SMURF1;SMAD6
SoravsNC	MSigDB_Hallmark_2020	TNF-alpha Signaling via NF-kB	-2.24884002508	0	0	IER3;CCL20;EGR1;JAG1;PHLDA1;TRIB1;JUN;SQSTM1;RHOB;MYC;KLF6;ICAM1;CEBPB;PPP1R15A;LDLR;MCL1;NFE2L2;ATF3;HES1;GADD45A;CSF1;IER2;F2RL1;MXD1;YRDC;KLF10;FOSL1;DUSP5;EIF1;JUNB;MAFF;LIF;TUBB2A;PHLDA2;DUSP1;CCND1;CCN1;ATP2B1;FOS;KDM6B;HBEGF;SLC16A6;NFKB1;NFKB2;KLF9;SAT1;FJX1;CLCF1;TGIF1;TANK;SOCS3;ETS2;MAP2K3;NR4A1;SPHK1;RIPK2;IL18;SERPINB8;SIK1
SoravsNC	MSigDB_Hallmark_2020	UV Response Up	-1.77087073702	0	0.000823977752601	ASNS;SQSTM1;RHOB;ICAM1;DDX21;ATF3;TARS1;FKBP4;GLS;RPN1;STIP1;FURIN;JUNB;CEBPG;TYRO3;HSPA13;APOM;HNRNPU;FOS;PSMC3;MARK2;CLTB;AMD1;HYAL2;CDKN2B;POLE3;PDLIM3;PPAT;FEN1;TFRC;PDAP1;AQP3;GRPEL1;TGFBRAP1;BAK1;ABCB1;CCND3;NUP58;DNAJB1;UROD;NR4A1;PPIF;DNAJA1;PPT1;EIF5;RAB27A;ATP6V1C1;PPP1R2;WIZ;YKT6;CCNE1;RFC4;SIGMAR1;TUBA4A;CDK2;AP2S1;CHRNA5;CYB5B
SoravsNC	MSigDB_Hallmark_2020	Unfolded Protein Response	-2.57893779426	0	0	MTHFD2;XBP1;ASNS;CEBPB;STC2;HYOU1;XPOT;ATF3;PSAT1;HSPA5;ATF4;SLC1A4;EIF4A1;TARS1;HSPA9;DKC1;NOLC1;EIF4EBP1;SHC1;ERN1;PREB;NOP56;NOP14;IARS1;SRPRB;CEBPG;RRP9;EIF2S1;DDIT4;WIPI1;EIF4A3;TUBB2A;EIF4G1;SRPRA;SERP1;NABP1;CALR;NPM1;DNAJC3;FUS;EIF4E;SDAD1;EXOSC2;EXOSC5;GEMIN4;DDX10;PARN;HERPUD1;NHP2;WFS1;SSR1;SPCS3;KDELR3;LSM1;FKBP14;EXOSC10;KHSRP;EXOSC4;NFYA;KIF5B;MTREX;GOSR2;YWHAZ;DCP2
SoravsNC	MSigDB_Hallmark_2020	Xenobiotic Metabolism	1.62099425869	0	0.00665133585653	VTN;SERPINA6;TKFC;HGFAC;CES1;PLG;JUP;ITIH1;ECH1;CAT;CYFIP2;CYP27A1;F10;LEAP2;F11;CYB5A;HNF4A;ENTPD5;DHRS1;CFB;RBP4;APOE;ID2;ADH5;ABCC3;PMM1;SLC6A12;GNMT;FABP1;LCAT;ACOX1;HMOX1;POR;TMEM97;SLC12A4;BPHL;GCKR;DDC;MAOA;GSTM4;TTPA;ARG1;CD36;CYP4F2;PINK1;BLVRB;FBLN1;DCXR;ABCC2;CSAD;CROT;PGRMC1;SLC35D1;IL1R1;PROS1;ACOX2;CDO1
SoravsNC	MSigDB_Hallmark_2020	heme Metabolism	1.36977382973	0.016	0.038028516781	FTCD;ALDH6A1;SLC30A10;DMTN;C3;ALDH1L1;CAT;BNIP3L;ALAD;BCAM;SLC11A2;EIF2AK1;SLC6A8;DCAF11;KHNYN;FBXO7;OSBP2;FN3K;OPTN;NNT;TFDP2;P4HA2;NFE2L1;NARF;CROCCP2;HAGH;SIDT2;RBM5;ADD1;BLVRB;BTG2;YPEL5;CTSB;CIR1;PICALM;EZH1;EPOR;SELENBP1;GLRX5;MKRN1;BTRC;SLC66A2;SDCBP;TRAK2;ARL2BP;PRDX2;PC;MARCHF8
SoravsNC	MSigDB_Hallmark_2020	mTORC1 Signaling	-2.20341901626	0	0	SLC7A11;MTHFD2;ACSL3;SLC1A5;XBP1;ASNS;SQSTM1;TXNRD1;GOT1;TRIB3;SLC2A1;PPP1R15A;LDLR;EIF2S2;WARS1;PSAT1;BCAT1;IFRD1;HSPA5;SLC1A4;SHMT2;HSPA9;EPRS1;RRM2;ATP2A2;HSPA4;PSME3;RPN1;GCLC;STIP1;CCT6A;GLRX;CTH;RRP9;EEF1E1;PSMC4;DDIT4;TOMM40;PSMD12;PNO1;ARPC5L;ABCF2;GSR;PSMD14;SDF2L1;SERP1;DDX39A;PSMG1;SERPINH1;TES;PNP;VLDLR;HSPE1;CALR;MCM4;UCHL5;UBE2D3;PSMC2;HK2;DDIT3;G6PD;PSPH;ETF1;CDC25A;M6PR;NUP205;GMPS;GLA;PITPNB;CACYBP;PSMD13;TFRC;SLC6A6;PDAP1;PSMA4;ACTR3;TUBG1;POLR3G;IFI30;PSMA3;MCM2;MAP2K3;SSR1;NFKBIB;ADIPOR2;PLK1;HSPD1;ATP5MC1;PSMB5;CORO1A;CANX;YKT6
SoravsNC	MSigDB_Hallmark_2020	p53 Pathway	-1.47671745312	0.00168918918919	0.0204563921219	SLC7A11;IER3;EPHA2;JUN;TRIB3;PPP1R15A;ATF3;GADD45A;MXD1;ZFP36L1;TGFB1;PLK3;SFN;DDIT4;SLC3A2;LIF;RHBDF2;UPP1;AEN;TRAF4;SEC61A1;FOS;HBEGF;WWP1;DDIT3;IRAK1;CDKN2B;OSGIN1;SAT1;NOL8;TXNIP;TM4SF1;PTPN14;IFI30;BAK1;GPX2;CCND3;CCNK;DNTTIP2;STEAP3;SPHK1;TAX1BP3;SDC1;INHBB;PDGFA;HRAS;CDK5R1;BLCAP;MDM2;CSRNP2;CDKN2AIP;PCNA;BAIAP2;NUDT15;CDKN1A;ABCC5;RRP8;POM121;RCHY1;PRKAB1;PITPNC1
SoravsNC	Reactome_2022	APC/C-mediated Degradation Of Cell Cycle Proteins R-HSA-174143	-2.03698548074	0	3.97160601542e-05	PSMD11;PSME3;PSMD7;PSMC4;PSMD2;PSMD12;UBE2S;PSMD14;PSMA5;PSMC5;PSMB3;PSMC3;PSME4;PSMD8;PSMC2;PSMC1;PSMD3;PSMB2;PSMA6;PSMB1;PSMD13;ANAPC7;PSMA4;ANAPC1;PSMA7;PSMA3;PSMB7;PLK1;PSMB5;PSMD6;UBE2D1;PSMB4;CDK2;PSMB6;CDC20;PSMD4;PSMA1;PSMD5;UBE2E1;ANAPC10
SoravsNC	Reactome_2022	APC/C:Cdc20 Mediated Degradation Of Mitotic Proteins R-HSA-176409	-2.1994814319	0	0	PSMD11;PSME3;PSMD7;PSMC4;PSMD2;PSMD12;UBE2S;PSMD14;PSMA5;PSMC5;PSMB3;PSMC3;PSME4;PSMD8;PSMC2;PSMC1;PSMD3;PSMB2;PSMA6;PSMB1;PSMD13;ANAPC7;PSMA4;ANAPC1;PSMA7;PSMA3;PSMB7;PSMB5;PSMD6;UBE2D1;PSMB4;PSMB6;CDC20;PSMD4;PSMA1;PSMD5;UBE2E1;ANAPC10
SoravsNC	Reactome_2022	APC/C:Cdc20 Mediated Degradation Of Securin R-HSA-174154	-2.24844603365	0	0	PSMD11;PSME3;PSMD7;PSMC4;PSMD2;PSMD12;UBE2S;PSMD14;PSMA5;PSMC5;PSMB3;PSMC3;PSME4;PSMD8;PSMC2;PSMC1;PSMD3;PSMB2;PSMA6;PSMB1;PSMD13;ANAPC7;PSMA4;ANAPC1;PSMA7;PSMA3;PSMB7;PSMB5;PSMD6;UBE2D1;PSMB4;PSMB6;CDC20;PSMD4;PSMA1;PSMD5;UBE2E1;ANAPC10
SoravsNC	Reactome_2022	APC/C:Cdh1 Mediated Degradation Of Cdc20 And APC/C:Cdh1 Targets In Late Mitosis/Early G1 R-HSA-174178	-2.12095854199	0	0	PSMD11;PSME3;PSMD7;PSMC4;PSMD2;PSMD12;UBE2S;PSMD14;PSMA5;PSMC5;PSMB3;PSMC3;PSME4;PSMD8;PSMC2;PSMC1;PSMD3;PSMB2;PSMA6;PSMB1;PSMD13;ANAPC7;PSMA4;ANAPC1;PSMA7;PSMA3;PSMB7;PLK1;PSMB5;PSMD6;UBE2D1;PSMB4;PSMB6;CDC20;PSMD4;PSMA1;PSMD5;UBE2E1;ANAPC10
SoravsNC	Reactome_2022	APC:Cdc20 Mediated Degradation Of Cell Cycle Proteins Before Cycle Checkpoint Satisfied R-HSA-179419	-2.19120640611	0	0	PSMD11;PSME3;PSMD7;PSMC4;PSMD2;PSMD12;UBE2S;PSMD14;PSMA5;PSMC5;PSMB3;PSMC3;PSME4;PSMD8;PSMC2;PSMC1;PSMD3;PSMB2;PSMA6;PSMB1;PSMD13;ANAPC7;PSMA4;ANAPC1;PSMA7;PSMA3;PSMB7;PSMB5;PSMD6;UBE2D1;PSMB4;PSMB6;CDC20;PSMD4;PSMA1;PSMD5;UBE2E1;ANAPC10
SoravsNC	Reactome_2022	ATF4 Activates Genes In Response To Endoplasmic Reticulum Stress R-HSA-380994	-2.05908188232	0	1.41020793301e-05	ASNS;CEBPB;ATF3;ATF4;CEBPG;EXOSC6;DDIT3;CXCL8;EXOSC2;EXOSC5;PARN;HERPUD1;EXOSC8;EXOSC3;KHSRP;EXOSC4;NFYA;DCP2;DIS3;IGFBP1;EXOSC7
SoravsNC	Reactome_2022	AUF1 (hnRNP D0) Binds And Destabilizes mRNA R-HSA-450408	-2.19828839127	0	0	PSMD11;PSME3;PSMD7;PSMC4;PSMD2;PSMD12;EIF4G1;PSMD14;PSMA5;PSMC5;PSMB3;PSMC3;PSME4;PSMD8;PSMC2;PSMC1;PSMD3;PSMB2;PSMA6;HSPA8;HNRNPD;PSMB1;PSMD13;PSMA4;PSMA7;PSMA3;PSMB7;PSMB5;PSMD6;PSMB4;PSMB6;PSMD4;PSMA1;HSPB1;PSMD5
SoravsNC	Reactome_2022	Activation Of APC/C And APC/C:Cdc20 Mediated Degradation Of Mitotic Proteins R-HSA-176814	-2.21108370244	0	0	PSMD11;PSME3;PSMD7;PSMC4;PSMD2;PSMD12;UBE2S;PSMD14;PSMA5;PSMC5;PSMB3;PSMC3;PSME4;PSMD8;PSMC2;PSMC1;PSMD3;PSMB2;PSMA6;PSMB1;PSMD13;ANAPC7;PSMA4;ANAPC1;PSMA7;PSMA3;PSMB7;PLK1;PSMB5;PSMD6;UBE2D1;PSMB4;PSMB6;CDC20;PSMD4;PSMA1;PSMD5;UBE2E1;ANAPC10
SoravsNC	Reactome_2022	Activation Of ATR In Response To Replication Stress R-HSA-176187	-1.96954101393	0	0.000151946728638	POLR1B;POLR1A;CDC6;MCM7;MCM5;MCM6;MCM4;CDC45;CDC25A;RFC3;ORC6;CLSPN;MCM8;ORC5;RFC4;CDK2;MCM3;MCM10;RFC2;SLC25A15;ORC4;HUS1;DBF4;ATRIP;CDC7
SoravsNC	Reactome_2022	Activation Of BAD And Translocation To Mitochondria R-HSA-111447	-1.59949272758	0.0249042145594	0.0298135224891	YWHAB;YWHAG;PPP3R1;REXO2;YWHAH;AKT1;YWHAE;YWHAZ;YWHAQ
SoravsNC	Reactome_2022	Activation Of Gene Expression By SREBF (SREBP) R-HSA-2426168	1.90918238331	0	0.00506089419037	SCD;PPARA;RXRA;TM7SF2;DHCR7;SREBF2;GPAM;HMGCS1;FDFT1;FDPS;SQLE;ACACB;HMGCR;TBL1X;MVD;SC5D;IDI1;MVK;CHD9
SoravsNC	Reactome_2022	Activation Of NF-kappaB In B Cells R-HSA-1169091	-2.06268642433	0	1.42570472348e-05	PSMD11;PSME3;IKBKG;PSMD7;PSMC4;PSMD2;PSMD12;PSMD14;PSMA5;PSMC5;PSMB3;PSMC3;PSME4;PSMD8;PSMC2;NFKB1;PSMC1;PSMD3;PSMB2;PSMA6;PSMB1;PSMD13;PSMA4;CHUK;PSMA7;PSMA3;PSMB7;NFKBIB;PSMB5;PSMD6;PSMB4;PSMB6;PSMD4;PSMA1;PSMD5
SoravsNC	Reactome_2022	Activation Of Pre-Replicative Complex R-HSA-68962	-2.01743377073	0	7.48494979829e-05	POLR1B;POLR1A;CDC6;MCM7;MCM5;MCM6;MCM4;CDC45;POLE3;ORC6;MCM8;POLA1;POLE4;ORC5;CDK2;MCM3;MCM10;SLC25A15;ORC4;POLA2;DBF4;CDC7;PRIM2;POLE2
SoravsNC	Reactome_2022	Activation Of SMO R-HSA-5635838	-1.58888806875	0.0309090909091	0.0325230050676	SMOX;GRK2;ARRB1;CSNK1A1
SoravsNC	Reactome_2022	Amino Acid Transport Across Plasma Membrane R-HSA-352230	-1.83768546013	0.00180831826401	0.00184857060814	SLC7A11;SLC7A1;SLC1A5;SLC38A1;SLC6A14;SLC1A4;SLC38A2;SLC7A6;SLC3A2;SLC43A2;SLC7A2;SLC38A5;SLC6A6
SoravsNC	Reactome_2022	Antiviral Mechanism By IFN-stimulated Genes R-HSA-1169410	-1.73955735988	0	0.00756811590716	EIF4A1;ABCE1;NUP155;NUP153;EIF4A3;EIF4G1;GNL3;KPNB1;NUP50;SEH1L;EIF4G2;KPNA4;NUP93;OAS3;PDE12;NUP188;NUP98;EIF4E;NUP205;IRF3;NUP35;NUP88;FLNA;NUP58;MX2;OAS1;STAT1;NUP43;NUP62;UBE2N;NUP37;EIF4G3;POM121C;POM121;SEC13;NEDD4;NUP42;UBE2E1;ARIH1;NUP54
SoravsNC	Reactome_2022	Apoptosis R-HSA-109581	-1.74597602484	0	0.00694873983534	BCL2L1;PSMD11;PSME3;YWHAB;TNFRSF10B;PSMD7;C1QBP;BCAP31;PSMC4;H1-0;PSMD2;CYCS;PSMD12;YWHAG;PPP3R1;KPNB1;PSMD14;REXO2;PSMA5;PSMC5;PMAIP1;TJP2;PSMB3;PSMC3;PSME4;PSMD8;PSMC2;YWHAH;PSMC1;TNFRSF10A;PSMD3;PSMB2;PSMA6;CASP8;E2F1;PSMB1;PSMD13;TJP1;XIAP;PSMA4;CLSPN;TANK;AKT1;TFDP1;BAK1;HMGB1;PSMA7;LMNA;PSMA3;PSMB7;DYNLL1;PSMB5;FADD;DYNLL2;YWHAE;CTNNB1;DFFA;PSMD6;YWHAZ;PLEC;PSMB4;STK24;YWHAQ;NMT1;AVEN;PSMB6;CASP7;LMNB1;PSMD4;PSMA1
SoravsNC	Reactome_2022	Aspirin ADME R-HSA-9749641	2.14449742052	0	0	SLCO2B1;ACSM2B;CES1;ACSM2A;ALB;SLC22A7;CES2;ABCC3;ACSM5;UGT2A3
SoravsNC	Reactome_2022	Assembly Of Collagen Fibrils And Other Multimeric Structures R-HSA-2022090	1.97042508505	0	0.00161667453304	COL27A1;COL18A1;COL7A1;COL4A5;PCOLCE;COL2A1;DST;COL9A3;COL9A2;COL6A1;CTSB
SoravsNC	Reactome_2022	Assembly Of Pre-Replicative Complex R-HSA-68867	-2.25010627193	0	0	PSMD11;PSME3;PSMD7;PSMC4;PSMD2;PSMD12;UBE2S;CDC6;KPNB1;PSMD14;MCM7;H2AZ1;PSMA5;MCM5;PSMC5;MCM6;PSMB3;MCM4;PSMC3;PSMD8;PSMC2;PSMC1;PSMD3;PSMB2;PSMA6;ORC6;PSMB1;PSMD13;ANAPC7;PSMA4;MCM8;ANAPC1;PSMA7;PSMA3;PSMB7;H3-3B;PSMB5;ORC5;PSMD6;UBE2D1;PSMB4;PSMB6;MCM3;PSMD4;PSMA1;PSMD5;SLC25A15;UBE2E1;ANAPC10;ORC4
SoravsNC	Reactome_2022	Asymmetric Localization Of PCP Proteins R-HSA-4608870	-2.07402196587	0	1.4743082936e-05	PSMD11;PSME3;PSMD7;PSMC4;PSMD2;PSMD12;PSMD14;PSMA5;PSMC5;PSMB3;PSMC3;PSME4;PSMD8;PSMC2;PSMC1;PSMD3;PSMB2;PSMA6;PSMB1;PSMD13;PSMA4;PSMA7;PSMA3;PSMB7;FZD9;PSMB5;PSMD6;PSMB4;SMURF1;PSMB6;PSMD4;PSMA1;PSMD5
SoravsNC	Reactome_2022	Attenuation Phase R-HSA-3371568	-1.65844704717	0.0128676470588	0.0180839211636	FKBP4;TNFRSF21;HSPH1;HSP90AA1;SERPINH1;HSP90AB1;PTGES3;HSPA8;DNAJB1;MRPL18;CREBBP;HSF1
SoravsNC	Reactome_2022	Autodegradation Of Cdh1 By Cdh1:APC/C R-HSA-174084	-2.18071802046	0	0	PSMD11;PSME3;PSMD7;PSMC4;PSMD2;PSMD12;UBE2S;PSMD14;PSMA5;PSMC5;PSMB3;PSMC3;PSMD8;PSMC2;PSMC1;PSMD3;PSMB2;PSMA6;PSMB1;PSMD13;ANAPC7;PSMA4;ANAPC1;PSMA7;PSMA3;PSMB7;PSMB5;PSMD6;UBE2D1;PSMB4;PSMB6;PSMD4;PSMA1;PSMD5;UBE2E1;ANAPC10
SoravsNC	Reactome_2022	Autodegradation Of E3 Ubiquitin Ligase COP1 R-HSA-349425	-2.16776204391	0	0	PSMD11;PSME3;PSMD7;PSMC4;PSMD2;PSMD12;PSMD14;PSMA5;PSMC5;PSMB3;PSMC3;PSME4;PSMD8;PSMC2;PSMC1;PSMD3;PSMB2;PSMA6;PSMB1;PSMD13;PSMA4;PSMA7;PSMA3;PSMB7;PSMB5;PSMD6;PSMB4;PSMB6;PSMD4;PSMA1;PSMD5
SoravsNC	Reactome_2022	B-WICH Complex Positively Regulates rRNA Expression R-HSA-5250924	-1.57324411185	0.0120274914089	0.037033706478	MYBBP1A;POLR1B;POLR1G;POLR1A;H2AZ1;DDX56;POLR1E;POLR2L;POLR1F;BAZ1B;H3-3B;TAF1B;TAF1A;TAF1D;MYO1E
SoravsNC	Reactome_2022	BBSome-mediated Cargo-Targeting To Cilium R-HSA-5620922	-1.70664097481	0	0.0105898741512	SMOX;TCP1;CCT2;CCT5;CCT4;CCT3;CCT8;MKKS
SoravsNC	Reactome_2022	Basigin Interactions R-HSA-210991	-1.88950404259	0.00187617260788	0.000897443604888	SLC7A11;ITGB1;SLC7A6;SLC3A2;ATP1B3;ATP1B1
SoravsNC	Reactome_2022	Beta-catenin Independent WNT Signaling R-HSA-3858494	-1.76070572372	0	0.00596492922387	MYC;PFN1;PSMD11;PSME3;PSMD7;PSMC4;PSMD2;PSMD12;PPP3R1;PSMD14;PSMA5;CALM1;PSMC5;PSMB3;PSMC3;ITPR3;PSME4;PSMD8;PSMC2;CLTB;PSMC1;PSMD3;PSMB2;PSMA6;PSMB1;PSMD13;PSMA4;TNRC6C;PSMA7;PSMA3;PSMB7;FZD9;PSMB5;CTNNB1;ITPR1;NRAS;PSMD6;TCF7L2;PSMB4;SMURF1;TCF7;CLTA;AP2S1;PSMB6;PSMD4;PSMA1;RYK;PSMD5
SoravsNC	Reactome_2022	Bile Acid And Bile Salt Metabolism R-HSA-194068	1.87017260405	0	0.00541234517582	ALB;RXRA;CYP27A1;AKR1D1;ABCC3;OSBPL7;SLC51A;NR1H4;HSD17B4;CYP7A1;ACOX2;CYP8B1;ACOT8;HSD3B7;STARD5;NCOA1
SoravsNC	Reactome_2022	Biological Oxidations R-HSA-211859	1.79394221977	0	0.0117033178152	SULT2A1;GSTA2;ADH6;ACSM2B;CES1;ACSM2A;CYP4F12;CYP4F3;ACSS2;SLC38A3;RXRA;CYP27A1;MAT1A;GSTA1;CYP19A1;CES2;ADH5;ALDH1A1;MAOB;ACSM5;AOC3;CYB5R3;UGT2A3;CES3;GSTK1;MTARC1;BPHL;UGP2;GSTM2;MAOA;GSTM4;CMBL;MTR;DPEP1;NR1H4;CYP4F2;CYP2W1;PAPSS1;CYP3A43;CYP4V2;GSTA4;OPLAH;ALDH1B1;SLC35D1;CYP7A1;FDXR;MTARC2;MIA3;ALDH2;AS3MT;BPNT2;GGT7;SULT1A1;UGT1A9;CYP21A2;ACSM1;CYP8B1;ACY3;GSTZ1;ALDH3A1;MGST3;GSTM3
SoravsNC	Reactome_2022	Butyrate Response Factor 1 Binds And Destabilizes mRNA R-HSA-450385	-1.76125270853	0	0.0059463767842	ZFP36L1;YWHAB;EXOSC6;EXOSC2;EXOSC5;MAPKAPK2;AKT1;EXOSC8;EXOSC3;EXOSC4;DCP2;DIS3;EXOSC7;EXOSC1;EXOSC9
SoravsNC	Reactome_2022	C-type Lectin Receptors (CLRs) R-HSA-5621481	-1.97543596932	0	0.000129739129837	SRC;PSMD11;PSME3;IKBKG;PSMD7;PSMC4;PSMD2;PSMD12;PPP3R1;PSMD14;CARD9;PSMA5;NFATC3;CALM1;PSMC5;PSMB3;PSMC3;UBE2M;ITPR3;PSME4;PSMD8;PSMC2;NFKB1;PSMC1;NFKB2;PSMD3;PSMB2;PSMA6;CASP8;PSMB1;PSMD13;PSMA4;FYN;CHUK;PSMA7;PSMA3;PSMB7;MAP3K14;PSMB5;HRAS;ITPR1;UBE2N;NRAS;PSMD6;UBE2D1;CREBBP;PSMB4;UBE2D2
SoravsNC	Reactome_2022	CDK-mediated Phosphorylation And Removal Of Cdc6 R-HSA-69017	-2.24668128314	0	0	PSMD11;PSME3;PSMD7;PSMC4;PSMD2;PSMD12;UBE2S;CDC6;PSMD14;PSMA5;PSMC5;PSMB3;PSMC3;PSME4;PSMD8;PSMC2;PSMC1;PSMD3;PSMB2;PSMA6;PSMB1;PSMD13;ANAPC7;PSMA4;ANAPC1;PSMA7;PSMA3;PSMB7;PSMB5;CCNE1;PSMD6;UBE2D1;PSMB4;CDK2;PSMB6;PSMD4;PSMA1;PSMD5;UBE2E1;ANAPC10
SoravsNC	Reactome_2022	CLEC7A (Dectin-1) Signaling R-HSA-5607764	-1.98885519789	0	8.33187072348e-05	SRC;PSMD11;PSME3;IKBKG;PSMD7;PSMC4;PSMD2;PSMD12;PPP3R1;PSMD14;CARD9;PSMA5;NFATC3;CALM1;PSMC5;PSMB3;PSMC3;UBE2M;ITPR3;PSME4;PSMD8;PSMC2;NFKB1;PSMC1;NFKB2;PSMD3;PSMB2;PSMA6;CASP8;PSMB1;PSMD13;PSMA4;CHUK;PSMA7;PSMA3;PSMB7;MAP3K14;PSMB5;ITPR1;UBE2N;PSMD6;UBE2D1;PSMB4;UBE2D2
SoravsNC	Reactome_2022	Cargo Trafficking To Periciliary Membrane R-HSA-5620920	-1.56046215775	0.00869565217391	0.040803939206	SMOX;TCP1;CCT2;CCT5;CCT4;CCT3;ASAP1;ARF4;CCT8;MKKS;NUDT19;ARL13B;PKD1;RAB8A;RAB3IP;BBS5
SoravsNC	Reactome_2022	Cdc20:Phospho-APC/C Mediated Degradation Of Cyclin A R-HSA-174184	-2.23027781139	0	0	PSMD11;PSME3;PSMD7;PSMC4;PSMD2;PSMD12;UBE2S;PSMD14;PSMA5;PSMC5;PSMB3;PSMC3;PSME4;PSMD8;PSMC2;PSMC1;PSMD3;PSMB2;PSMA6;PSMB1;PSMD13;ANAPC7;PSMA4;ANAPC1;PSMA7;PSMA3;PSMB7;PSMB5;PSMD6;UBE2D1;PSMB4;PSMB6;CDC20;PSMD4;PSMA1;PSMD5;UBE2E1;ANAPC10
SoravsNC	Reactome_2022	Cell Cycle Checkpoints R-HSA-69620	-2.15668394729	0	0	NUDC;POLR1B;PSMD11;PSME3;POLR1A;YWHAB;RCC2;PSMD7;PSMC4;PSMD2;PSMD12;YWHAG;UBE2S;CDC6;PKMYT1;PSMD14;RBBP8;REXO2;MCM7;NDE1;PSMA5;MCM5;SEH1L;MAPRE1;RANGAP1;PSMC5;MCM6;PSMB3;MCM4;PSMC3;CDC45;PPP2CA;PSME4;PSMD8;PSMC2;NUP98;YWHAH;PSMC1;PSMD3;CDC25A;PSMB2;PSMA6;XPO1;RFC3;ORC6;PPP2R5E;PSMB1;PSMD13;ANAPC7;PSMA4;DYNC1LI1;CLSPN;SKA1;MCM8;ANAPC1;MAD1L1;PSMA7;PSMA3;PPP2CB;AHCTF1;PSMB7;PLK1;NUP43;DYNLL1;CENPO;PSMB5;TOP3A;DYNLL2;YWHAE;KIF2A;CCNE1;UBE2N;ORC5;NUP37;MDM2;PPP2R5A;PSMD6;YWHAZ;UBE2D1;PCBP4;EXO1;CLASP2;RFC4;PSMB4;ZWILCH;CDKN1A;CENPM;CDK2;YWHAQ;PSMB6;CDC20;MCM3;MCM10;SEC13;PSMD4;RFC2;PSMA1;CENPN;PSMD5;BLM;SLC25A15;MIS12;UBE2E1;PAFAH1B1;ANAPC10;ORC4;DSN1;CDKN2A
SoravsNC	Reactome_2022	Cell Cycle, Mitotic R-HSA-69278	-1.87494485878	0	0.00110138254106	PHLDA1;MYC;EML4;RRM2;NUDC;SRC;POLR1B;PSMD11;PSME3;POLR1A;RCC2;PSMD7;PSMC4;PSMD2;TUBA1B;PSMD12;YWHAG;NUP155;NUP153;HSP90AA1;TUBB2A;UBE2S;CDC6;PKMYT1;KPNB1;PSMD14;E2F6;CCND1;NUP50;MCM7;NDE1;H2AZ1;PSMA5;MCM5;TUBB6;RAN;SEH1L;MAPRE1;RANGAP1;PSMC5;MCM6;TUBA1C;KMT5A;PSMB3;GORASP2;MCM4;NUP93;PSMC3;CDC45;PPP2CA;TNPO1;NUP188;SET;E2F3;HSP90AB1;PSME4;PSMD8;PSMC2;NUP98;PSMC1;PSMD3;PPP2R2A;CDC25A;PSMB2;CDKN2B;PSMA6;POLE3;NUP205;XPO1;RFC3;FEN1;RCC1;ORC6;PPP2R5E;E2F1;ABL1;PSMB1;PSMD13;ANAPC7;PSMA4;DYNC1LI1;TUBG1;SLC19A1;NUP35;NUP88;SKA1;TMPO;MCM8;HAUS7;AKT1;HAUS2;TFDP1;MYBL2;ANAPC1;GINS3;ODF2;MAD1L1;PSMA7;CCND3;LMNA;POLA1;NUP58;PSMA3;PPP2CB;LPIN2;AJUBA;AHCTF1;PSMB7;H3-3B;MAX;PLK1;NUP43;CCNH;DYNLL1;POLE4;CENPO;PSMB5;SMC1A;NUP62;TK1;TUBB;DYNLL2;YWHAE;KIF2A;GORASP1;CCNE1;E2F4;GINS2;TUBB3;ORC5;NUP37;CSNK2A2;PPP2R5A;PSMD6;UBE2D1;WAPL;CLASP2;MCPH1;RFC4;VRK1;PSMB4;PCNA;CHMP4C;CDK4;POM121C;VPS4A;ZWILCH;HAUS8;CDKN1A;TUBA4A;GINS4;CENPM;CDK2;POLD2;PSMB6;CDC20;MCM3;POM121;LMNB1;RAB8A;MCM10;CEP72;SEC13;PSMD4;TUBGCP3;CEP76;RFC2;PSMA1;UBE2I;CENPN;VRK2;PSMD5;SLC25A15;MIS12;RAB1A;NUP42;CHMP7;UBE2E1;PAFAH1B1;RAB33B;ANKLE2;ANAPC10;CSNK2B;NUP54;CEP41;PCNT;ORC4;DSN1;CDKN2A;GSK3B;GINS1;E2F2;RAB1B;NCAPG2;BLZF1;POLA2;TUBGCP5;CDK7
SoravsNC	Reactome_2022	Cellular Response To Chemical Stress R-HSA-9711123	-1.87386377742	0	0.00112256552058	SLC7A11;SQSTM1;MYC;TXNRD1;SRXN1;NFE2L2;ATF4;MAFG;MAP1LC3B;PSMD11;GCLM;SESN2;PSME3;GCLC;HM13;PSMD7;NQO1;PSMC4;PSMD2;CYCS;PSMD12;GSR;PSMD14;TALDO1;PSMA5;PSMC5;ABCC1;PSMB3;PSMC3;MAFK;VCP;PSME4;PSMD8;PSMC2;COX20;PSMC1;PSMD3;PSMB2;PSMA6;UBL4A;PSMB1;TXNIP;KEAP1;PSMD13;PSMA4;CUL3;AKT1;NPLOC4;GPX2;PSMA7;PSMA3;PSMB7;UFD1;PSMB5;SCO1;CARM1;SCO2;CSNK2A2;TKT;PSMD6;CREBBP;PSMB4;TACO1
SoravsNC	Reactome_2022	Cellular Response To Heat Stress R-HSA-3371556	-1.90965809687	0	0.000608775916928	HSPA5;HSPA9;FKBP4;TNFRSF21;POLR1B;HSPA4;POLR1A;HSPH1;NUP155;NUP153;HSP90AA1;BAG2;NUP50;HSPA13;SERPINH1;SEH1L;NUP93;VCP;NUP188;HSP90AB1;RPTOR;PTGES3;NUP98;NUP205;HSPA8;MAPKAPK2;NUP35;CCAR2;NUP88;DNAJC7;HSPA14;NUP58;DNAJB1;RPS19BP1;NUP43;NUP62;YWHAE;AKT1S1;NUP37;MRPL18;DNAJC2;CREBBP;BAG1;POM121C;HSF1;POM121;SEC13
SoravsNC	Reactome_2022	Cellular Response To Hypoxia R-HSA-1234174	-2.01772351726	0	7.55761921381e-05	HIF1A;PSMD11;PSME3;PSMD7;PSMC4;PSMD2;PSMD12;PSMD14;PSMA5;PSMC5;PSMB3;PSMC3;UBE2D3;ELOC;PSME4;EPAS1;PSMD8;PSMC2;PSMC1;PSMD3;PSMB2;PSMA6;PSMB1;PSMD13;PSMA4;VHL;PSMA7;PSMA3;AJUBA;PSMB7;PSMB5;PSMD6;UBE2D1;CREBBP;PSMB4;UBE2D2;CUL2;PSMB6;PSMD4;PSMA1;PSMD5
SoravsNC	Reactome_2022	Cellular Senescence R-HSA-2559583	-1.54495003967	0.00165289256198	0.0461321478398	JUN;CEBPB;PHC2;HMGA1;HMGA2;CBX4;ASF1A;H1-0;ID1;UBE2S;H2AZ1;FOS;KDM6B;E2F3;NFKB1;ETF1;CXCL8;CDKN2B;EP400;MAPKAPK2;E2F1;ANAPC7;MAP4K4;TERF2IP;TFDP1;ANAPC1;TNRC6C;ETS2;MAP2K3;HIRA;H3-3B;MAPKAPK5;CCNE1;MDM2;UBE2D1;CDK4;CDKN1A;CDK2;LMNB1;RNF2;RING1;UBE2E1;ANAPC10;CDKN2A;E2F2
SoravsNC	Reactome_2022	Chaperonin-mediated Protein Folding R-HSA-390466	-1.66753367719	0.0017667844523	0.0165542139706	NOP56;TCP1;CCT6A;CCT2;CCT5;TUBA1B;CCT4;CCT3;CCT7;PFDN2;TUBB2A;TUBB6;CCT8;TUBA1C;ARFGEF2;KIFC3;XRN2;SPHK1;TUBB;CCNE1;TUBB3;CSNK2A2;FBXW5;PFDN1;TUBA4A;PFDN6;WRAP53;PFDN4;AP3M1
SoravsNC	Reactome_2022	Chemokine Receptors Bind Chemokines R-HSA-380108	-1.65261888978	0.0193798449612	0.0188988658717	CCL20;CCR6;CXCL8
SoravsNC	Reactome_2022	Cholesterol Biosynthesis R-HSA-191273	1.7907298273	0.00621118012422	0.0117360391139	MSMO1;TM7SF2;DHCR7;SREBF2;HMGCS1;FDFT1;FDPS;SQLE;HMGCR;MVD;SC5D;IDI1;DHCR24;MVK;NSDHL
SoravsNC	Reactome_2022	Chromosome Maintenance R-HSA-73886	-1.69420415156	0	0.0122567620148	DKC1;POLR1B;POLR1A;CENPX;RUVBL1;H2AZ1;GAR1;NPM1;NOP10;POLR2D;RFC3;FEN1;POLR2L;SLC19A1;CHTF8;TERF2IP;NHP2;POLR2I;POLA1;POLR2C;H3-3B;CENPO;TERT;RFC4;PCNA;CENPM;CDK2;DAXX;RUVBL2;POLD2;WRAP53;RFC2;CENPN;DSCC1;BLM;PPP6R3;POLR2K;POLA2;SHQ1;CENPW;HJURP;POLR2B;TERF2;ACD;H2AC6;PRIM2;POLD1
SoravsNC	Reactome_2022	Collagen Biosynthesis And Modifying Enzymes R-HSA-1650814	2.02260220831	0	0.00142337649104	COL27A1;COL18A1;COL7A1;COL4A5;COL16A1;PCOLCE;P4HA1;PLOD1;PLOD2;COL2A1;P4HA2;COL9A3;COL9A2;COL6A1;COL4A6
SoravsNC	Reactome_2022	Collagen Chain Trimerization R-HSA-8948216	2.21702236748	0	0	COL27A1;COL18A1;COL7A1;COL4A5;COL16A1;COL2A1;COL9A3;COL9A2;COL6A1;COL4A6
SoravsNC	Reactome_2022	Collagen Formation R-HSA-1474290	1.89870119109	0	0.00534844499664	COL27A1;COL18A1;COL7A1;COL4A5;COL16A1;PCOLCE;P4HA1;PLOD1;PLOD2;COL2A1;DST;P4HA2;COL9A3;COL9A2;COL6A1;COL4A6;CTSB;CRTAP
SoravsNC	Reactome_2022	Common Pathway Of Fibrin Clot Formation R-HSA-140875	1.99281669874	0	0.00215088003091	FGB;FGA;SERPINC1;FGG;SERPIND1;F5;SERPINA5;PROC;PROS1
SoravsNC	Reactome_2022	Complement Cascade R-HSA-166658	1.89220904613	0	0.0046994017482	VTN;C3;C4A;CLU;CFI;C1S;C4B;CFB;CPB2;C8B;C8A;CPNE1;C1R;CD46;MASP2;SERPING1;PROS1;C4BPB
SoravsNC	Reactome_2022	Cooperation Of PDCL (PhLP1) And TRiC/CCT In G-protein Beta Folding R-HSA-6814122	-1.79787203535	0.00184162062615	0.00341966718768	TCP1;CCT6A;CCT2;CCT5;CCT4;CCT3;CCT7;CCT8
SoravsNC	Reactome_2022	Cooperation Of Prefoldin And TriC/CCT In Actin And Tubulin Folding R-HSA-389958	-2.08306690415	0	1.62173912296e-05	TCP1;CCT6A;CCT2;CCT5;TUBA1B;CCT4;CCT3;CCT7;PFDN2;TUBB2A;TUBB6;CCT8;TUBA1C;TUBB;TUBB3;PFDN1;TUBA4A;PFDN6;PFDN4
SoravsNC	Reactome_2022	Cross-presentation Of Soluble Exogenous Antigens (Endosomes) R-HSA-1236978	-2.25375704274	0	0	PSMD11;PSME3;PSMD7;PSMC4;PSMD2;PSMD12;PSMD14;PSMA5;PSMC5;PSMB3;PSMC3;PSME4;PSMD8;PSMC2;PSMC1;PSMD3;PSMB2;PSMA6;PSMB1;PSMD13;PSMA4;PSMA7;PSMA3;PSMB7;PSMB5;PSMD6;PSMB4;PSMB6;PSMD4;PSMA1;PSMD5
SoravsNC	Reactome_2022	Cyclin A:Cdk2-associated Events At S Phase Entry R-HSA-69656	-1.94678900434	0	0.000263876196279	MYC;PSMD11;PSME3;PSMD7;PSMC4;PSMD2;PSMD12;PSMD14;CCND1;PSMA5;PSMC5;PSMB3;PSMC3;PSMD8;PSMC2;PSMC1;PSMD3;CDC25A;PSMB2;PSMA6;E2F1;PSMB1;PSMD13;PSMA4;AKT1;TFDP1;PSMA7;PSMA3;PSMB7;MAX;CCNH;PSMB5;CCNE1;E2F4;PSMD6;PSMB4;CDK4;CDKN1A;CDK2;PSMB6;PSMD4;PSMA1;PSMD5
SoravsNC	Reactome_2022	Cyclin E Associated Events During G1/S Transition R-HSA-69202	-2.00545057808	0	7.41366456212e-05	MYC;PSMD11;PSME3;PSMD7;PSMC4;PSMD2;PSMD12;PSMD14;CCND1;PSMA5;PSMC5;PSMB3;PSMC3;PSMD8;PSMC2;PSMC1;PSMD3;CDC25A;PSMB2;PSMA6;E2F1;PSMB1;PSMD13;PSMA4;AKT1;TFDP1;PSMA7;PSMA3;PSMB7;MAX;CCNH;PSMB5;CCNE1;E2F4;PSMD6;PSMB4;CDK4;CDKN1A;CDK2;PSMB6;PSMD4;PSMA1;PSMD5
SoravsNC	Reactome_2022	Cytosolic Sensors Of Pathogen-Associated DNA R-HSA-1834949	-1.67103581261	0.00177304964539	0.0160496796716	IKBKG;POLR3E;POLR3K;CRCP;XRCC5;POLR3D;NFKB1;NFKB2;PRKDC;POLR2L;POLR3B;POLR3G;IRF3;LRRFIP1;DHX9;CHUK;POLR3C;NFKBIB;CTNNB1;POLR3H;POLR3F;XRCC6;CREBBP;TRIM21;STAT6;NKIRAS2;DHX36;POLR2K;RIPK1
SoravsNC	Reactome_2022	Cytosolic tRNA Aminoacylation R-HSA-379716	-2.23437540331	0	0	GARS1;MARS1;YARS1;VARS1;WARS1;TARS1;CARS1;EPRS1;AARS1;FARSB;NARS1;IARS1;AIMP2;SARS1;EEF1E1;FARSA;RARS1;HARS1;KARS1;LARS1
SoravsNC	Reactome_2022	DARPP-32 Events R-HSA-180024	-1.57252462944	0.0119521912351	0.0371214828084	PPP3R1;PRKAR1A;CALM1;PPP2CA;PDE4D;PPP2CB;PRKAR1B;PPP1CA
SoravsNC	Reactome_2022	DNA Replication Pre-Initiation R-HSA-69002	-2.27062051113	0	0	POLR1B;PSMD11;PSME3;POLR1A;PSMD7;PSMC4;PSMD2;PSMD12;UBE2S;CDC6;KPNB1;PSMD14;MCM7;H2AZ1;PSMA5;MCM5;PSMC5;MCM6;PSMB3;MCM4;PSMC3;CDC45;PSMD8;PSMC2;PSMC1;PSMD3;PSMB2;PSMA6;POLE3;ORC6;PSMB1;PSMD13;ANAPC7;PSMA4;MCM8;ANAPC1;PSMA7;POLA1;PSMA3;PSMB7;H3-3B;POLE4;PSMB5;ORC5;PSMD6;UBE2D1;PSMB4;CDK2;PSMB6;MCM3;MCM10;PSMD4;PSMA1;PSMD5;SLC25A15;UBE2E1;ANAPC10;ORC4
SoravsNC	Reactome_2022	DNA Replication R-HSA-69306	-2.25172783799	0	0	POLR1B;PSMD11;PSME3;POLR1A;PSMD7;PSMC4;PSMD2;PSMD12;UBE2S;CDC6;KPNB1;PSMD14;MCM7;H2AZ1;PSMA5;MCM5;PSMC5;MCM6;PSMB3;MCM4;PSMC3;CDC45;PSME4;PSMD8;PSMC2;PSMC1;PSMD3;PSMB2;PSMA6;POLE3;RFC3;FEN1;ORC6;PSMB1;PSMD13;ANAPC7;PSMA4;SLC19A1;MCM8;ANAPC1;GINS3;PSMA7;POLA1;PSMA3;PSMB7;H3-3B;POLE4;PSMB5;CCNE1;GINS2;ORC5;PSMD6;UBE2D1;RFC4;PSMB4;PCNA;GINS4;CDK2;POLD2;PSMB6;MCM3;MCM10;PSMD4;RFC2;PSMA1;PSMD5;SLC25A15;UBE2E1;ANAPC10;ORC4;GINS1;POLA2
SoravsNC	Reactome_2022	DNA Strand Elongation R-HSA-69190	-1.91804044193	0	0.000508577388961	POLR1B;POLR1A;MCM7;MCM5;MCM6;MCM4;CDC45;RFC3;FEN1;SLC19A1;MCM8;GINS3;POLA1;GINS2;RFC4;PCNA;GINS4;POLD2;MCM3;RFC2;GINS1;POLA2
SoravsNC	Reactome_2022	Dectin-1 Mediated Noncanonical NF-kB Signaling R-HSA-5607761	-2.19856168343	0	0	PSMD11;PSME3;PSMD7;PSMC4;PSMD2;PSMD12;PSMD14;PSMA5;PSMC5;PSMB3;PSMC3;UBE2M;PSME4;PSMD8;PSMC2;PSMC1;NFKB2;PSMD3;PSMB2;PSMA6;PSMB1;PSMD13;PSMA4;CHUK;PSMA7;PSMA3;PSMB7;MAP3K14;PSMB5;PSMD6;PSMB4;PSMB6;PSMD4;PSMA1;PSMD5
SoravsNC	Reactome_2022	Defective B3GALT6 Causes EDSP2 And SEMDJL1 R-HSA-4420332	1.72926985421	0.00632911392405	0.0212979297178	SDC2;GPC3;GPC6;HSPG2;AGRN
SoravsNC	Reactome_2022	Defective B3GAT3 Causes JDSSDHD R-HSA-3560801	1.71306683561	0.0149572649573	0.0241557811521	SDC2;GPC3;GPC6;HSPG2;AGRN
SoravsNC	Reactome_2022	Defective B4GALT7 Causes EDS, Progeroid Type R-HSA-3560783	1.70750304949	0.010752688172	0.0253855750254	SDC2;GPC3;GPC6;HSPG2;AGRN
SoravsNC	Reactome_2022	Defective CFTR Causes Cystic Fibrosis R-HSA-5678895	-2.07991979675	0	1.58218451021e-05	PSMD11;PSME3;PSMD7;PSMC4;PSMD2;PSMD12;PSMD14;PSMA5;PSMC5;PSMB3;PSMC3;VCP;PSME4;PSMD8;PSMC2;PSMC1;PSMD3;PSMB2;PSMA6;PSMB1;PSMD13;PSMA4;PSMA7;PSMA3;PSMB7;PSMB5;ERLEC1;PSMD6;PSMB4;PSMB6;PSMD4;PSMA1;DERL1;PSMD5
SoravsNC	Reactome_2022	Defective TPR May Confer Susceptibility Towards Thyroid Papillary Carcinoma (TPC) R-HSA-5619107	-1.85639236888	0.00177619893428	0.00152531139133	NUP155;NUP153;NUP50;SEH1L;NUP93;NUP188;NUP98;NUP205;NUP35;NUP88;NUP58;NUP43;NUP62;NUP37;POM121C;MAP4K5;POM121;SEC13;NUP42;NUP54
SoravsNC	Reactome_2022	Degradation Of AXIN R-HSA-4641257	-2.04543360231	0	2.73135010183e-05	PSMD11;PSME3;PSMD7;PSMC4;PSMD2;PSMD12;PSMD14;PSMA5;PSMC5;PSMB3;PSMC3;PSME4;PSMD8;PSMC2;PSMC1;PSMD3;PSMB2;PSMA6;PSMB1;PSMD13;PSMA4;PSMA7;PSMA3;PSMB7;PSMB5;PSMD6;PSMB4;PSMB6;PSMD4;PSMA1;PSMD5
SoravsNC	Reactome_2022	Degradation Of Beta-Catenin By Destruction Complex R-HSA-195253	-2.0908193995	0	0	MYC;PSMD11;PSME3;PSMD7;PSMC4;PSMD2;PSMD12;PSMD14;PSMA5;CSNK1A1;PSMC5;PSMB3;PSMC3;PPP2CA;PSME4;PSMD8;PSMC2;PSMC1;PSMD3;PSMB2;PSMA6;PPP2R5E;PSMB1;PSMD13;PSMA4;PSMA7;PSMA3;PPP2CB;PSMB7;PSMB5;TLE5;CTNNB1;PPP2R5A;PSMD6;TCF7L2;PSMB4;FRAT2;TCF7;PSMB6;PSMD4;PSMA1;PSMD5
SoravsNC	Reactome_2022	Degradation Of DVL R-HSA-4641258	-2.14566530484	0	0	PSMD11;PSME3;PSMD7;PSMC4;PSMD2;PSMD12;PSMD14;PSMA5;PSMC5;PSMB3;PSMC3;PSME4;PSMD8;PSMC2;PSMC1;PSMD3;PSMB2;PSMA6;PSMB1;PSMD13;PSMA4;CUL3;PSMA7;PSMA3;PSMB7;PSMB5;PSMD6;PSMB4;PSMB6;PSMD4;PSMA1;PSMD5
SoravsNC	Reactome_2022	Degradation Of GLI1 By Proteasome R-HSA-5610780	-2.07225952924	0	1.45774303188e-05	PSMD11;PSME3;PSMD7;PSMC4;PSMD2;PSMD12;PSMD14;PSMA5;PSMC5;PSMB3;PSMC3;PSME4;PSMD8;PSMC2;PSMC1;PSMD3;PSMB2;PSMA6;PSMB1;PSMD13;PSMA4;PSMA7;PSMA3;PSMB7;PSMB5;PSMD6;PSMB4;PSMB6;PSMD4;PSMA1;PSMD5
SoravsNC	Reactome_2022	Degradation Of GLI2 By Proteasome R-HSA-5610783	-2.11664733507	0	0	PSMD11;PSME3;PSMD7;PSMC4;PSMD2;PSMD12;PSMD14;PSMA5;CSNK1A1;PSMC5;PSMB3;PSMC3;PSME4;PSMD8;PSMC2;PSMC1;PSMD3;PSMB2;PSMA6;PSMB1;PSMD13;PSMA4;PSMA7;PSMA3;PSMB7;PSMB5;PSMD6;PSMB4;PSMB6;PSMD4;PSMA1;PSMD5
SoravsNC	Reactome_2022	Deubiquitination R-HSA-5688426	-1.64660646023	0	0.0195069989439	MYC;TGFBR2;HIF1A;PSMD11;PSME3;TGFB1;IKBKG;PSMD7;PSMC4;PSMD2;PSMD12;ADRM1;UCHL3;PSMD14;RUVBL1;ARRB1;PSMA5;INO80;PSMC5;PSMB3;PSMC3;UCHL5;VCP;PSME4;PSMD8;PSMC2;PSMC1;PSMD3;CDC25A;PSMB2;PSMA6;HCFC1;USP13;PSMB1;KEAP1;PSMD13;PSMA4;CLSPN;IDE;SMAD1;TANK;TRAF3;MCRS1;HGS;PSMA7;PSMA3;STAM;PSMB7;UFD1;RIPK2;KDM1B;PTRH2;PSMB5;ASXL2;ACTL6A;MDM2;USP32;PSMD6;UBE2D1;USP22;OTUD7B;RCE1;PSMB4;VDAC2;USP7;RAD23A;TOMM70;PSMB6;CDC20;USP25;PSMD4;PSMA1;MUL1;PSMD5;FOXK1;TOMM20;AREG;USP15;USP14;FOXK2;TFPT;RIPK1;JOSD1;TNIP2;USP42;PSMB10;BARD1;INO80C;INO80D;USP37;TADA2B
SoravsNC	Reactome_2022	Diseases Of Signal Transduction By Growth Factor Receptors And Second Messengers R-HSA-5663202	-1.5643444755	0	0.0396249052273	DUSP6;JAG1;SQSTM1;MYC;EML4;CEBPB;TGFBR2;CARS1;SPTBN1;SPRED2;BCL2L1;SHC1;SRC;ATIC;PSMD11;FGFR1;PSME3;YWHAB;TGFB1;PSMD7;PSMC4;PSMD2;PSMD12;RRBP1;CDC37;HSP90AA1;HDAC7;PSMD14;PRKAR1A;PHB1;ARRB1;KDM7A;PSMA5;PTPN11;CSNK1A1;DUSP16;CALM1;PSMC5;PSMB3;NPM1;PSMC3;PPP2CA;VCP;TPM3;HBEGF;PSME4;PSMD8;POLR2D;PSMC2;SPRED1;PDGFRB;CSK;LRP6;PSMC1;LONP1;PSMD3;PSMB2;PSMA6;FOXO1;PPP2R5E;POLR2L;PSMB1;PSMD13;PSMA4;HEY1;LRRFIP1;FYN;CHUK;AKT1;FKBP1A;HDAC2;RAP1B;PSMA7;POLR2I;LMNA;PSMA3;PPP2CB;NR4A1;STAT1;CBL;POLR2C;PSMB7;KIAA1549;PSMB5;GTF2F2;RHOG;PDGFA;KLC1;HRAS;CTNNB1;KIF5B;SHH;NCBP1;AKT1S1;MAML2;NRAS;ERLEC1;MDM2;DUSP7;TRIM24;PPP2R5A;PSMD6;TCF7L2;CREBBP;PSMB4;TFG;PTPN12
SoravsNC	Reactome_2022	Disorders Of Transmembrane Transporters R-HSA-5619115	-1.59776127967	0.00167504187605	0.0301564367646	SLC2A1;SLC6A14;PSMD11;PSME3;PSMD7;PSMC4;PSMD2;PSMD12;SLC3A2;NUP155;NUP153;PSMD14;NUP50;PSMA5;SEH1L;SLC27A4;PSMC5;PSMB3;NUP93;PSMC3;VCP;NUP188;PSME4;PSMD8;PSMC2;NUP98;PSMC1;PSMD3;PSMB2;PSMA6;NUP205;PSMB1;PSMD13;PSMA4;NUP35;NUP88;SLC35C1;PSMA7;NUP58;PSMA3;PSMB7;NUP43;PSMB5;NUP62;NUP37;ERLEC1;PSMD6;PSMB4;POM121C;MAP4K5;PSMB6;POM121;SEC13;PSMD4;PSMA1;SLC7A9;DERL1;PSMD5;NUP42
SoravsNC	Reactome_2022	Downstream Signaling Events Of B Cell Receptor (BCR) R-HSA-1168372	-2.08980038253	0	0	PSMD11;PSME3;IKBKG;PSMD7;PSMC4;PSMD2;PSMD12;PPP3R1;PSMD14;PSMA5;NFATC3;CALM1;PSMC5;PSMB3;PSMC3;PSME4;PSMD8;PSMC2;NFKB1;PSMC1;PSMD3;PSMB2;PSMA6;PSMB1;PSMD13;PSMA4;CHUK;FKBP1A;PSMA7;PSMA3;PSMB7;NFKBIB;PSMB5;HRAS;NRAS;PSMD6;PSMB4;PPIA;PSMB6;PSMD4;PSMA1;PSMD5
SoravsNC	Reactome_2022	Downstream TCR Signaling R-HSA-202424	-1.88667361189	0	0.000948838412241	PSMD11;PSME3;IKBKG;PSMD7;PSMC4;PSMD2;PSMD12;PSMD14;PSMA5;PSMC5;PSMB3;PSMC3;PSME4;PSMD8;PSMC2;NFKB1;PSMC1;PSMD3;PSMB2;PSMA6;PSMB1;PSMD13;PSMA4;CHUK;PSMA7;PSMA3;PSMB7;RIPK2;PSMB5;UBE2N;PSMD6;UBE2D1;PSMB4;UBE2D2;PSMB6;PSMD4;PSMA1;PSMD5
SoravsNC	Reactome_2022	Drug ADME R-HSA-9748784	1.88158559957	0	0.00517950889796	SULT2A1;GSTA2;SLCO2B1;ACSM2B;CES1;ACSM2A;ALB;SLC22A7;VAV3;SLC38A3;PCK1;GSTA1;CES2;ABCC3;ACSM5;UGT2A3
SoravsNC	Reactome_2022	Dual Incision In TC-NER R-HSA-6782135	-1.70819518063	0	0.0104855830063	POLR1B;POLR1A;PRPF19;POLR2D;POLE3;RFC3;POLR2L;SLC19A1;POLR2I;GTF2H2;POLR2C;CCNH;POLE4;GTF2H1;ERCC4;ERCC3;RFC4;USP7;PCNA;TCEA1;POLD2;GTF2H3;CUL4A;RFC2
SoravsNC	Reactome_2022	EML4 And NUDC In Mitotic Spindle Formation R-HSA-9648025	-1.59057726217	0.00868055555556	0.0320492123545	EML4;NUDC;RCC2;NDE1;SEH1L;MAPRE1;RANGAP1;PPP2CA;NUP98;XPO1;PPP2R5E;DYNC1LI1;SKA1;MAD1L1;PPP2CB;AHCTF1;PLK1;NUP43;DYNLL1;CENPO;DYNLL2;KIF2A;NUP37;PPP2R5A;CLASP2;ZWILCH;CENPM;CDC20;SEC13;CENPN;MIS12;PAFAH1B1;DSN1
SoravsNC	Reactome_2022	Export Of Viral Ribonucleoproteins From Nucleus R-HSA-168274	-1.86327998631	0	0.00134243960734	NUP155;NUP153;GNL3;NUP50;RAN;SEH1L;NUP93;NUP188;NUP98;NUP205;XPO1;NUP35;NUP88;NUP58;NUP43;NUP62;NUP37;POM121C;POM121;SEC13;NUP42;NUP54
SoravsNC	Reactome_2022	Extension Of Telomeres R-HSA-180786	-1.84739335008	0	0.00167543909392	DKC1;POLR1B;POLR1A;RUVBL1;GAR1;NOP10;RFC3;FEN1;SLC19A1;CHTF8;TERF2IP;NHP2;POLA1;TERT;RFC4;PCNA;CDK2;RUVBL2;POLD2;WRAP53;RFC2;DSCC1;BLM;PPP6R3;POLA2;SHQ1;TERF2;ACD;PRIM2;POLD1
SoravsNC	Reactome_2022	Extracellular Matrix Organization R-HSA-1474244	1.70273042694	0	0.0262375733182	COL27A1;FGB;FGA;VTN;COL18A1;COL7A1;PLG;FGG;COL4A5;SDC2;TMPRSS6;MMP11;LAMC1;LAMA5;COL16A1;PCOLCE;HSPG2;LTBP3;CAPN12;P4HA1;ITGB2;PLOD1;PLOD2;DMD;COL2A1;AGRN;DST;P4HA2;CTSD;SH3PXD2A;EFEMP2;NTN4;COL9A3;COL9A2;FBLN5;DAG1;COL6A1;DDR1;NCSTN;FBLN1;COL4A6;F11R;CTSB;ADAM10;ITGA7;SPARC;PTPRS;FBN1;SDC4;CRTAP;ITGAL
SoravsNC	Reactome_2022	FBXL7 Down-Regulates AURKA During Mitotic Entry And In Early Mitosis R-HSA-8854050	-2.19262163648	0	0	PSMD11;PSME3;PSMD7;PSMC4;PSMD2;PSMD12;PSMD14;PSMA5;PSMC5;PSMB3;PSMC3;PSME4;PSMD8;PSMC2;PSMC1;PSMD3;PSMB2;PSMA6;PSMB1;PSMD13;PSMA4;PSMA7;PSMA3;PSMB7;PSMB5;PSMD6;PSMB4;PSMB6;PSMD4;PSMA1;PSMD5
SoravsNC	Reactome_2022	FCERI Mediated NF-kB Activation R-HSA-2871837	-1.95948266852	0	0.00015932875594	PSMD11;PSME3;IKBKG;PSMD7;PSMC4;PSMD2;PSMD12;PSMD14;PSMA5;PSMC5;PSMB3;PSMC3;PSME4;PSMD8;PSMC2;NFKB1;PSMC1;PSMD3;PSMB2;PSMA6;PSMB1;PSMD13;PSMA4;CHUK;PSMA7;PSMA3;PSMB7;PSMB5;UBE2N;PSMD6;UBE2D1;PSMB4;UBE2D2;PSMB6;PSMD4;PSMA1;PSMD5
SoravsNC	Reactome_2022	Fatty Acid Metabolism R-HSA-8978868	1.9727130058	0	0.00173968237794	SCD;ACAD11;ACSF2;CYP4F3;ACAA2;RXRA;PHYH;PECR;EHHADH;ECI2;GPX4;ACAA1;PRKAB2;CRAT;ACOT2;EPHX2;ACOX1;ALDH3A2;ACOT1;HADHB;SLC25A1;MMUT;HADHA;ACADM;ACADS;HADH;ECHS1;ELOVL2;ACAD10;LTA4H;DECR1;DPEP1;HSD17B4;FADS2;CYP4F2;ACBD4;SLC25A20;PCCA;DBI;PCTP;CROT;ACOX2;ACSL1;ACLY;ACSM3;ACBD7;ACADVL;SLC27A3;NUDT7;PTGR2;ACOT13;CYP8B1;ACOT8;ACBD5;MCEE
SoravsNC	Reactome_2022	Fc Epsilon Receptor (FCERI) Signaling R-HSA-2454202	-1.71360805376	0	0.00998991299746	JUN;SHC1;PSMD11;PSME3;IKBKG;PSMD7;PSMC4;PSMD2;PSMD12;PPP3R1;PSMD14;PSMA5;NFATC3;CALM1;PSMC5;FOS;PSMB3;PSMC3;ITPR3;PSME4;PSMD8;PSMC2;NFKB1;PSMC1;PSMD3;PSMB2;PSMA6;PSMB1;PSMD13;PSMA4;FYN;CHUK;PSMA7;PSMA3;PSMB7;PSMB5;HRAS;ITPR1;UBE2N;NRAS;PSMD6;UBE2D1;PSMB4;UBE2D2
SoravsNC	Reactome_2022	Formation Of Early Elongation Complex R-HSA-113418	-1.67667878233	0.0036832412523	0.0149743241975	POLR2D;POLR2L;POLR2I;GTF2H2;POLR2C;CCNH;GTF2F2;NCBP1;GTF2H1;ERCC3;GTF2H3;SUPT4H1;GTF2F1;POLR2K;CDK7;POLR2B;NELFE;ERCC2;POLR2G;NELFA
SoravsNC	Reactome_2022	Formation Of Fibrin Clot (Clotting Cascade) R-HSA-140877	1.97666304471	0	0.00198820843193	FGB;FGA;SERPINC1;FGG;SERPIND1;F5;KNG1;SERPINA5;PROC;F7;ZNF160;F12;SERPING1;PRCP;PROS1
SoravsNC	Reactome_2022	Formation Of HIV Elongation Complex In Absence Of HIV Tat R-HSA-167152	-1.87884691662	0	0.00103415248421	ELOA;ELOC;POLR2D;POLR2L;SUPT16H;POLR2I;CCNK;GTF2H2;POLR2C;SSRP1;CCNH;CDK9;GTF2F2;NCBP1;GTF2H1;ERCC3;TCEA1;GTF2H3;SUPT4H1;GTF2F1;POLR2K;CDK7;CCNT1;POLR2B;ELL;CCNT2;NELFE;ERCC2;POLR2G;NELFA
SoravsNC	Reactome_2022	Formation Of HIV-1 Elongation Complex Containing HIV-1 Tat R-HSA-167200	-1.85418523618	0	0.00154119637457	ELOA;ELOC;POLR2D;POLR2L;SUPT16H;POLR2I;GTF2H2;POLR2C;SSRP1;CCNH;CDK9;GTF2F2;NCBP1;GTF2H1;ERCC3;TCEA1;GTF2H3;SUPT4H1;GTF2F1;POLR2K;CDK7;CCNT1;POLR2B;ELL;NELFE;ERCC2;POLR2G;NELFA
SoravsNC	Reactome_2022	Formation Of RNA Pol II Elongation Complex R-HSA-112382	-1.86182942802	0	0.00138686656033	ELOA;LEO1;ELOC;POLR2D;POLR2L;SUPT16H;EAF1;POLR2I;CCNK;GTF2H2;POLR2C;SSRP1;CCNH;CDK9;MLLT1;GTF2F2;NCBP1;GTF2H1;CDC73;ERCC3;IWS1;TCEA1;GTF2H3;PAF1;SUPT4H1;GTF2F1;POLR2K;AFF4;SUPT6H;CDK7;CCNT1;POLR2B;ELL;SKIC8;CCNT2;NELFE;ERCC2;POLR2G;NELFA
SoravsNC	Reactome_2022	Formation Of Tubulin Folding Intermediates By CCT/TriC R-HSA-389960	-2.0678772319	0	1.44154588708e-05	TCP1;CCT6A;CCT2;CCT5;TUBA1B;CCT4;CCT3;CCT7;TUBB2A;TUBB6;CCT8;TUBA1C
SoravsNC	Reactome_2022	Formation Of beta-catenin:TCF Transactivating Complex R-HSA-201722	-1.65501005364	0.00531914893617	0.018519506487	MYC;RUVBL1;H2AZ1;LEO1;ASH2L;SMARCA4;KMT2D;H3-3B;CTNNB1;TERT;CDC73;TCF7L2;CREBBP;TCF7;RBBP5
SoravsNC	Reactome_2022	G1/S DNA Damage Checkpoints R-HSA-69615	-2.18178173575	0	0	PSMD11;PSME3;PSMD7;PSMC4;PSMD2;PSMD12;PSMD14;PSMA5;PSMC5;PSMB3;PSMC3;PSME4;PSMD8;PSMC2;PSMC1;PSMD3;CDC25A;PSMB2;PSMA6;PSMB1;PSMD13;PSMA4;PSMA7;PSMA3;PSMB7;PSMB5;CCNE1;MDM2;PSMD6;PCBP4;PSMB4;CDKN1A;CDK2;PSMB6;PSMD4;PSMA1;PSMD5
SoravsNC	Reactome_2022	G1/S Transition R-HSA-69206	-2.22195156063	0	0	MYC;RRM2;POLR1B;PSMD11;PSME3;POLR1A;PSMD7;PSMC4;PSMD2;PSMD12;CDC6;PSMD14;E2F6;CCND1;MCM7;PSMA5;MCM5;PSMC5;MCM6;PSMB3;MCM4;PSMC3;CDC45;PPP2CA;PSMD8;PSMC2;PSMC1;PSMD3;CDC25A;PSMB2;PSMA6;POLE3;ORC6;E2F1;PSMB1;PSMD13;PSMA4;MCM8;AKT1;TFDP1;PSMA7;POLA1;PSMA3;PPP2CB;PSMB7;MAX;CCNH;POLE4;PSMB5;TK1;CCNE1;E2F4;ORC5;PSMD6;PSMB4;PCNA;CDK4;CDKN1A;CDK2;PSMB6;MCM3;MCM10;PSMD4;PSMA1;PSMD5;SLC25A15
SoravsNC	Reactome_2022	G2/M Checkpoints R-HSA-69481	-2.21134973338	0	0	POLR1B;PSMD11;PSME3;POLR1A;YWHAB;PSMD7;PSMC4;PSMD2;PSMD12;YWHAG;CDC6;PKMYT1;PSMD14;RBBP8;REXO2;MCM7;PSMA5;MCM5;PSMC5;MCM6;PSMB3;MCM4;PSMC3;CDC45;PSME4;PSMD8;PSMC2;YWHAH;PSMC1;PSMD3;CDC25A;PSMB2;PSMA6;RFC3;ORC6;PSMB1;PSMD13;PSMA4;CLSPN;MCM8;PSMA7;PSMA3;PSMB7;PSMB5;TOP3A;YWHAE;UBE2N;ORC5;PSMD6;YWHAZ;EXO1;RFC4;PSMB4;CDK2;YWHAQ;PSMB6;MCM3;MCM10;PSMD4;RFC2;PSMA1;PSMD5;BLM;SLC25A15
SoravsNC	Reactome_2022	G2/M Transition R-HSA-69275	-1.56682304266	0	0.0388322636892	PHLDA1;PSMD11;PSME3;PSMD7;PSMC4;PSMD2;PSMD12;YWHAG;HSP90AA1;PKMYT1;PSMD14;NDE1;PSMA5;MAPRE1;PSMC5;PSMB3;PSMC3;PPP2CA;HSP90AB1;PSME4;PSMD8;PSMC2;PSMC1;PSMD3;PPP2R2A;CDC25A;PSMB2;PSMA6;XPO1;PSMB1;PSMD13;PSMA4;TUBG1;HAUS7;HAUS2;MYBL2;ODF2;PSMA7;PSMA3;PPP2CB;AJUBA;PSMB7;PLK1;CCNH;DYNLL1;PSMB5;TUBB;YWHAE;PSMD6;PSMB4;HAUS8;CDKN1A;TUBA4A;CDK2;PSMB6;RAB8A;CEP72;PSMD4;TUBGCP3;CEP76;PSMA1
SoravsNC	Reactome_2022	GLI3 Is Processed To GLI3R By Proteasome R-HSA-5610785	-2.11664733507	0	0	PSMD11;PSME3;PSMD7;PSMC4;PSMD2;PSMD12;PSMD14;PSMA5;CSNK1A1;PSMC5;PSMB3;PSMC3;PSME4;PSMD8;PSMC2;PSMC1;PSMD3;PSMB2;PSMA6;PSMB1;PSMD13;PSMA4;PSMA7;PSMA3;PSMB7;PSMB5;PSMD6;PSMB4;PSMB6;PSMD4;PSMA1;PSMD5
SoravsNC	Reactome_2022	GSK3B And BTRC:CUL1-mediated-degradation Of NFE2L2 R-HSA-9762114	-2.15528002115	0	0	NFE2L2;PSMD11;PSME3;PSMD7;PSMC4;PSMD2;PSMD12;PSMD14;PSMA5;PSMC5;PSMB3;PSMC3;PSMD8;PSMC2;PSMC1;PSMD3;PSMB2;PSMA6;PSMB1;PSMD13;PSMA4;PSMA7;PSMA3;PSMB7;PSMB5;PSMD6;PSMB4;PSMB6;PSMD4;PSMA1;PSMD5
SoravsNC	Reactome_2022	Gap-filling DNA Repair Synthesis And Ligation In TC-NER R-HSA-6782210	-1.63435535038	0	0.0214235896449	POLR1B;POLR1A;PRPF19;POLR2D;POLE3;RFC3;POLR2L;SLC19A1;POLR2I;GTF2H2;POLR2C;CCNH;POLE4;GTF2H1;ERCC3;RFC4;USP7;PCNA;TCEA1;POLD2;GTF2H3;CUL4A;RFC2
SoravsNC	Reactome_2022	Gene Silencing By RNA R-HSA-211000	-1.7561307171	0.00174520069808	0.00621697911185	NUP155;NUP153;HSP90AA1;XPO5;NUP50;H2AZ1;RAN;SEH1L;PLD6;NUP93;NUP188;POLR2D;NUP98;ELAC2;NUP205;POLR2L;NUP35;NUP88;TSN;TNRC6C;POLR2I;NUP58;POLR2C;H3-3B;NUP43;NUP62;NUP37;POM121C;DGCR8;DROSHA;POM121;SEC13;NUP42;TSNAX;AGO2;NUP54
SoravsNC	Reactome_2022	Glyoxylate Metabolism And Glycine Degradation R-HSA-389661	1.74893076973	0.00220750551876	0.0172974133578	AGXT;AMT;GLDC;GNMT;LDHD;HOGA1;PRODH2;BCKDHA;GRHPR;DHTKD1;BCKDHB;PDHB;DAO
SoravsNC	Reactome_2022	HCMV Late Events R-HSA-9610379	-1.55475550468	0.00843170320405	0.0428286002949	NUP155;NUP153;NUP50;SEH1L;NUP93;NUP188;NUP98;NUP205;NUP35;NUP88;NUP58;NUP43;NUP62;VPS25;NUP37;SNF8;VPS37C;HNRNPK;CHMP4C;POM121C;VPS4A;POM121;SEC13;VPS37B;NUP42;CHMP7;RRM1;NUP54
SoravsNC	Reactome_2022	HIV Elongation Arrest And Recovery R-HSA-167287	-1.7591804187	0.00189035916824	0.00607484396178	ELOA;ELOC;POLR2D;POLR2L;SUPT16H;POLR2I;CCNK;POLR2C;SSRP1;CDK9;GTF2F2;TCEA1;SUPT4H1;GTF2F1;POLR2K;CCNT1;POLR2B;ELL;CCNT2;NELFE;POLR2G;NELFA
SoravsNC	Reactome_2022	HIV Infection R-HSA-162906	-2.21585480211	0	0	HMGA1;PSMD11;PSME3;FURIN;PSMD7;PSMC4;PSMD2;PSMD12;NUP155;NUP153;RANBP1;ELOA;KPNB1;PSMD14;NUP50;PSMA5;RAN;SEH1L;XRCC5;RANGAP1;PSMC5;PSMB3;NPM1;NUP93;PSMC3;ELOC;NUP188;PSME4;PSMD8;POLR2D;PSMC2;NUP98;AP1S3;PSMC1;PSMD3;PSMB2;TAF13;PSMA6;NUP205;XPO1;FEN1;RCC1;POLR2L;PSMB1;PSMD13;PSMA4;NUP35;FYN;SUPT16H;NUP88;GTF2E2;PSMA7;POLR2I;NUP58;PSMA3;GTF2A2;CCNK;GTF2H2;POLR2C;SSRP1;PSMB7;TAF3;NUP43;CCNH;PSMB5;NUP62;CDK9;GTF2F2;TAF9;GTF2E1;NCBP1;NUP37;GTF2H1;PSMD6;ATP6V1H;CHMP5;ERCC3;XRCC6;VPS37C;PSMB4;TCEA1;CHMP4C;PPIA;POM121C;VPS4A;TAF7;AP2S1;NMT1;GTF2H3;PSMB6;AP1B1;POM121;SEC13;PSMD4;VPS37B;PSMA1;PSMD5;NUP42;CHMP7;SUPT4H1;NUP54;TAF2;GTF2F1;POLR2K;AP1G1;TBP;CDK7
SoravsNC	Reactome_2022	HIV Life Cycle R-HSA-162587	-2.01890577593	0	7.63171351983e-05	HMGA1;FURIN;NUP155;NUP153;RANBP1;ELOA;NUP50;RAN;SEH1L;XRCC5;RANGAP1;NUP93;ELOC;NUP188;POLR2D;NUP98;TAF13;NUP205;XPO1;FEN1;RCC1;POLR2L;NUP35;SUPT16H;NUP88;GTF2E2;POLR2I;NUP58;GTF2A2;CCNK;GTF2H2;POLR2C;SSRP1;TAF3;NUP43;CCNH;NUP62;CDK9;GTF2F2;TAF9;GTF2E1;NCBP1;NUP37;GTF2H1;CHMP5;ERCC3;XRCC6;VPS37C;TCEA1;CHMP4C;PPIA;POM121C;VPS4A;TAF7;NMT1;GTF2H3;POM121;SEC13;VPS37B;NUP42;CHMP7;SUPT4H1;NUP54;TAF2;GTF2F1;POLR2K;TBP;CDK7;CCNT1;RANBP2
SoravsNC	Reactome_2022	HIV Transcription Initiation R-HSA-167161	-1.80892686597	0	0.00292723911695	POLR2D;TAF13;POLR2L;GTF2E2;POLR2I;GTF2A2;GTF2H2;POLR2C;TAF3;CCNH;GTF2F2;TAF9;GTF2E1;GTF2H1;ERCC3;TAF7;GTF2H3;TAF2;GTF2F1;POLR2K;TBP;CDK7
SoravsNC	Reactome_2022	HS-GAG Degradation R-HSA-2024096	1.75578994449	0.00423728813559	0.0177131296663	SDC2;GPC3;GPC6;HSPG2;AGRN;GLB1;SDC4;NAGLU
SoravsNC	Reactome_2022	HSF1 Activation R-HSA-3371511	-1.60607833465	0.0094696969697	0.0279850519731	FKBP4;TNFRSF21;POLR1B;POLR1A;HSPH1;HSP90AA1;SERPINH1;VCP;HSP90AB1;PTGES3;DNAJB1;YWHAE;MRPL18;HSF1
SoravsNC	Reactome_2022	HSF1-dependent Transactivation R-HSA-3371571	-1.62841393133	0.00749063670412	0.0226906621593	FKBP4;TNFRSF21;HSPH1;HSP90AA1;SERPINH1;HSP90AB1;RPTOR;PTGES3;HSPA8;DNAJB1;AKT1S1;MRPL18;CREBBP;HSF1
SoravsNC	Reactome_2022	HSP90 Chaperone Cycle For Steroid Hormone Receptors (SHR) In Presence Of Ligand R-HSA-3371497	-1.64377926032	0.00715563506261	0.0198609460874	FKBP4;FKBP5;STIP1;HSP90AA1;HSP90AB1;PTGES3;DNAJA2;HSPA8;DYNC1LI1;DNAJB1;DNAJA1;DYNLL1;DYNLL2;NR3C1;AREG;CAPZA1;CAPZA2
SoravsNC	Reactome_2022	Hedgehog Ligand Biogenesis R-HSA-5358346	-2.10558511138	0	0	PSMD11;PSME3;PSMD7;PSMC4;PSMD2;PSMD12;PSMD14;PSMA5;PSMC5;PSMB3;PSMC3;VCP;PSME4;PSMD8;PSMC2;PSMC1;PSMD3;PSMB2;PSMA6;PSMB1;PSMD13;PSMA4;PSMA7;PSMA3;PSMB7;PSMB5;SHH;ERLEC1;PSMD6;PSMB4;PSMB6;PSMD4;PSMA1;PSMD5
SoravsNC	Reactome_2022	Hedgehog Off State R-HSA-5610787	-1.78482447891	0	0.00420669299775	SMOX;PSMD11;PSME3;PSMD7;PSMC4;PSMD2;PSMD12;PSMD14;PRKAR1A;PSMA5;CSNK1A1;PSMC5;PSMB3;PSMC3;PSME4;PSMD8;PSMC2;PSMC1;PSMD3;PSMB2;PSMA6;PSMB1;PSMD13;PSMA4;WDR35;PSMA7;PSMA3;PRKAR1B;PSMB7;PSMB5;PSMD6;PSMB4;PSMB6;PSMD4;PSMA1;PSMD5
SoravsNC	Reactome_2022	Hedgehog On State R-HSA-5632684	-2.11738995959	0	0	SMOX;PSMD11;PSME3;PSMD7;GRK2;PSMC4;PSMD2;PSMD12;PSMD14;ARRB1;PSMA5;CSNK1A1;PSMC5;PSMB3;PSMC3;PSME4;PSMD8;PSMC2;PSMC1;PSMD3;PSMB2;PSMA6;PSMB1;PSMD13;PSMA4;CUL3;PSMA7;PSMA3;PSMB7;PSMB5;SHH;PSMD6;CDC73;PSMB4;SMURF1;PSMB6;PSMD4;PSMA1;PSMD5
SoravsNC	Reactome_2022	Hh Mutants Abrogate Ligand Secretion R-HSA-5387390	-2.14716335778	0	0	PSMD11;PSME3;PSMD7;PSMC4;PSMD2;PSMD12;PSMD14;PSMA5;PSMC5;PSMB3;PSMC3;VCP;PSME4;PSMD8;PSMC2;PSMC1;PSMD3;PSMB2;PSMA6;PSMB1;PSMD13;PSMA4;PSMA7;PSMA3;PSMB7;PSMB5;SHH;ERLEC1;PSMD6;PSMB4;PSMB6;PSMD4;PSMA1;PSMD5
SoravsNC	Reactome_2022	Hh Mutants Are Degraded By ERAD R-HSA-5362768	-2.18696071983	0	0	PSMD11;PSME3;PSMD7;PSMC4;PSMD2;PSMD12;PSMD14;PSMA5;PSMC5;PSMB3;PSMC3;VCP;PSME4;PSMD8;PSMC2;PSMC1;PSMD3;PSMB2;PSMA6;PSMB1;PSMD13;PSMA4;PSMA7;PSMA3;PSMB7;PSMB5;SHH;ERLEC1;PSMD6;PSMB4;PSMB6;PSMD4;PSMA1;PSMD5
SoravsNC	Reactome_2022	Host Interactions Of HIV Factors R-HSA-162909	-2.22995813777	0	0	HMGA1;PSMD11;PSME3;PSMD7;PSMC4;PSMD2;PSMD12;NUP155;NUP153;RANBP1;KPNB1;PSMD14;NUP50;PSMA5;RAN;SEH1L;RANGAP1;PSMC5;PSMB3;NPM1;NUP93;PSMC3;ELOC;NUP188;PSME4;PSMD8;PSMC2;NUP98;AP1S3;PSMC1;PSMD3;PSMB2;PSMA6;NUP205;XPO1;RCC1;PSMB1;PSMD13;PSMA4;NUP35;FYN;NUP88;PSMA7;NUP58;PSMA3;PSMB7;NUP43;PSMB5;NUP62;CDK9;NUP37;PSMD6;ATP6V1H;PSMB4;PPIA;POM121C;AP2S1;PSMB6;AP1B1;POM121;SEC13;PSMD4;PSMA1;PSMD5;NUP42;NUP54
SoravsNC	Reactome_2022	IRAK4 Deficiency (TLR2/4) R-HSA-5603041	1.82274997118	0.00228832951945	0.00847699776888	FGB;FGA;FGG;S100A1;CD36
SoravsNC	Reactome_2022	IRE1alpha Activates Chaperones R-HSA-381070	-1.80800004932	0	0.00294934916276	HYOU1;HSPA5;SHC1;ERN1;PREB;DNAJB11;SRPRB;MYDGF;WIPI1;SRPRA;SERP1;DNAJC3;GFPT1;LMNA;WFS1;SSR1;KDELR3;FKBP14;GOSR2
SoravsNC	Reactome_2022	ISG15 Antiviral Mechanism R-HSA-1169408	-1.63784773506	0.0017825311943	0.020680305932	EIF4A1;NUP155;NUP153;EIF4A3;EIF4G1;GNL3;KPNB1;NUP50;SEH1L;EIF4G2;KPNA4;NUP93;NUP188;NUP98;EIF4E;NUP205;IRF3;NUP35;NUP88;NUP58;MX2;STAT1;NUP43;NUP62;UBE2N;NUP37;EIF4G3;POM121C;POM121;SEC13;NEDD4;NUP42;UBE2E1;ARIH1;NUP54
SoravsNC	Reactome_2022	Interactions Of Rev With Host Cellular Proteins R-HSA-177243	-1.99461967216	0	8.40901767463e-05	NUP155;NUP153;RANBP1;KPNB1;NUP50;RAN;SEH1L;RANGAP1;NPM1;NUP93;NUP188;NUP98;NUP205;XPO1;RCC1;NUP35;NUP88;NUP58;NUP43;NUP62;NUP37;POM121C;POM121;SEC13;NUP42;NUP54
SoravsNC	Reactome_2022	Interactions Of Vpr With Host Cellular Proteins R-HSA-176033	-1.81442033889	0.00176366843034	0.00276613616445	HMGA1;NUP155;NUP153;NUP50;SEH1L;NUP93;NUP188;NUP98;NUP205;NUP35;NUP88;NUP58;NUP43;NUP62;NUP37;POM121C;POM121;SEC13;NUP42;NUP54;RANBP2;SLC25A5
SoravsNC	Reactome_2022	Interferon Signaling R-HSA-913531	-1.65195956064	0	0.018764995961	EGR1;ICAM1;EIF4A1;IFITM3;ABCE1;NUP155;NUP153;EIF4A3;MT2A;EIF4G1;GNL3;KPNB1;IFITM2;NUP50;PTPN11;SEH1L;EIF4G2;KPNA4;NUP93;TRIM8;OAS3;PDE12;NUP188;NUP98;EIF4E;NUP205;IRF3;NUP35;NUP88;FLNA;IFI30;NUP58;MX2;SOCS3;OAS1;STAT1;TRIM35;NUP43;NUP62;UBE2N;NUP37;EIF4G3;PTPN1;POM121C;TRIM21;TRIM26;POM121;SEC13;NEDD4;NUP42;UBE2E1;ARIH1;NUP54;TRIM38
SoravsNC	Reactome_2022	Interleukin-1 Family Signaling R-HSA-446652	-1.87478935645	0	0.00110278260362	SQSTM1;PSMD11;PSME3;IKBKG;PSMD7;PSMC4;PSMD2;PSMD12;PSMD14;PSMA5;PTPN11;PSMC5;PSMB3;PSMC3;PSME4;PSMD8;PSMC2;NFKB1;PSMC1;NFKB2;IRAK1;PSMD3;PSMB2;PSMA6;CASP8;PSMB1;PSMD13;PSMA4;PTPN14;CHUK;TANK;HMGB1;IRAK2;PSMA7;PSMA3;PSMB7;NFKBIB;RIPK2;IL18;PSMB5;UBE2N;PSMD6;PSMB4;PTPN12;PELI1;PSMB6;MAP2K1;PSMD4;PSMA1;PSMD5
SoravsNC	Reactome_2022	Interleukin-1 Signaling R-HSA-9020702	-1.94912223039	0	0.000255042733868	SQSTM1;PSMD11;PSME3;IKBKG;PSMD7;PSMC4;PSMD2;PSMD12;PSMD14;PSMA5;PSMC5;PSMB3;PSMC3;PSME4;PSMD8;PSMC2;NFKB1;PSMC1;NFKB2;IRAK1;PSMD3;PSMB2;PSMA6;CASP8;PSMB1;PSMD13;PSMA4;CHUK;TANK;HMGB1;IRAK2;PSMA7;PSMA3;PSMB7;NFKBIB;RIPK2;PSMB5;UBE2N;PSMD6;PSMB4;PELI1;PSMB6;MAP2K1;PSMD4;PSMA1;PSMD5
SoravsNC	Reactome_2022	Interleukin-10 Signaling R-HSA-6783783	-1.93904299135	0	0.000310945021924	CCL20;ICAM1;CSF1;TNFRSF1A;TIMP1;LIF;CXCL8
SoravsNC	Reactome_2022	Interleukin-12 Family Signaling R-HSA-447115	-1.64398232421	0.00184162062615	0.0198971603547	HSPA9;TCP1;GSTO1;HNRNPF;TALDO1;CRLF1;MTAP;PITPNA;HNRNPA2B1;BOLA2B;AURKAIP1;RAP1B;STAT1;SNRPA1;CANX;IL12A;PPIA;VPS72;LMNB1;IL27RA;RALA;CDC42;CAPZA1
SoravsNC	Reactome_2022	Interleukin-12 Signaling R-HSA-9020591	-1.53737723597	0.0223463687151	0.0488351391284	HSPA9;TCP1;GSTO1;HNRNPF;TALDO1;MTAP;PITPNA;HNRNPA2B1;BOLA2B;AURKAIP1;RAP1B;SNRPA1;IL12A;PPIA;VPS72;LMNB1;RALA;CDC42;CAPZA1
SoravsNC	Reactome_2022	Interleukin-4 And Interleukin-13 Signaling R-HSA-6785807	-1.64359661769	0	0.0198022882383	MYC;ICAM1;MCL1;HIF1A;BCL2L1;ITGB1;IL4R;TIMP1;TGFB1;LIF;HSP90AA1;CCND1;FOS;LONP1;CXCL8;FOXO1;HSPA8;AKT1;SOCS3;STAT1;IL18;MMP3;IL12A;CDKN1A;MMP2
SoravsNC	Reactome_2022	Interleukin-6 Family Signaling R-HSA-6783589	-1.57580873644	0.0236686390533	0.0364750837073	OSMR;LIF;IL11;PTPN11;CRLF1;CLCF1;SOCS3;STAT1;CBL
SoravsNC	Reactome_2022	Intracellular Signaling By Second Messengers R-HSA-9006925	-1.6693092098	0	0.0162518629791	IER3;EGR1;JUN;TRIB3;PHC2;GATAD2A;SRC;TRIM27;PSMD11;FGFR1;PSME3;CBX4;PSMD7;GRK2;PSMC4;PSMD2;PSMD12;HDAC7;MTA2;PSMD14;PRKAR1A;PSMA5;PTPN11;CALM1;PSMC5;PSMB3;PSMC3;PPP2CA;ITPR3;HBEGF;PSME4;PSMD8;PIP5K1A;PSMC2;RPTOR;PDGFRB;PSMC1;IRAK1;PSMD3;PSMB2;PSMA6;VAPA;FOXO1;USP13;PPP2R5E;PSMB1;PSMD13;XIAP;PSMA4;FYN;CHUK;AKT1;PIP4K2A;HDAC2;RCOR1;TNRC6C;PSMA7;PSMA3;PPP2CB;NR4A1;CHD4;PRKAR1B;PSMB7;PHLPP2;PSMB5;RHOG;PDGFA;ITPR1;AKT1S1;MDM2;CSNK2A2;PPP2R5A;PSMD6;RHEB;PSMB4;USP7;SNAI1;PIP4K2C;CDKN1A;PSMB6;RNF2;PSMD4;PSMA1;LAMTOR1;GDNF;PSMD5;RING1;NEDD4;ATN1;CSNK2B;AGO2;AREG;PRKAR2A
SoravsNC	Reactome_2022	Intrinsic Pathway Of Fibrin Clot Formation R-HSA-140837	1.75181089405	0.00622406639004	0.01757893929	SERPINC1;SERPIND1;KNG1;SERPINA5;PROC;ZNF160;F12;SERPING1;PRCP;PROS1
SoravsNC	Reactome_2022	KEAP1-NFE2L2 Pathway R-HSA-9755511	-2.25598750154	0	0	SLC7A11;SQSTM1;MYC;TXNRD1;SRXN1;NFE2L2;ATF4;MAFG;MAP1LC3B;PSMD11;GCLM;SESN2;PSME3;GCLC;PSMD7;NQO1;PSMC4;PSMD2;PSMD12;GSR;PSMD14;TALDO1;PSMA5;PSMC5;PSMB3;PSMC3;MAFK;VCP;PSME4;PSMD8;PSMC2;PSMC1;PSMD3;PSMB2;PSMA6;UBL4A;PSMB1;KEAP1;PSMD13;PSMA4;CUL3;AKT1;NPLOC4;PSMA7;PSMA3;PSMB7;UFD1;PSMB5;CSNK2A2;TKT;PSMD6;CREBBP;PSMB4
SoravsNC	Reactome_2022	KSRP (KHSRP) Binds And Destabilizes mRNA R-HSA-450604	-1.78299738566	0	0.00434547928852	EXOSC6;EXOSC2;EXOSC5;PARN;AKT1;EXOSC8;EXOSC3;KHSRP;EXOSC4;YWHAZ;DCP2;DIS3;EXOSC7;EXOSC1;EXOSC9
SoravsNC	Reactome_2022	Lagging Strand Synthesis R-HSA-69186	-1.57578382297	0.0197841726619	0.0363371319724	POLR1B;POLR1A;RFC3;FEN1;SLC19A1;POLA1;RFC4;PCNA;POLD2;RFC2;POLA2;PRIM2;POLD1
SoravsNC	Reactome_2022	Late Phase Of HIV Life Cycle R-HSA-162599	-2.00387761031	0	7.3437243304e-05	FURIN;NUP155;NUP153;RANBP1;ELOA;NUP50;RAN;SEH1L;RANGAP1;NUP93;ELOC;NUP188;POLR2D;NUP98;TAF13;NUP205;XPO1;RCC1;POLR2L;NUP35;SUPT16H;NUP88;GTF2E2;POLR2I;NUP58;GTF2A2;CCNK;GTF2H2;POLR2C;SSRP1;TAF3;NUP43;CCNH;NUP62;CDK9;GTF2F2;TAF9;GTF2E1;NCBP1;NUP37;GTF2H1;CHMP5;ERCC3;VPS37C;TCEA1;CHMP4C;PPIA;POM121C;VPS4A;TAF7;NMT1;GTF2H3;POM121;SEC13;VPS37B;NUP42;CHMP7;SUPT4H1;NUP54;TAF2;GTF2F1;POLR2K;TBP;CDK7;CCNT1;RANBP2
SoravsNC	Reactome_2022	M Phase R-HSA-68886	-1.75791364386	0	0.00618347314721	EML4;NUDC;PSMD11;PSME3;RCC2;PSMD7;PSMC4;PSMD2;TUBA1B;PSMD12;YWHAG;NUP155;NUP153;HSP90AA1;TUBB2A;UBE2S;KPNB1;PSMD14;NUP50;NDE1;H2AZ1;PSMA5;TUBB6;RAN;SEH1L;MAPRE1;RANGAP1;PSMC5;TUBA1C;KMT5A;PSMB3;GORASP2;NUP93;PSMC3;PPP2CA;TNPO1;NUP188;SET;PSME4;PSMD8;PSMC2;NUP98;PSMC1;PSMD3;PPP2R2A;PSMB2;PSMA6;NUP205;XPO1;RCC1;PPP2R5E;PSMB1;PSMD13;ANAPC7;PSMA4;DYNC1LI1;TUBG1;NUP35;NUP88;SKA1;TMPO;HAUS7;HAUS2;ANAPC1;ODF2;MAD1L1;PSMA7;LMNA;NUP58;PSMA3;PPP2CB;LPIN2;AHCTF1;PSMB7;H3-3B;PLK1;NUP43;DYNLL1;CENPO;PSMB5;SMC1A;NUP62;TUBB;DYNLL2;YWHAE;KIF2A;GORASP1;TUBB3;NUP37;CSNK2A2;PPP2R5A;PSMD6;UBE2D1;WAPL;CLASP2;MCPH1;VRK1;PSMB4;CHMP4C;POM121C;VPS4A;ZWILCH;HAUS8;TUBA4A;CENPM;PSMB6;CDC20;POM121;LMNB1;CEP72;SEC13;PSMD4;TUBGCP3;CEP76;PSMA1;UBE2I;CENPN;VRK2;PSMD5;MIS12;RAB1A;NUP42;CHMP7;UBE2E1;PAFAH1B1;RAB33B;ANKLE2;ANAPC10;CSNK2B;NUP54;CEP41;PCNT;DSN1;RAB1B;NCAPG2;BLZF1;TUBGCP5
SoravsNC	Reactome_2022	MAPK Family Signaling Cascades R-HSA-5683057	-1.65201682096	0	0.0188447567129	DUSP6;JUN;MYC;ETV4;SPTBN1;SPRED2;BCL2L1;SHC1;SRC;PSMD11;FGFR1;PSME3;DUSP5;YWHAB;PSMD7;PSMC4;PSMD2;PSMD12;PSMD14;PHB1;ARRB1;PSMA5;PTPN11;DUSP16;CALM1;PSMC5;PSMB3;PSMC3;PPP2CA;HBEGF;PSME4;PSMD8;PSMC2;SPRED1;PDGFRB;CSK;PSMC1;PSMD3;PSMB2;MAPK6;PSMA6;FOXO1;XPO1;CDC42EP2;PPP2R5E;MAPK12;PSMB1;PSMD13;PSMA4;PEA15;FYN;CUL3;RASGRF2;TNRC6C;RAP1B;PSMA7;CCND3;PSMA3;DNAJB1;PPP2CB;IGF2BP1;PPP5C;PSMB7;ABHD17C;PSMB5;PTPN3;PAQR3;PDGFA;HRAS;MAPKAPK5;NRAS;DUSP12;DUSP7;ICMT;PPP2R5A;PSMD6;RCE1;PSMB4;MMP2;GPRIN1;MARK3;PSMB6;MAP2K1;RASGRF1;PSMD4;PSMA1;LYPLA1;MAP2K2;GDNF;HSPB1;PSMD5
SoravsNC	Reactome_2022	MAPK1/MAPK3 Signaling R-HSA-5684996	-1.57842782457	0	0.0357915250249	DUSP6;SPTBN1;SPRED2;BCL2L1;SHC1;SRC;PSMD11;FGFR1;PSME3;DUSP5;YWHAB;PSMD7;PSMC4;PSMD2;PSMD12;PSMD14;PHB1;ARRB1;PSMA5;PTPN11;DUSP16;CALM1;PSMC5;PSMB3;PSMC3;PPP2CA;HBEGF;PSME4;PSMD8;PSMC2;SPRED1;PDGFRB;CSK;PSMC1;PSMD3;PSMB2;PSMA6;PPP2R5E;MAPK12;PSMB1;PSMD13;PSMA4;PEA15;FYN;CUL3;RASGRF2;RAP1B;PSMA7;PSMA3;PPP2CB;PPP5C;PSMB7;ABHD17C;PSMB5;PTPN3;PAQR3;PDGFA;HRAS;NRAS;DUSP12;DUSP7;ICMT;PPP2R5A;PSMD6;RCE1;PSMB4;GPRIN1;MARK3;PSMB6;MAP2K1;RASGRF1;PSMD4;PSMA1;LYPLA1;MAP2K2;GDNF;PSMD5
SoravsNC	Reactome_2022	MAPK6/MAPK4 Signaling R-HSA-5687128	-2.07751436068	0	1.50859453299e-05	JUN;MYC;ETV4;PSMD11;PSME3;PSMD7;PSMC4;PSMD2;PSMD12;PSMD14;PSMA5;PSMC5;PSMB3;PSMC3;PSME4;PSMD8;PSMC2;PSMC1;PSMD3;PSMB2;MAPK6;PSMA6;FOXO1;XPO1;CDC42EP2;PSMB1;PSMD13;PSMA4;TNRC6C;PSMA7;CCND3;PSMA3;DNAJB1;IGF2BP1;PSMB7;PSMB5;MAPKAPK5;PSMD6;PSMB4;MMP2;PSMB6;PSMD4;PSMA1;HSPB1;PSMD5
SoravsNC	Reactome_2022	Major Pathway Of rRNA Processing In Nucleolus And Cytosol R-HSA-6791226	-2.21077517057	0	0	BOP1;PDCD11;WDR43;BYSL;UTP20;NOP58;UTP4;NOP56;NIP7;NOP14;DHX37;NOL6;EBNA1BP2;IMP4;WDR3;RRP9;TSR1;PNO1;WDR12;GNL3;WDR46;EMG1;RRP7A;PWP2;PES1;HEATR1;UTP14A;UTP15;RSL24D1;SNU13;DDX56;RCL1;RIOK1;FTSJ3;DCAF13;EXOSC6;UTP25;BUD23;WDR75;UTP11;NOL11;UTP6;UTP18;SENP3;LTV1;TEX10;EXOSC2;EXOSC5;ISG20L2;NOC4L;WDR36;NOL9;RRP1B;TBL3;RPL22L1;EXOSC8;BMS1;XRN2;UTP3;PELP1;RBM28;EXOSC3;RRP36;EXOSC10;DDX49;EXOSC4;MTREX;RPP40;RPL26L1;LAS1L;FCF1;NOL12;RPP14;ERI1;FBL;DIS3
SoravsNC	Reactome_2022	Metabolism Of Non-Coding RNA R-HSA-194441	-2.13092949015	0	0	PRMT5;WDR77;NUP155;NUP153;GEMIN5;NUP50;SNRPB;SEH1L;NUP93;SNRPG;NUP188;NUP98;NUP205;SNRPF;NUP35;GEMIN4;NUP88;NUP58;NUP43;NUP62;DDX20;NCBP1;NUP37;POM121C;POM121;GEMIN7;GEMIN2;SEC13;SNUPN;SNRPD2;NUP42;SMN1;NUP54
SoravsNC	Reactome_2022	Metabolism Of Nucleotides R-HSA-15869	-1.64346346391	0.0017094017094	0.0197554736132	TXNRD1;GART;RRM2;ATIC;GLRX;NME2;GSR;CTPS1;COASY;UPP1;UCK2;NT5E;DCTPP1;GDA;GMPS;ADSL;PFAS;ITPA;PAICS;TK1;DGUOK;ADSS2;DTYMK;SCO2;NUDT5;AK6;NT5C2;NUDT15
SoravsNC	Reactome_2022	Metabolism Of Polyamines R-HSA-351202	-2.28679433942	0	0	SLC38A1;SMOX;PSMD11;PSME3;PSMD7;AZIN1;NQO1;PSMC4;PSMD2;PSMD12;PSMD14;PSMA5;PSMC5;PSMB3;PSMC3;PSME4;PSMD8;PSMC2;PSMC1;PSMD3;PSMB2;PSMA6;PSMB1;PSMD13;PSMA4;PSMA7;PSMA3;PSMB7;PSMB5;PSMD6;PSMB4;OAZ1;PSMB6;PSMD4;PSMA1;PSMD5
SoravsNC	Reactome_2022	Metabolism Of Steroids R-HSA-8957322	1.83134274488	0	0.00808642876071	SCD;SERPINA6;PPARA;ALB;RXRA;CYP27A1;CYP19A1;MSMO1;TM7SF2;DHCR7;AKR1D1;ABCC3;SREBF2;OSBPL7;INSIG2;GPAM;HMGCS1;SLC51A;FDFT1;FDPS;SQLE;ACACB;STARD4;HMGCR;NR1H4;HSD17B4;TBL1X;MVD;SC5D;IDI1;CYP7A1;ACOX2;DHCR24;FDXR;MVK;CHD9;NSDHL;CYP21A2;SCAP;CYP8B1;HSD17B14;SEC24A;ACOT8
SoravsNC	Reactome_2022	Mitochondrial Fatty Acid Beta-Oxidation R-HSA-77289	2.12923930349	0	0	ACAD11;ACSF2;ACAA2;ACOT2;ACOT1;HADHB;MMUT;HADHA;ACADM;ACADS;HADH;ECHS1;ACAD10;DECR1;PCCA;DBI;PCTP;ACSM3;ACBD7;ACADVL
SoravsNC	Reactome_2022	Mitochondrial Protein Import R-HSA-1268020	-1.64737854695	0.00354609929078	0.0194724533264	HSPA9;TOMM40;TIMM44;TIMM23;GRPEL2;TIMM17A;TOMM5;MTX2;TIMM13;CHCHD2;GRPEL1;TIMM50;BCS1L;HSPD1;CMC2;TIMM22;TIMM8B;ATP5MC1;TOMM22;TIMM10;COA4;PMPCA;TIMM9;PAM16;TOMM70;CHCHD10;SLC25A12;COA6;FXN;TIMM10B;TOMM20
SoravsNC	Reactome_2022	Mitochondrial Translation Elongation R-HSA-5389840	-2.05644979511	0	1.39504440685e-05	MRPL3;MRPL12;MRPS23;TUFM;MRPL46;TSFM;MRPL15;GFM1;AURKAIP1;MRPL4;MRPL38;MRPL30;MRPL20;MRPL1;MRPS18B;MRPL35;MRPS34;MRPL21;MRPL36;MRPS16;GADD45GIP1;MRPS11;MRPL47;MRPS10;MRPL16;MRPL18;MRPL58;MRPL14;MRPL52;MRPS2;MRPL40;MRPS21;MRPS7;MRPS17;MRPL24;MRPL17;MRPS18C;MRPL19;MRPS18A;MRPL54;MRPL32;MRPS26;MRPL33;MRPL50;MRPL13;MRPL9;MRPS30;MRPL34;MRPS6;MRPL55;MRPS9;MRPS22;MRPS35;MRPL41;MRPL44;CHCHD1;MRPL49
SoravsNC	Reactome_2022	Mitochondrial Translation Initiation R-HSA-5368286	-2.03394865014	0	3.93148878294e-05	MRPL3;MRPL12;MRPS23;MRPL46;MTIF2;MRPL15;AURKAIP1;MRPL4;MRPL38;MRPL30;MRPL20;MRPL1;MRPS18B;MRPL35;MRPS34;MRPL21;MRPL36;MRPS16;GADD45GIP1;MRPS11;MRPL47;MRPS10;MRPL16;MRPL18;MRPL58;MRPL14;MRPL52;MRPS2;MRPL40;MRPS21;MTFMT;MRPS7;MRPS17;MRPL24;MRPL17;MRPS18C;MRPL19;MRPS18A;MRPL54;MRPL32;MRPS26;MRPL33;MRPL50;MRPL13;MRPL9;MRPS30;MRPL34;MRPS6;MRPL55;MRPS9;MRPS22;MRPS35;MRPL41;MRPL44;CHCHD1;MRPL49
SoravsNC	Reactome_2022	Mitochondrial Translation R-HSA-5368287	-2.07793865689	0	1.52634270397e-05	MRPL3;MRPL12;MRPS23;TUFM;MRPL46;TSFM;MTIF2;MRPL15;GFM1;AURKAIP1;MRPL4;MRPL38;MRPL30;MRPL20;MRPL1;MRPS18B;MRPL35;MRPS34;MRPL21;MRPL36;MRPS16;GADD45GIP1;MRPS11;MRPL47;MRPS10;MRPL16;MRPL18;MRPL58;MTRF1L;MRPL14;MRPL52;MRPS2;MRPL40;MRPS21;MTFMT;MRPS7;MRPS17;MRPL24;MRPL17;MRPS18C;MRPL19;MRPS18A;MRPL54;MRPL32;MRPS26;MRPL33;MRPL50;MRPL13;MRPL9;MRPS30;MRPL34;MRPS6;MRPL55;MRPS9;MRPS22;MRPS35;MRPL41;MRPL44;CHCHD1;MRPL49
SoravsNC	Reactome_2022	Mitochondrial Translation Termination R-HSA-5419276	-2.0401164486	0	2.70289853827e-05	MRPL3;MRPL12;MRPS23;MRPL46;MRPL15;AURKAIP1;MRPL4;MRPL38;MRPL30;MRPL20;MRPL1;MRPS18B;MRPL35;MRPS34;MRPL21;MRPL36;MRPS16;GADD45GIP1;MRPS11;MRPL47;MRPS10;MRPL16;MRPL18;MRPL58;MTRF1L;MRPL14;MRPL52;MRPS2;MRPL40;MRPS21;MRPS7;MRPS17;MRPL24;MRPL17;MRPS18C;MRPL19;MRPS18A;MRPL54;MRPL32;MRPS26;MRPL33;MRPL50;MRPL13;MRPL9;MRPS30;MRPL34;MRPS6;MRPL55;MRPS9;MRPS22;MRPS35;MRPL41;MRPL44;CHCHD1;MRPL49
SoravsNC	Reactome_2022	Mitochondrial tRNA Aminoacylation R-HSA-379726	-1.60442063946	0.0172413793103	0.0283664196224	GARS1;MARS2;EARS2;KARS1;YARS2;TARS2;AARS2;DARS2;NARS2;DTD1
SoravsNC	Reactome_2022	Mitophagy R-HSA-5205647	-1.67094105482	0.00744878957169	0.0160032586852	SQSTM1;SRC;MAP1LC3B;PGAM5;TOMM40;TOMM5;TOMM22;CSNK2A2;MTERF3;TOMM70;MFN2;TOMM20;CSNK2B
SoravsNC	Reactome_2022	Mitotic Anaphase R-HSA-68882	-2.22848467733	0	0	NUDC;PSMD11;PSME3;RCC2;PSMD7;PSMC4;PSMD2;TUBA1B;PSMD12;NUP155;TUBB2A;UBE2S;KPNB1;PSMD14;NDE1;PSMA5;TUBB6;RAN;SEH1L;MAPRE1;RANGAP1;PSMC5;TUBA1C;PSMB3;NUP93;PSMC3;PPP2CA;TNPO1;NUP188;PSME4;PSMD8;PSMC2;NUP98;PSMC1;PSMD3;PPP2R2A;PSMB2;PSMA6;NUP205;XPO1;RCC1;PPP2R5E;PSMB1;PSMD13;ANAPC7;PSMA4;DYNC1LI1;NUP35;SKA1;TMPO;ANAPC1;MAD1L1;PSMA7;LMNA;NUP58;PSMA3;PPP2CB;AHCTF1;PSMB7;PLK1;NUP43;DYNLL1;CENPO;PSMB5;SMC1A;NUP62;TUBB;DYNLL2;KIF2A;TUBB3;NUP37;PPP2R5A;PSMD6;UBE2D1;WAPL;CLASP2;VRK1;PSMB4;CHMP4C;VPS4A;ZWILCH;TUBA4A;CENPM;PSMB6;CDC20;POM121;LMNB1;SEC13;PSMD4;PSMA1;UBE2I;CENPN;VRK2;PSMD5;MIS12;CHMP7;UBE2E1;PAFAH1B1;ANKLE2;ANAPC10;NUP54
SoravsNC	Reactome_2022	Mitotic G1 Phase And G1/S Transition R-HSA-453279	-2.17928572595	0	0	MYC;RRM2;SRC;POLR1B;PSMD11;PSME3;POLR1A;PSMD7;PSMC4;PSMD2;PSMD12;CDC6;PSMD14;E2F6;CCND1;MCM7;PSMA5;MCM5;PSMC5;MCM6;PSMB3;MCM4;PSMC3;CDC45;PPP2CA;E2F3;PSMD8;PSMC2;PSMC1;PSMD3;PPP2R2A;CDC25A;PSMB2;CDKN2B;PSMA6;POLE3;ORC6;E2F1;ABL1;PSMB1;PSMD13;PSMA4;MCM8;AKT1;TFDP1;MYBL2;PSMA7;CCND3;POLA1;PSMA3;PPP2CB;PSMB7;MAX;CCNH;POLE4;PSMB5;TK1;CCNE1;E2F4;ORC5;PSMD6;PSMB4;PCNA;CDK4;CDKN1A;CDK2;PSMB6;MCM3;MCM10;PSMD4;PSMA1;PSMD5;SLC25A15
SoravsNC	Reactome_2022	Mitotic G2-G2/M Phases R-HSA-453274	-1.59482703922	0	0.0308287375859	PHLDA1;PSMD11;PSME3;PSMD7;PSMC4;PSMD2;PSMD12;YWHAG;HSP90AA1;PKMYT1;PSMD14;NDE1;PSMA5;MAPRE1;PSMC5;PSMB3;PSMC3;PPP2CA;E2F3;HSP90AB1;PSME4;PSMD8;PSMC2;PSMC1;PSMD3;PPP2R2A;CDC25A;PSMB2;PSMA6;XPO1;E2F1;PSMB1;PSMD13;PSMA4;TUBG1;HAUS7;HAUS2;MYBL2;ODF2;PSMA7;PSMA3;PPP2CB;AJUBA;PSMB7;PLK1;CCNH;DYNLL1;PSMB5;TUBB;YWHAE;PSMD6;PSMB4;HAUS8;CDKN1A;TUBA4A;CDK2;PSMB6;RAB8A;CEP72;PSMD4;TUBGCP3;CEP76;PSMA1
SoravsNC	Reactome_2022	Mitotic Metaphase And Anaphase R-HSA-2555396	-2.22127225998	0	0	NUDC;PSMD11;PSME3;RCC2;PSMD7;PSMC4;PSMD2;TUBA1B;PSMD12;NUP155;TUBB2A;UBE2S;KPNB1;PSMD14;NDE1;PSMA5;TUBB6;RAN;SEH1L;MAPRE1;RANGAP1;PSMC5;TUBA1C;PSMB3;NUP93;PSMC3;PPP2CA;TNPO1;NUP188;PSME4;PSMD8;PSMC2;NUP98;PSMC1;PSMD3;PPP2R2A;PSMB2;PSMA6;NUP205;XPO1;RCC1;PPP2R5E;PSMB1;PSMD13;ANAPC7;PSMA4;DYNC1LI1;NUP35;SKA1;TMPO;ANAPC1;MAD1L1;PSMA7;LMNA;NUP58;PSMA3;PPP2CB;AHCTF1;PSMB7;PLK1;NUP43;DYNLL1;CENPO;PSMB5;SMC1A;NUP62;TUBB;DYNLL2;KIF2A;TUBB3;NUP37;PPP2R5A;PSMD6;UBE2D1;WAPL;CLASP2;VRK1;PSMB4;CHMP4C;VPS4A;ZWILCH;TUBA4A;CENPM;PSMB6;CDC20;POM121;LMNB1;SEC13;PSMD4;PSMA1;UBE2I;CENPN;VRK2;PSMD5;MIS12;CHMP7;UBE2E1;PAFAH1B1;ANKLE2;ANAPC10;NUP54
SoravsNC	Reactome_2022	Mitotic Prophase R-HSA-68875	-1.56707103004	0.00333889816361	0.0388818192189	NUP155;NUP153;NUP50;H2AZ1;SEH1L;KMT5A;GORASP2;NUP93;PPP2CA;NUP188;SET;NUP98;NUP205;NUP35;NUP88;TMPO;LMNA;NUP58;PPP2CB;LPIN2;H3-3B;PLK1;NUP43;NUP62;GORASP1;NUP37;MCPH1;VRK1;POM121C;POM121;LMNB1;SEC13;VRK2;RAB1A;NUP42;RAB33B;NUP54;RAB1B;NCAPG2;BLZF1;RANBP2;NCAPH2;MASTL
SoravsNC	Reactome_2022	Mitotic Spindle Checkpoint R-HSA-69618	-1.64303287856	0.00346020761246	0.0197598335574	NUDC;RCC2;UBE2S;NDE1;SEH1L;MAPRE1;RANGAP1;PPP2CA;NUP98;XPO1;PPP2R5E;ANAPC7;DYNC1LI1;SKA1;ANAPC1;MAD1L1;PPP2CB;AHCTF1;PLK1;NUP43;DYNLL1;CENPO;DYNLL2;KIF2A;NUP37;PPP2R5A;UBE2D1;CLASP2;ZWILCH;CENPM;CDC20;SEC13;CENPN;MIS12;UBE2E1;PAFAH1B1;ANAPC10;DSN1
SoravsNC	Reactome_2022	MyD88 Deficiency (TLR2/4) R-HSA-5602498	1.82103474436	0.00222222222222	0.0083456091697	FGB;FGA;FGG;S100A1;CD36
SoravsNC	Reactome_2022	NEP/NS2 Interacts With Cellular Export Machinery R-HSA-168333	-1.91968629029	0	0.000495751146532	NUP155;NUP153;GNL3;NUP50;RAN;SEH1L;NUP93;NUP188;NUP98;NUP205;XPO1;NUP35;NUP88;NUP58;NUP43;NUP62;NUP37;POM121C;POM121;SEC13;NUP42;NUP54
SoravsNC	Reactome_2022	NIK To Noncanonical NF-kB Signaling R-HSA-5676590	-2.19931627202	0	0	PSMD11;PSME3;PSMD7;PSMC4;PSMD2;PSMD12;PSMD14;PSMA5;PSMC5;PSMB3;PSMC3;UBE2M;PSME4;PSMD8;PSMC2;PSMC1;NFKB2;PSMD3;PSMB2;PSMA6;PSMB1;PSMD13;PSMA4;CHUK;PSMA7;PSMA3;PSMB7;MAP3K14;PSMB5;PSMD6;PSMB4;PSMB6;PSMD4;PSMA1;PSMD5
SoravsNC	Reactome_2022	NR1H2 And NR1H3-mediated Signaling R-HSA-9024446	1.87137833346	0	0.00558186859232	SCD;RXRA;PCK1;ABCA1;KDM3A;MOV10;APOE;ABCG8;AGO4;APOC2;HDAC3;APOC1;ABCG5;TBL1X;TNRC6A;AGO1;RXRB;PLIN1
SoravsNC	Reactome_2022	NR1H3 And NR1H2 Regulate Gene Expression Linked To Cholesterol Transport And Efflux R-HSA-9029569	1.75368293635	0.00220264317181	0.0175945149587	RXRA;ABCA1;KDM3A;MOV10;APOE;ABCG8;AGO4;APOC2;HDAC3;APOC1;ABCG5;TBL1X;TNRC6A;AGO1
SoravsNC	Reactome_2022	NS1 Mediated Effects On Host Pathways R-HSA-168276	-1.73698834266	0.00179856115108	0.00769880550682	NUP155;NUP153;GNL3;KPNB1;NUP50;SEH1L;KPNA4;NUP93;NUP188;NUP98;NUP205;NUP35;NUP88;NUP58;NUP43;NUP62;NUP37;POM121C;POM121;SEC13;NUP42;NUP54
SoravsNC	Reactome_2022	Negative Epigenetic Regulation Of rRNA Expression R-HSA-5250941	-1.57731935622	0.00346020761246	0.036070554912	POLR1B;POLR1G;POLR1A;UBTF;H2AZ1;DNMT1;POLR1E;POLR2L;POLR1F;HDAC2;GTF2H2;H3-3B;CCNH;TAF1B;TAF1A;GTF2H1;TAF1D;ERCC3;SAP30BP;GTF2H3;RRP8;POLR2K;TBP;CDK7
SoravsNC	Reactome_2022	Negative Regulation Of NOTCH4 Signaling R-HSA-9604323	-2.17737344462	0	0	PSMD11;PSME3;PSMD7;PSMC4;PSMD2;PSMD12;PSMD14;PSMA5;PSMC5;PSMB3;PSMC3;PSMD8;PSMC2;PSMC1;PSMD3;PSMB2;PSMA6;PSMB1;PSMD13;PSMA4;AKT1;PSMA7;PSMA3;PSMB7;PSMB5;PSMD6;YWHAZ;PSMB4;PSMB6;PSMD4;PSMA1;PSMD5
SoravsNC	Reactome_2022	NoRC Negatively Regulates rRNA Expression R-HSA-427413	-1.57538880471	0.00175746924429	0.0363522960282	POLR1B;POLR1G;POLR1A;UBTF;H2AZ1;DNMT1;POLR1E;POLR2L;POLR1F;HDAC2;GTF2H2;H3-3B;CCNH;TAF1B;TAF1A;GTF2H1;TAF1D;ERCC3;SAP30BP;GTF2H3;POLR2K;TBP;CDK7
SoravsNC	Reactome_2022	Nuclear Envelope (NE) Reassembly R-HSA-2995410	-2.15779297004	0	0	TUBA1B;NUP155;TUBB2A;KPNB1;TUBB6;RAN;SEH1L;RANGAP1;TUBA1C;NUP93;PPP2CA;TNPO1;NUP188;NUP98;PPP2R2A;NUP205;RCC1;NUP35;TMPO;LMNA;NUP58;AHCTF1;NUP43;NUP62;TUBB;TUBB3;NUP37;VRK1;CHMP4C;VPS4A;TUBA4A;POM121;LMNB1;SEC13;UBE2I;VRK2;CHMP7;ANKLE2;NUP54
SoravsNC	Reactome_2022	Nuclear Envelope Breakdown R-HSA-2980766	-1.65769660952	0.00346620450607	0.0181634781772	NUP155;NUP153;NUP50;SEH1L;NUP93;NUP188;NUP98;NUP205;NUP35;NUP88;TMPO;LMNA;NUP58;LPIN2;PLK1;NUP43;NUP62;NUP37;VRK1;POM121C;POM121;LMNB1;SEC13;VRK2;NUP42;NUP54
SoravsNC	Reactome_2022	Nuclear Events (Kinase And Transcription Factor Activation) R-HSA-198725	-1.56133874769	0.0089605734767	0.0405891087566	DUSP6;EGR1;TRIB1;FOSL1;ID3;ID1;NAB2;FOS;PPP2CA;SRF;MAPKAPK2;PPP2CB;CHD4;VGF;CDK5R1;F3;DUSP7
SoravsNC	Reactome_2022	Nuclear Events Mediated By NFE2L2 R-HSA-9759194	-2.31660758007	0	0	SLC7A11;SQSTM1;MYC;TXNRD1;SRXN1;NFE2L2;ATF4;MAFG;PSMD11;GCLM;PSME3;GCLC;PSMD7;NQO1;PSMC4;PSMD2;PSMD12;GSR;PSMD14;TALDO1;PSMA5;PSMC5;PSMB3;PSMC3;MAFK;PSMD8;PSMC2;PSMC1;PSMD3;PSMB2;PSMA6;UBL4A;PSMB1;PSMD13;PSMA4;PSMA7;PSMA3;PSMB7;PSMB5;TKT;PSMD6;CREBBP;PSMB4
SoravsNC	Reactome_2022	Nuclear Import Of Rev Protein R-HSA-180746	-1.94512443854	0	0.000272561197137	NUP155;NUP153;KPNB1;NUP50;RAN;SEH1L;NPM1;NUP93;NUP188;NUP98;NUP205;RCC1;NUP35;NUP88;NUP58;NUP43;NUP62;NUP37;POM121C;POM121;SEC13;NUP42;NUP54
SoravsNC	Reactome_2022	Nuclear Pore Complex (NPC) Disassembly R-HSA-3301854	-1.72414891903	0.00347826086957	0.00884834594497	NUP155;NUP153;NUP50;SEH1L;NUP93;NUP188;NUP98;NUP205;NUP35;NUP88;NUP58;NUP43;NUP62;NUP37;POM121C;POM121;SEC13;NUP42;NUP54
SoravsNC	Reactome_2022	Nucleotide Excision Repair R-HSA-5696398	-1.5540807645	0.00169779286927	0.0429504803513	POLR1B;POLR1A;PRPF19;RUVBL1;INO80;COPS3;POLR2D;POLE3;RFC3;POLR2L;SLC19A1;MCRS1;POLR2I;GTF2H2;POLR2C;CCNH;POLE4;ACTL6A;UBE2N;GTF2H1;ERCC4;ERCC3;RFC4;USP7;PCNA;TCEA1;RAD23A;POLD2;GTF2H3;PIAS3;CUL4A;RFC2;COPS8;UBE2I;POLR2K;TFPT;CDK7;INO80C;INO80D;POLR2B;POLE2;POLD1;ELL;PPIE;SUMO1;COPS5;RNF111;EP300;ERCC2;POLR2G
SoravsNC	Reactome_2022	Orc1 Removal From Chromatin R-HSA-68949	-2.25560689909	0	0	PSMD11;PSME3;PSMD7;PSMC4;PSMD2;PSMD12;CDC6;PSMD14;MCM7;PSMA5;MCM5;PSMC5;MCM6;PSMB3;MCM4;PSMC3;PSME4;PSMD8;PSMC2;PSMC1;PSMD3;PSMB2;PSMA6;ORC6;PSMB1;PSMD13;PSMA4;MCM8;PSMA7;PSMA3;PSMB7;PSMB5;ORC5;PSMD6;PSMB4;CDK2;PSMB6;MCM3;PSMD4;PSMA1;PSMD5;SLC25A15
SoravsNC	Reactome_2022	Oxygen-dependent Proline Hydroxylation Of Hypoxia-inducible Factor Alpha R-HSA-1234176	-2.23085782895	0	0	HIF1A;PSMD11;PSME3;PSMD7;PSMC4;PSMD2;PSMD12;PSMD14;PSMA5;PSMC5;PSMB3;PSMC3;UBE2D3;ELOC;PSME4;EPAS1;PSMD8;PSMC2;PSMC1;PSMD3;PSMB2;PSMA6;PSMB1;PSMD13;PSMA4;VHL;PSMA7;PSMA3;AJUBA;PSMB7;PSMB5;PSMD6;UBE2D1;PSMB4;UBE2D2;CUL2;PSMB6;PSMD4;PSMA1;PSMD5
SoravsNC	Reactome_2022	PCNA-Dependent Long Patch Base Excision Repair R-HSA-5651801	-1.75081043432	0.00547445255474	0.00662781611853	POLR1B;POLR1A;POLE3;RFC3;FEN1;SLC19A1;APEX1;POLE4;RFC4;PCNA;POLD2;RFC2
SoravsNC	Reactome_2022	PCP/CE Pathway R-HSA-4086400	-1.91246806117	0	0.000543094031876	PFN1;PSMD11;PSME3;PSMD7;PSMC4;PSMD2;PSMD12;PSMD14;PSMA5;PSMC5;PSMB3;PSMC3;PSME4;PSMD8;PSMC2;CLTB;PSMC1;PSMD3;PSMB2;PSMA6;PSMB1;PSMD13;PSMA4;PSMA7;PSMA3;PSMB7;FZD9;PSMB5;PSMD6;PSMB4;SMURF1;CLTA;AP2S1;PSMB6;PSMD4;PSMA1;RYK;PSMD5
SoravsNC	Reactome_2022	PERK Regulates Gene Expression R-HSA-381042	-2.14191952578	0	0	ASNS;CEBPB;EIF2S2;ATF3;HSPA5;ATF4;CEBPG;EIF2S1;EXOSC6;DDIT3;CXCL8;EXOSC2;EXOSC5;PARN;HERPUD1;EXOSC8;EXOSC3;KHSRP;EXOSC4;NFYA;DCP2;DIS3;IGFBP1;EIF2S3;EXOSC7
SoravsNC	Reactome_2022	PIP3 Activates AKT Signaling R-HSA-1257604	-1.69948234951	0	0.011519262134	IER3;EGR1;JUN;TRIB3;PHC2;GATAD2A;SRC;TRIM27;PSMD11;FGFR1;PSME3;CBX4;PSMD7;PSMC4;PSMD2;PSMD12;HDAC7;MTA2;PSMD14;PSMA5;PTPN11;PSMC5;PSMB3;PSMC3;PPP2CA;HBEGF;PSME4;PSMD8;PIP5K1A;PSMC2;RPTOR;PDGFRB;PSMC1;IRAK1;PSMD3;PSMB2;PSMA6;VAPA;FOXO1;USP13;PPP2R5E;PSMB1;PSMD13;XIAP;PSMA4;FYN;CHUK;AKT1;PIP4K2A;HDAC2;RCOR1;TNRC6C;PSMA7;PSMA3;PPP2CB;NR4A1;CHD4;PSMB7;PHLPP2;PSMB5;RHOG;PDGFA;AKT1S1;MDM2;CSNK2A2;PPP2R5A;PSMD6;RHEB;PSMB4;USP7;SNAI1;PIP4K2C;CDKN1A;PSMB6;RNF2;PSMD4;PSMA1;LAMTOR1;GDNF;PSMD5;RING1;NEDD4;ATN1;CSNK2B;AGO2;AREG;RICTOR;GSK3B
SoravsNC	Reactome_2022	PTEN Regulation R-HSA-6807070	-1.84891656372	0	0.00164336231127	EGR1;JUN;PHC2;GATAD2A;TRIM27;PSMD11;PSME3;CBX4;PSMD7;PSMC4;PSMD2;PSMD12;HDAC7;MTA2;PSMD14;PSMA5;PSMC5;PSMB3;PSMC3;PSME4;PSMD8;PSMC2;RPTOR;PSMC1;PSMD3;PSMB2;PSMA6;VAPA;USP13;PSMB1;PSMD13;XIAP;PSMA4;AKT1;HDAC2;RCOR1;TNRC6C;PSMA7;PSMA3;CHD4;PSMB7;PSMB5;CSNK2A2;PSMD6;RHEB;PSMB4;USP7;SNAI1;PSMB6;RNF2;PSMD4;PSMA1;LAMTOR1;GDNF;PSMD5;RING1;NEDD4;ATN1;CSNK2B;AGO2
SoravsNC	Reactome_2022	Pausing And Recovery Of Tat-mediated HIV Elongation R-HSA-167238	-1.7115830571	0.00190476190476	0.0101696557503	ELOA;ELOC;POLR2D;POLR2L;SUPT16H;POLR2I;POLR2C;SSRP1;CDK9;GTF2F2;TCEA1;SUPT4H1;GTF2F1;POLR2K;CCNT1;POLR2B;ELL;NELFE;POLR2G;NELFA
SoravsNC	Reactome_2022	Peroxisomal Lipid Metabolism R-HSA-390918	1.85750144476	0	0.00604144243976	PHYH;PECR;EHHADH;ECI2;ACAA1;CRAT;ACOX1;ALDH3A2;HSD17B4;ACBD4;CROT;ACOX2;NUDT7;ACOT8;ACBD5
SoravsNC	Reactome_2022	Peroxisomal Protein Import R-HSA-9033241	1.9878866822	0	0.00210870591266	AGXT;PIPOX;ECH1;PHYH;PECR;EHHADH;ECI2;ACAA1;CRAT;ACOT2;EPHX2;ACOX1;PEX6;GSTK1;GNPAT;HMGCL;HSD17B4;CROT;ACOX2;LONP2;DHRS4;NUDT7;UBB;DAO;ACOT8;UBC;IDH1;USP9X
SoravsNC	Reactome_2022	Phase I - Functionalization Of Compounds R-HSA-211945	1.85573011371	0	0.00584412781507	ADH6;CES1;CYP4F12;CYP4F3;ACSS2;RXRA;CYP27A1;CYP19A1;CES2;ADH5;ALDH1A1;MAOB;AOC3;CYB5R3;CES3;MTARC1;BPHL;MAOA;CMBL;NR1H4;CYP4F2;CYP2W1;CYP3A43;CYP4V2;ALDH1B1;CYP7A1;FDXR;MTARC2;MIA3;ALDH2
SoravsNC	Reactome_2022	Phospholipid Metabolism R-HSA-1483257	1.65422896552	0	0.0416199699551	ETNK2;LPIN3;GDPD5;PLEKHA2;TMEM86B;DGAT1;PIK3R2;PNPLA3;INPP5D;AGPAT3;SLC44A1;STARD10;HADHB;GPAM;MTMR4;LPCAT1;HADHA;SLC44A5;GNPAT;CDS2;RAB4A;OCRL;TNFAIP8L1;SBF1;PLEKHA1;PNPLA7;PLD2;CPNE1;SLC44A2;PNPLA6;PLD3;RUFY1;AGPAT2;PLEKHA8;PCTP;CHKB;LPCAT3;SLC44A3;PTEN;SBF2;PIK3C2A;PIK3R1;PCYT2;MTMR3;ACP6;FIG4;DGAT2;CEPT1;TAFAZZIN;CPNE3;DDHD2;PLA2G6;ABHD3;MIGA1;CLSTN1;MIGA2;PIK3C3;SLC44A4;AGPAT1
SoravsNC	Reactome_2022	Plasma Lipoprotein Assembly R-HSA-8963898	1.71713065591	0.00431034482759	0.023526318939	APOC3;APOA1;ABCA1;APOE;APOC2;APOC1;APOA4
SoravsNC	Reactome_2022	Plasma Lipoprotein Assembly, Remodeling, And Clearance R-HSA-174824	1.89598829098	0	0.00516632948601	APOC3;APOA1;APOA5;ALB;ABCA1;AMN;CREB3L3;APOE;LCAT;LIPC;ANGPTL4;SCARB1;NPC2;CES3;PCSK9;AP2A2;APOC2;APOC1;PCSK6;APOA4
SoravsNC	Reactome_2022	Plasma Lipoprotein Remodeling R-HSA-8963899	1.89492204749	0	0.00476891952554	APOC3;APOA1;APOA5;ALB;CREB3L3;APOE;LCAT;LIPC;ANGPTL4;APOC2;PCSK6;APOA4
SoravsNC	Reactome_2022	Platelet Degranulation R-HSA-114608	1.66844250746	0	0.0374783902086	TF;APOA1;FGB;FGA;SERPINF2;TIMP3;PLG;ALB;FGG;SERPINA1;SERPINA4;F5;APOH;KNG1;CLU;RARRES2;IGF2;ITIH3;ACTN4;SOS1;LGALS3BP;A1BG;CD36;AHSG;MAGED2;SERPING1;VEGFB;PROS1;SPARC;VEGFA;STXBP2
SoravsNC	Reactome_2022	Post-translational Protein Phosphorylation R-HSA-8957275	1.82477341682	0	0.00859297659407	TF;APOA1;APOA5;FGA;SERPINC1;ALB;FGG;SERPIND1;C3;SERPINA1;F5;SDC2;C4A;GPC3;APOL1;LAMC1;KNG1;MXRA8;APOE;MELTF;PCSK9;CP;FAM20C;PROC;AHSG;NUCB1;ADAM10;FBN1;ANO8;MIA3;BPIFB2
SoravsNC	Reactome_2022	Postmitotic Nuclear Pore Complex (NPC) Reformation R-HSA-9615933	-2.0760156344	0	1.49125436594e-05	NUP155;KPNB1;RAN;SEH1L;RANGAP1;NUP93;TNPO1;NUP188;NUP98;NUP205;RCC1;NUP35;NUP58;AHCTF1;NUP43;NUP62;NUP37;POM121;SEC13;UBE2I;NUP54
SoravsNC	Reactome_2022	Prefoldin Mediated Transfer Of Substrate To CCT/TriC R-HSA-389957	-2.0790769668	0	1.56312204623e-05	TCP1;CCT6A;CCT2;CCT5;CCT4;CCT3;CCT7;PFDN2;TUBB2A;TUBB6;CCT8;TUBA1C;TUBB;TUBB3;PFDN1;TUBA4A;PFDN6;PFDN4
SoravsNC	Reactome_2022	Processing Of Capped Intron-Containing Pre-mRNA R-HSA-72203	-2.09270479381	0	0	HNRNPC;SRSF3;PRPF19;DHX15;NUP155;NUP153;DDX5;EIF4A3;HNRNPR;HNRNPF;SF3A3;SRSF7;NUP50;DDX39A;SNRPB;SEH1L;SNU13;TRA2B;HNRNPU;PPIL1;PUF60;CD2BP2;NUP93;SNRPG;NUP188;FUS;PRPF4;POLR2D;METTL3;DDX46;ELAVL1;HNRNPM;NUP98;U2AF2;EIF4E;NXT1;SF1;CSTF2;PHF5A;SF3B4;ALYREF;SF3A1;CHTOP;NUP205;HSPA8;HNRNPD;SNRPB2;POLR2L;PLRG1;SNRPF;SRSF2;DHX16;NUP35;CPSF2;NUP88;DHX9;EFTUD2;SF3B3;HNRNPA2B1;SNRPC;BUD31;POLR2I;NUP58;SNRPA;SART1;YBX1;HNRNPA3;TXNL4A;PCBP1;POLR2C;SRSF10;SNRPA1;NUP43;SRSF1;SF3B5;NUP62;GTF2F2;SLBP;RBM42;NCBP1;MTREX;NUP37;MAGOH;PRCC;SRRT;SYMPK;WTAP;HNRNPK;WBP11;PRPF31;POM121C;SRSF9;MAGOHB;THOC5;POM121;SF3B6;SEC13;TFIP11;SNRPD2;SNW1;U2SURP;NUP42;RNPS1;SMNDC1;NUP54;CCAR1;GTF2F1;POLR2K;USP39;SLU7;NUDT21;RANBP2;SF3B2;CPSF3;SF3A2;HNRNPUL1;DNAJC8;LSM6;UPF3B;BCAS2;CRNKL1;POLR2B
SoravsNC	Reactome_2022	Programmed Cell Death R-HSA-5357801	-1.7334836711	0	0.00795265801272	BCL2L1;PSMD11;PSME3;YWHAB;TNFRSF10B;PSMD7;C1QBP;BCAP31;PSMC4;H1-0;PSMD2;CYCS;PSMD12;YWHAG;PPP3R1;CDC37;HSP90AA1;GNL3;KPNB1;PSMD14;REXO2;PSMA5;PSMC5;PMAIP1;TJP2;PSMB3;PSMC3;PSME4;PSMD8;PSMC2;YWHAH;PSMC1;TNFRSF10A;PSMD3;PSMB2;PSMA6;CASP8;E2F1;PSMB1;PSMD13;TJP1;XIAP;PSMA4;CLSPN;TANK;AKT1;TFDP1;BAK1;HMGB1;PSMA7;LMNA;PSMA3;PSMB7;DYNLL1;IL18;PSMB5;FADD;DYNLL2;YWHAE;CTNNB1;DFFA;PSMD6;YWHAZ;PLEC;PSMB4;PELI1;CHMP4C;STK24;YWHAQ;NMT1;AVEN;PSMB6;CASP7;LMNB1;PSMD4;PSMA1;PSMD5;CHMP7;RRM1;DNM1L;MLKL;CDKN2A;TP53BP2;DFFB;RIPK1
SoravsNC	Reactome_2022	Protein Folding R-HSA-391251	-1.59601209401	0.00175131348511	0.0305438477734	NOP56;TCP1;CCT6A;CCT2;CCT5;TUBA1B;CCT4;CCT3;CCT7;PFDN2;TUBB2A;TUBB6;CCT8;TUBA1C;ARFGEF2;KIFC3;XRN2;SPHK1;TUBB;CCNE1;TUBB3;CSNK2A2;FBXW5;PFDN1;TUBA4A;PFDN6;TBCC;WRAP53;PFDN4;AP3M1
SoravsNC	Reactome_2022	Pyruvate Metabolism R-HSA-70268	1.66233615288	0.0138248847926	0.0390110593841	RXRA;PDK3;LDHD;MPC2;HAGH;PDK2;LDHA;VDAC1;PDHB;GSTZ1;PDPR;BSG
SoravsNC	Reactome_2022	RAF/MAP Kinase Cascade R-HSA-5673001	-1.56892446159	0.00167224080268	0.0383005940824	DUSP6;SPTBN1;SPRED2;BCL2L1;SHC1;SRC;PSMD11;FGFR1;PSME3;DUSP5;YWHAB;PSMD7;PSMC4;PSMD2;PSMD12;PSMD14;PHB1;ARRB1;PSMA5;DUSP16;CALM1;PSMC5;PSMB3;PSMC3;PPP2CA;HBEGF;PSME4;PSMD8;PSMC2;SPRED1;PDGFRB;CSK;PSMC1;PSMD3;PSMB2;PSMA6;PPP2R5E;MAPK12;PSMB1;PSMD13;PSMA4;PEA15;FYN;CUL3;RASGRF2;RAP1B;PSMA7;PSMA3;PPP2CB;PPP5C;PSMB7;ABHD17C;PSMB5;PTPN3;PAQR3;PDGFA;HRAS;NRAS;DUSP12;DUSP7;ICMT;PPP2R5A;PSMD6;RCE1;PSMB4;GPRIN1;MARK3;PSMB6;MAP2K1;RASGRF1;PSMD4;PSMA1;LYPLA1;MAP2K2;GDNF;PSMD5
SoravsNC	Reactome_2022	RHO GTPases Activate Formins R-HSA-5663220	-1.70765177662	0	0.0104982785674	RHOB;NUDC;SRC;PFN1;ITGB1;RCC2;NDE1;SEH1L;MAPRE1;RANGAP1;PPP2CA;NUP98;XPO1;PPP2R5E;SRF;DYNC1LI1;SKA1;MAD1L1;PPP2CB;FMNL2;AHCTF1;PLK1;NUP43;DYNLL1;RHOC;CENPO;DYNLL2;KIF2A;NUP37;PPP2R5A;CLASP2;ZWILCH;CENPM;CDC20;SEC13;CENPN;MIS12;PAFAH1B1;DSN1;CDC42
SoravsNC	Reactome_2022	RHOBTB GTPase Cycle R-HSA-9706574	-1.92319356649	0	0.000457277260901	HNRNPC;CCT6A;CCT2;ROCK2;DBN1;CCT7;CDC37;HSP90AA1;TRA2B;HSP90AB1;ACTN1;CUL3;TXNL1
SoravsNC	Reactome_2022	RHOBTB1 GTPase Cycle R-HSA-9013422	-1.64931426556	0.0135658914729	0.0190768881944	HNRNPC;CCT2;ROCK2;DBN1;CCT7;TRA2B;CUL3;TXNL1
SoravsNC	Reactome_2022	RHOBTB2 GTPase Cycle R-HSA-9013418	-1.91595393643	0	0.000516929345445	HNRNPC;CCT6A;CCT2;DBN1;CCT7;CDC37;HSP90AA1;TRA2B;HSP90AB1;ACTN1;CUL3;TXNL1
SoravsNC	Reactome_2022	RNA Pol II CTD Phosphorylation And Interaction With CE R-HSA-77075	-1.65189371092	0.00733944954128	0.0186859570259	POLR2D;POLR2L;POLR2I;GTF2H2;POLR2C;CCNH;GTF2F2;GTF2H1;ERCC3;GTF2H3;GTF2F1;POLR2K;CDK7;POLR2B;RNGTT;ERCC2;POLR2G
SoravsNC	Reactome_2022	RNA Polymerase I Promoter Clearance R-HSA-73854	-1.53635247124	0.00344827586207	0.0491019991391	GATAD2A;POLR1B;POLR1G;POLR1A;RRN3;UBTF;MTA2;H2AZ1;POLR1E;POLR2L;POLR1F;HDAC2;CHD4;GTF2H2;H3-3B;CCNH;TAF1B;TAF1A;GTF2H1;TAF1D;ERCC3
SoravsNC	Reactome_2022	RNA Polymerase I Promoter Escape R-HSA-73772	-1.78152678288	0	0.00439714655615	POLR1B;POLR1G;POLR1A;RRN3;UBTF;H2AZ1;POLR1E;POLR2L;POLR1F;GTF2H2;H3-3B;CCNH;TAF1B;TAF1A;GTF2H1;TAF1D;ERCC3;GTF2H3;POLR2K;TBP;CDK7;CBX3
SoravsNC	Reactome_2022	RNA Polymerase I Transcription Initiation R-HSA-73762	-1.6208033208	0.00179211469534	0.0245147242822	GATAD2A;POLR1B;POLR1G;POLR1A;RRN3;UBTF;MTA2;POLR1E;POLR2L;POLR1F;HDAC2;CHD4;GTF2H2;CCNH;TAF1B;TAF1A;GTF2H1;TAF1D;ERCC3;GTF2H3
SoravsNC	Reactome_2022	RNA Polymerase I Transcription Termination R-HSA-73863	-1.79201405732	0	0.00371813359899	POLR1B;POLR1G;POLR1A;UBTF;POLR1E;POLR2L;POLR1F;GTF2H2;CCNH;TAF1B;TAF1A;GTF2H1;TAF1D;ERCC3;GTF2H3;POLR2K;TBP;CDK7
SoravsNC	Reactome_2022	RNA Polymerase II Pre-transcription Events R-HSA-674695	-1.96112788267	0	0.000160738744931	ELOA;LEO1;ELOC;POLR2D;TAF13;POLR2L;SUPT16H;EAF1;GTF2E2;POLR2I;GTF2A2;CCNK;GTF2H2;POLR2C;SSRP1;TAF3;CCNH;CDK9;MLLT1;GTF2F2;TAF9;GTF2E1;NCBP1;GTF2H1;CDC73;ERCC3;IWS1;TCEA1;TAF7;GTF2H3;PAF1;SUPT4H1;TAF2;GTF2F1;POLR2K;AFF4;SUPT6H;TBP;CDK7;CCNT1
SoravsNC	Reactome_2022	RNA Polymerase II Transcribes snRNA Genes R-HSA-6807505	-1.7082483556	0	0.0105396324033	NABP1;POLR2D;TAF13;SSU72;POLR2L;GTF2E2;POLR2I;INTS6;GTF2A2;CCNK;INTS13;POLR2C;SNAPC5;CDK9;GTF2F2;TAF9;GTF2E1;INTS7;NCBP1;SRRT;SNAPC1;INTS11;SNAPC4;SUPT4H1;GTF2F1;POLR2K;TBP;CDK7;CCNT1;INTS5;POLR2B;NABP2;ELL;CCNT2;RPRD1B
SoravsNC	Reactome_2022	RNA Polymerase III Abortive And Retractive Initiation R-HSA-749476	-1.73388911228	0	0.00793947066286	POLR3E;POLR3K;CRCP;POLR3D;SSB;POLR2L;POLR3B;POLR3G;POLR3C;GTF3C6;SNAPC5;BDP1;POLR3H;POLR3F;GTF3C4;SNAPC1;GTF3A;SNAPC4;POLR2K;TBP;GTF3C1
SoravsNC	Reactome_2022	RNA Polymerase III Chain Elongation R-HSA-73780	-1.65657528014	0.0093984962406	0.0183392928858	POLR3E;POLR3K;CRCP;POLR3D;POLR2L;POLR3B;POLR3G;POLR3C;POLR3H;POLR3F
SoravsNC	Reactome_2022	RNA Polymerase III Transcription Initiation From Type 1 Promoter R-HSA-76061	-1.64961046038	0.00181488203267	0.0190459380243	POLR3E;POLR3K;CRCP;POLR3D;POLR2L;POLR3B;POLR3G;POLR3C;GTF3C6;BDP1;POLR3H;POLR3F;GTF3C4;GTF3A;POLR2K;TBP;GTF3C1
SoravsNC	Reactome_2022	RNA Polymerase III Transcription Initiation From Type 2 Promoter R-HSA-76066	-1.62474517728	0.00366972477064	0.0235056776411	POLR3E;POLR3K;CRCP;POLR3D;POLR2L;POLR3B;POLR3G;POLR3C;GTF3C6;BDP1;POLR3H;POLR3F;GTF3C4;POLR2K;TBP;GTF3C1
SoravsNC	Reactome_2022	RNA Polymerase III Transcription Initiation From Type 3 Promoter R-HSA-76071	-1.74189764168	0	0.00724799608028	POLR3E;POLR3K;CRCP;POLR3D;POLR2L;POLR3B;POLR3G;POLR3C;SNAPC5;BDP1;POLR3H;POLR3F;SNAPC1;SNAPC4;POLR2K;TBP
SoravsNC	Reactome_2022	RNA Polymerase III Transcription Initiation R-HSA-76046	-1.71163645766	0	0.0102229000212	POLR3E;POLR3K;CRCP;POLR3D;POLR2L;POLR3B;POLR3G;POLR3C;GTF3C6;SNAPC5;BDP1;POLR3H;POLR3F;GTF3C4;SNAPC1;GTF3A;SNAPC4;POLR2K;TBP;GTF3C1
SoravsNC	Reactome_2022	RNA Polymerase III Transcription Termination R-HSA-73980	-1.74391841813	0.00533807829181	0.00708463113492	POLR3E;POLR3K;CRCP;POLR3D;SSB;POLR2L;POLR3B;POLR3G;POLR3C;POLR3H;POLR3F
SoravsNC	Reactome_2022	RUNX1 Regulates Transcription Of Genes Involved In Differentiation Of HSCs R-HSA-8939236	-2.18720601712	0	0	PSMD11;PSME3;PSMD7;PSMC4;PSMD2;PSMD12;GATA2;PSMD14;H2AZ1;PSMA5;RUNX1;PSMC5;PSMB3;PSMC3;PSME4;PSMD8;PSMC2;PSMC1;CBFB;PSMD3;PSMB2;PSMA6;ABL1;PSMB1;PSMD13;PSMA4;PSMA7;PSMA3;PSMB7;H3-3B;CCNH;PSMB5;PSMD6;PSMB4;PSMB6;PSMD4;PSMA1;PSMD5
SoravsNC	Reactome_2022	Recognition Of DNA Damage By PCNA-containing Replication Complex R-HSA-110314	-1.58494677784	0.00932835820896	0.0336287959649	POLR1B;POLR1A;POLE3;RFC3;SLC19A1;USP1;POLE4;UBE2B;RFC4;PCNA;DTL;POLD2;CUL4A;RFC2
SoravsNC	Reactome_2022	Regulation Of APC/C Activators Between G1/S And Early Anaphase R-HSA-176408	-2.18349347297	0	0	PSMD11;PSME3;PSMD7;PSMC4;PSMD2;PSMD12;UBE2S;PSMD14;PSMA5;PSMC5;PSMB3;PSMC3;PSME4;PSMD8;PSMC2;PSMC1;PSMD3;PSMB2;PSMA6;PSMB1;PSMD13;ANAPC7;PSMA4;ANAPC1;PSMA7;PSMA3;PSMB7;PLK1;PSMB5;PSMD6;UBE2D1;PSMB4;CDK2;PSMB6;CDC20;PSMD4;PSMA1;PSMD5;UBE2E1;ANAPC10
SoravsNC	Reactome_2022	Regulation Of Activated PAK-2p34 By Proteasome Mediated Degradation R-HSA-211733	-2.21043040835	0	0	PSMD11;PSME3;PSMD7;PSMC4;PSMD2;PSMD12;PSMD14;PSMA5;PSMC5;PSMB3;PSMC3;PSME4;PSMD8;PSMC2;PSMC1;PSMD3;PSMB2;PSMA6;PSMB1;PSMD13;PSMA4;PSMA7;PSMA3;PSMB7;PSMB5;PSMD6;PSMB4;PSMB6;PSMD4;PSMA1;PSMD5
SoravsNC	Reactome_2022	Regulation Of Apoptosis R-HSA-169911	-2.17565852197	0	0	PSMD11;PSME3;PSMD7;PSMC4;PSMD2;PSMD12;PSMD14;PSMA5;PSMC5;PSMB3;PSMC3;PSME4;PSMD8;PSMC2;PSMC1;PSMD3;PSMB2;PSMA6;PSMB1;PSMD13;PSMA4;PSMA7;PSMA3;PSMB7;PSMB5;PSMD6;PSMB4;PSMB6;PSMD4;PSMA1;PSMD5
SoravsNC	Reactome_2022	Regulation Of Cholesterol Biosynthesis By SREBP (SREBF) R-HSA-1655829	1.75082132249	0	0.0173410050935	SCD;PPARA;RXRA;TM7SF2;DHCR7;SREBF2;INSIG2;GPAM;HMGCS1;FDFT1;FDPS;SQLE;ACACB;HMGCR;TBL1X;MVD;SC5D;IDI1;MVK;CHD9
SoravsNC	Reactome_2022	Regulation Of Complement Cascade R-HSA-977606	1.85952827612	0	0.00612634559887	VTN;C3;C4A;CLU;CFI;C1S;C4B;CFB;CPB2;C8B;C8A;CPNE1;C1R;CD46;SERPING1;PROS1;C4BPB
SoravsNC	Reactome_2022	Regulation Of HSF1-mediated Heat Shock Response R-HSA-3371453	-1.91643116753	0	0.000510783975737	HSPA5;HSPA9;FKBP4;TNFRSF21;POLR1B;HSPA4;POLR1A;HSPH1;NUP155;NUP153;BAG2;NUP50;HSPA13;SERPINH1;SEH1L;NUP93;NUP188;NUP98;NUP205;HSPA8;MAPKAPK2;NUP35;CCAR2;NUP88;DNAJC7;HSPA14;NUP58;DNAJB1;RPS19BP1;NUP43;NUP62;YWHAE;NUP37;MRPL18;DNAJC2;BAG1;POM121C;HSF1;POM121;SEC13
SoravsNC	Reactome_2022	Regulation Of IGF Transport And Uptake By IGFBPs R-HSA-381426	1.82039792365	0	0.00808337266518	TF;APOA1;APOA5;FGA;SERPINC1;PLG;ALB;FGG;SERPIND1;C3;SERPINA1;F5;SDC2;C4A;GPC3;APOL1;LAMC1;KNG1;MXRA8;APOE;IGF2;MELTF;PCSK9;CP;FAM20C;PROC;AHSG;NUCB1;ADAM10;FBN1;ANO8;MIA3;BPIFB2
SoravsNC	Reactome_2022	Regulation Of Ornithine Decarboxylase (ODC) R-HSA-350562	-2.27051707675	0	0	PSMD11;PSME3;PSMD7;AZIN1;NQO1;PSMC4;PSMD2;PSMD12;PSMD14;PSMA5;PSMC5;PSMB3;PSMC3;PSME4;PSMD8;PSMC2;PSMC1;PSMD3;PSMB2;PSMA6;PSMB1;PSMD13;PSMA4;PSMA7;PSMA3;PSMB7;PSMB5;PSMD6;PSMB4;OAZ1;PSMB6;PSMD4;PSMA1;PSMD5
SoravsNC	Reactome_2022	Regulation Of PTEN Stability And Activity R-HSA-8948751	-2.04770327199	0	2.76040701781e-05	TRIM27;PSMD11;PSME3;PSMD7;PSMC4;PSMD2;PSMD12;PSMD14;PSMA5;PSMC5;PSMB3;PSMC3;PSME4;PSMD8;PSMC2;PSMC1;PSMD3;PSMB2;PSMA6;USP13;PSMB1;PSMD13;XIAP;PSMA4;AKT1;PSMA7;PSMA3;PSMB7;PSMB5;CSNK2A2;PSMD6;PSMB4;PSMB6;PSMD4;PSMA1;PSMD5;NEDD4;CSNK2B
SoravsNC	Reactome_2022	Regulation Of RAS By GAPs R-HSA-5658442	-2.14748468582	0	0	SPRED2;PSMD11;PSME3;PSMD7;PSMC4;PSMD2;PSMD12;PSMD14;PSMA5;PSMC5;PSMB3;PSMC3;PSME4;PSMD8;PSMC2;SPRED1;PSMC1;PSMD3;PSMB2;PSMA6;PSMB1;PSMD13;PSMA4;CUL3;PSMA7;PSMA3;PSMB7;PSMB5;HRAS;NRAS;PSMD6;PSMB4;PSMB6;PSMD4;PSMA1;PSMD5
SoravsNC	Reactome_2022	Regulation Of RUNX2 Expression And Activity R-HSA-8939902	-2.15261969713	0	0	PSMD11;PSME3;PSMD7;PSMC4;PSMD2;PSMD12;PSMD14;PSMA5;PSMC5;PSMB3;PSMC3;WWP1;PSME4;PSMD8;PSMC2;PPARGC1B;PSMC1;CBFB;PSMD3;PSMB2;PSMA6;ESRRA;PSMB1;PSMD13;PSMA4;PSMA7;PSMA3;STAT1;PSMB7;PSMB5;PSMD6;PSMB4;SMURF1;PSMB6;NR3C1;PSMD4;PSMA1;PSMD5
SoravsNC	Reactome_2022	Regulation Of RUNX3 Expression And Activity R-HSA-8941858	-2.23499697635	0	0	SRC;PSMD11;PSME3;TGFB1;PSMD7;PSMC4;PSMD2;PSMD12;PSMD14;PSMA5;PSMC5;PSMB3;PSMC3;PSMD8;PSMC2;PSMC1;CBFB;PSMD3;PSMB2;PSMA6;PSMB1;PSMD13;PSMA4;PSMA7;PSMA3;PSMB7;PSMB5;MDM2;PSMD6;PSMB4;SMURF1;PSMB6;PSMD4;PSMA1;PSMD5
SoravsNC	Reactome_2022	Regulation Of TLR By Endogenous Ligand R-HSA-5686938	1.75746657615	0.0129032258065	0.0178396520211	FGB;FGA;FGG;S100A1;CD36
SoravsNC	Reactome_2022	Regulation Of mRNA Stability By Proteins That Bind AU-rich Elements R-HSA-450531	-2.36076785154	0	0	PSMD11;ZFP36L1;PSME3;YWHAB;PSMD7;PSMC4;PSMD2;PSMD12;EIF4G1;PSMD14;PSMA5;PSMC5;PSMB3;EXOSC6;PSMC3;TNPO1;SET;PSME4;PSMD8;PSMC2;ELAVL1;PSMC1;PSMD3;PSMB2;PSMA6;EXOSC2;HSPA8;XPO1;HNRNPD;EXOSC5;MAPKAPK2;PSMB1;PSMD13;PSMA4;PARN;AKT1;EXOSC8;PSMA7;PSMA3;GPRC5A;PSMB7;EXOSC3;PSMB5;KHSRP;EXOSC4;ANP32A;PSMD6;YWHAZ;DCP2;PSMB4;DIS3;PSMB6;PSMD4;PSMA1;HSPB1;PSMD5;EXOSC7
SoravsNC	Reactome_2022	Resolution Of AP Sites Via Multiple-Nucleotide Patch Replacement Pathway R-HSA-110373	-1.74926759669	0.00183823529412	0.00670810273589	POLR1B;POLR1A;POLE3;RFC3;FEN1;SLC19A1;APEX1;POLE4;RFC4;PCNA;POLD2;RFC2
SoravsNC	Reactome_2022	Response Of EIF2AK1 (HRI) To Heme Deficiency R-HSA-9648895	-1.94079929929	0	0.000291913042133	ASNS;TRIB3;CEBPB;PPP1R15A;EIF2S2;ATF3;ATF4;CEBPG;EIF2S1;DDIT3;ATF5;GRB10
SoravsNC	Reactome_2022	Response To Elevated Platelet Cytosolic Ca2+ R-HSA-76005	1.65367257687	0	0.0409184797324	TF;APOA1;FGB;FGA;SERPINF2;TIMP3;PLG;ALB;FGG;SERPINA1;SERPINA4;F5;APOH;KNG1;CLU;RARRES2;IGF2;ITIH3;ACTN4;SOS1;LGALS3BP;A1BG;CD36;AHSG;MAGED2;SERPING1;VEGFB;PROS1;SPARC;VEGFA;STXBP2
SoravsNC	Reactome_2022	Rev-mediated Nuclear Export Of HIV RNA R-HSA-165054	-1.9499970903	0	0.000257241378125	NUP155;NUP153;RANBP1;NUP50;RAN;SEH1L;RANGAP1;NUP93;NUP188;NUP98;NUP205;XPO1;RCC1;NUP35;NUP88;NUP58;NUP43;NUP62;NUP37;POM121C;POM121;SEC13;NUP42;NUP54
SoravsNC	Reactome_2022	Role Of GTSE1 In G2/M Progression After G2 Checkpoint R-HSA-8852276	-2.25877737621	0	0	PSMD11;PSME3;PSMD7;PSMC4;PSMD2;PSMD12;HSP90AA1;PSMD14;PSMA5;MAPRE1;PSMC5;PSMB3;PSMC3;HSP90AB1;PSME4;PSMD8;PSMC2;PSMC1;PSMD3;PSMB2;PSMA6;PSMB1;PSMD13;PSMA4;PSMA7;PSMA3;PSMB7;PLK1;PSMB5;PSMD6;PSMB4;CDKN1A;PSMB6;PSMD4;PSMA1;PSMD5
SoravsNC	Reactome_2022	S Phase R-HSA-69242	-2.1801770869	0	0	MYC;POLR1B;PSMD11;PSME3;POLR1A;PSMD7;PSMC4;PSMD2;PSMD12;UBE2S;CDC6;PSMD14;CCND1;MCM7;PSMA5;MCM5;PSMC5;MCM6;PSMB3;MCM4;PSMC3;CDC45;PSME4;PSMD8;PSMC2;PSMC1;PSMD3;CDC25A;PSMB2;PSMA6;POLE3;RFC3;FEN1;ORC6;E2F1;PSMB1;PSMD13;ANAPC7;PSMA4;SLC19A1;MCM8;AKT1;TFDP1;ANAPC1;GINS3;PSMA7;POLA1;PSMA3;PSMB7;MAX;CCNH;POLE4;PSMB5;SMC1A;CCNE1;E2F4;GINS2;ORC5;PSMD6;UBE2D1;WAPL;RFC4;PSMB4;PCNA;CDK4;CDKN1A;GINS4;CDK2;POLD2;PSMB6;MCM3;PSMD4;RFC2;PSMA1;PSMD5;SLC25A15;UBE2E1;ANAPC10;ORC4;GSK3B;GINS1;POLA2;CDK7
SoravsNC	Reactome_2022	SCF(Skp2)-mediated Degradation Of P27/P21 R-HSA-187577	-2.15378931845	0	0	PSMD11;PSME3;PSMD7;PSMC4;PSMD2;PSMD12;PSMD14;CCND1;PSMA5;PSMC5;PSMB3;PSMC3;PSMD8;PSMC2;PSMC1;PSMD3;PSMB2;PSMA6;PSMB1;PSMD13;PSMA4;PSMA7;PSMA3;PSMB7;PSMB5;CCNE1;PSMD6;PSMB4;CDK4;CDKN1A;CDK2;PSMB6;PSMD4;PSMA1;PSMD5
SoravsNC	Reactome_2022	SCF-beta-TrCP Mediated Degradation Of Emi1 R-HSA-174113	-2.12815348694	0	0	PSMD11;PSME3;PSMD7;PSMC4;PSMD2;PSMD12;PSMD14;PSMA5;PSMC5;PSMB3;PSMC3;PSME4;PSMD8;PSMC2;PSMC1;PSMD3;PSMB2;PSMA6;PSMB1;PSMD13;PSMA4;PSMA7;PSMA3;PSMB7;PSMB5;PSMD6;PSMB4;PSMB6;CDC20;PSMD4;PSMA1;PSMD5
SoravsNC	Reactome_2022	SUMOylation Of Chromatin Organization Proteins R-HSA-4551638	-1.65252528484	0	0.0188300278351	PHC2;CBX4;NUP155;NUP153;NUP50;SEH1L;NUP93;NUP188;NUP98;NUP205;SATB2;NUP35;L3MBTL2;NUP88;HDAC2;NUP58;NUP43;NUP62;NUP37;POM121C;POM121;SEC13;RNF2;HDAC4;UBE2I;RING1;NUP42;NUP54
SoravsNC	Reactome_2022	SUMOylation Of DNA Damage Response And Repair Proteins R-HSA-3108214	-1.724347871	0	0.00886780754472	PHC2;POLR1A;CBX4;NUP155;NUP153;HDAC7;NUP50;SEH1L;NUP93;NUP188;NUP98;NUP205;NUP35;NUP88;NUP58;NUP43;SMC1A;NUP62;NUP37;POM121C;NSMCE3;POM121;SEC13;RNF2;SMC6;UBE2I;EID3;BLM;RING1;NUP42;NUP54;CDKN2A
SoravsNC	Reactome_2022	SUMOylation Of DNA Replication Proteins R-HSA-4615885	-1.75271314884	0	0.00648695649185	TOP1;NUP155;NUP153;NUP50;SEH1L;RANGAP1;NUP93;NUP188;NUP98;NUP205;NUP35;NUP88;NUP58;NUP43;NUP62;NUP37;PCNA;POM121C;POM121;PIAS3;SEC13;UBE2I;NUP42;NUP54
SoravsNC	Reactome_2022	SUMOylation Of RNA Binding Proteins R-HSA-4570464	-1.96409328021	0	0.000162173912296	PHC2;NOP58;HNRNPC;CBX4;NUP155;NUP153;NUP50;SEH1L;NUP93;NUP188;NUP98;NUP205;NUP35;NUP88;NUP58;NUP43;NUP62;NUP37;HNRNPK;POM121C;POM121;SEC13;RNF2;UBE2I;RING1;NUP42;NUP54
SoravsNC	Reactome_2022	SUMOylation Of SUMOylation Proteins R-HSA-4085377	-1.82835835883	0.00180831826401	0.0021595287418	NUP155;NUP153;NUP50;SEH1L;NUP93;NUP188;NUP98;NUP205;NUP35;NUP88;NUP58;NUP43;NUP62;NUP37;POM121C;POM121;SEC13;UBE2I;NUP42;NUP54
SoravsNC	Reactome_2022	SUMOylation Of Ubiquitinylation Proteins R-HSA-3232142	-1.82494178665	0.00180505415162	0.00227875138304	TRIM27;NUP155;NUP153;NUP50;SEH1L;NUP93;NUP188;NUP98;NUP205;NUP35;NUP88;VHL;NUP58;NUP43;NUP62;NUP37;MDM2;POM121C;POM121;SEC13;UBE2I;NUP42;NUP54
SoravsNC	Reactome_2022	SUMOylation R-HSA-2990846	-1.5470101157	0	0.0455297207507	PHC2;TOP1;TRIM27;NOP58;HNRNPC;POLR1A;IKBKG;CBX4;NUP155;NUP153;DDX5;HDAC7;NUP50;SEH1L;RANGAP1;DNMT1;NPM1;NUP93;NUP188;NUP98;NFKB2;NUP205;TRIM28;SATB2;IKBKE;NUP35;L3MBTL2;NUP88;VHL;HDAC2;NUP58;HIC1;UBA2;NUP43;ZNF131;SMC1A;NUP62;NUP37;MDM2;CREBBP;PARK7;PCNA;HNRNPK;POM121C;DAXX;NR3C1;NSMCE3;SAE1;POM121;PIAS3;SEC13;RNF2;SMC6;HDAC4;UBE2I;EID3;SENP5;BLM;RING1;NUP42;NUP54;AREG;CDKN2A;RARA;MRTFA;RANBP2;SENP1;PPARG;RNF168;NR1H2;CBX2;ZBED1;CTBP1;HIPK2
SoravsNC	Reactome_2022	Sealing Of Nuclear Envelope (NE) By ESCRT-III R-HSA-9668328	-1.63800846451	0.0108499095841	0.0207079309391	TUBA1B;TUBB2A;TUBB6;TUBA1C;TUBB;TUBB3;CHMP4C;VPS4A;TUBA4A;CHMP7
SoravsNC	Reactome_2022	Selective Autophagy R-HSA-9663891	-1.6156236672	0.00550458715596	0.0257261882873	SQSTM1;SRC;MAP1LC3B;PGAM5;TOMM40;HSP90AA1;PLIN3;VCP;EPAS1;TOMM5;HSPA8;DYNC1LI1;DYNLL1;TOMM22;DYNLL2;UBE2N;ARL13B;CSNK2A2;PARK7;MTERF3;TOMM70;HSF1;MFN2;PRKAB1;PEX5;TOMM20;CSNK2B;PCNT
SoravsNC	Reactome_2022	Separation Of Sister Chromatids R-HSA-2467813	-2.08032127408	0	1.60171765231e-05	NUDC;PSMD11;PSME3;RCC2;PSMD7;PSMC4;PSMD2;PSMD12;UBE2S;PSMD14;NDE1;PSMA5;SEH1L;MAPRE1;RANGAP1;PSMC5;PSMB3;PSMC3;PPP2CA;PSME4;PSMD8;PSMC2;NUP98;PSMC1;PSMD3;PSMB2;PSMA6;XPO1;PPP2R5E;PSMB1;PSMD13;ANAPC7;PSMA4;DYNC1LI1;SKA1;ANAPC1;MAD1L1;PSMA7;PSMA3;PPP2CB;AHCTF1;PSMB7;PLK1;NUP43;DYNLL1;CENPO;PSMB5;SMC1A;DYNLL2;KIF2A;NUP37;PPP2R5A;PSMD6;UBE2D1;WAPL;CLASP2;PSMB4;ZWILCH;CENPM;PSMB6;CDC20;SEC13;PSMD4;PSMA1;CENPN;PSMD5;MIS12;UBE2E1;PAFAH1B1;ANAPC10
SoravsNC	Reactome_2022	Signaling By ALK Fusions And Activated Point Mutants R-HSA-9725370	-1.54341098438	0.0142602495544	0.0464619282313	SQSTM1;EML4;CEBPB;CARS1;SHC1;ATIC;RRBP1;PRKAR1A;NPM1;TPM3
SoravsNC	Reactome_2022	Signaling By B Cell Receptor (BCR) R-HSA-983705	-1.89940465275	0	0.000713070026585	PSMD11;PSME3;IKBKG;PSMD7;PSMC4;PSMD2;PSMD12;PPP3R1;PSMD14;PSMA5;NFATC3;CALM1;PSMC5;PSMB3;PSMC3;ITPR3;PSME4;PSMD8;PSMC2;NFKB1;PSMC1;ORAI2;PSMD3;PSMB2;PSMA6;PSMB1;PSMD13;PSMA4;FYN;CHUK;FKBP1A;PSMA7;PSMA3;PSMB7;NFKBIB;SH3KBP1;PSMB5;HRAS;ITPR1;NRAS;ORAI1;PSMD6;PSMB4;PPIA;PSMB6;PSMD4;PSMA1;PSMD5
SoravsNC	Reactome_2022	Signaling By Hedgehog R-HSA-5358351	-1.73868911829	0	0.00760515009708	SMOX;PSMD11;PSME3;PSMD7;GRK2;PSMC4;PSMD2;PSMD12;PSMD14;PRKAR1A;ARRB1;PSMA5;CSNK1A1;PSMC5;PSMB3;PSMC3;VCP;PSME4;PSMD8;PSMC2;PSMC1;PSMD3;PSMB2;PSMA6;PSMB1;PSMD13;PSMA4;CUL3;WDR35;PSMA7;PSMA3;PRKAR1B;PSMB7;PSMB5;SHH;ERLEC1;PSMD6;CDC73;PSMB4;SMURF1;PSMB6;PSMD4;PSMA1;PSMD5;SPOP;PRKAR2A;GSK3B
SoravsNC	Reactome_2022	Signaling By Interleukins R-HSA-449147	-1.86442297871	0	0.00131553663122	DUSP6;CCL20;JUN;SQSTM1;MYC;ICAM1;MCL1;HSPA9;CSF1;TNFRSF1A;HIF1A;BCL2L1;SHC1;PSMD11;OSMR;PSME3;ITGB1;IL4R;TCP1;GSTO1;TIMP1;TGFB1;IKBKG;PSMD7;PSMC4;PSMD2;PSMD12;LIF;HSP90AA1;HNRNPF;PSMD14;IL11;STX3;CCND1;TALDO1;PSMA5;PTPN11;CRLF1;PSMC5;TXLNA;FOS;PSMB3;PSMC3;PPP2CA;PSME4;PSMD8;PSMC2;NFKB1;PSMC1;NFKB2;LONP1;IRAK1;PSMD3;CXCL8;PSMB2;PSMA6;FOXO1;HSPA8;CLCF1;CASP8;MAPKAPK2;MTAP;PSMB1;PSMD13;PSMA4;PTPN14;SMARCA4;FYN;PITPNA;CHUK;TANK;AKT1;HNRNPA2B1;BOLA2B;HMGB1;AURKAIP1;IRAK2;RAP1B;PSMA7;PSMA3;SOCS3;PPP2CB;MAP2K3;STAT1;CBL;SDC1;PSMB7;NFKBIB;RIPK2;SNRPA1;IL18;PSMB5;CANX;UBE2N;MMP3;DUSP7;PSMD6;YWHAZ;IL12A;PSMB4;PTPN12;PELI1;PPIA;CDKN1A;MMP2;CRK;VPS72;PSMB6;MAP2K1;LMNB1
SoravsNC	Reactome_2022	Signaling By NOTCH R-HSA-157118	-1.66453178516	0	0.0169464015782	JAG1;JUN;MYC;HIF1A;ATP2A2;PSMD11;PSME3;PLXND1;FURIN;PSMD7;PSMC4;PSMD2;PSMD12;HDAC7;PSMD14;CCND1;ARRB1;H2AZ1;PSMA5;RUNX1;PSMC5;PSMB3;PSMC3;WWC1;E2F3;PSMD8;PSMC2;PSMC1;PSMD3;PSMB2;PSMA6;E2F1;PSMB1;PSMD13;PSMA4;HEY1;AKT1;TFDP1;HDAC2;TNRC6C;PSMA7;PSMA3;YBX1;STAT1;PSMB7;H3-3B;POGLUT1;PSMB5;POFUT1;MAML2;PSMD6;TMED2;YWHAZ;CREBBP;PSMB4;PSMB6;PSMD4;HDAC4;ST3GAL4;PSMA1;SIRT6;CCNC;PSMD5;SNW1
SoravsNC	Reactome_2022	Signaling By NOTCH4 R-HSA-9013694	-1.91769185105	0	0.000504541060478	JAG1;PSMD11;PSME3;PSMD7;PSMC4;PSMD2;PSMD12;PSMD14;PSMA5;PSMC5;PSMB3;PSMC3;PSMD8;PSMC2;PSMC1;PSMD3;PSMB2;PSMA6;PSMB1;PSMD13;PSMA4;HEY1;AKT1;PSMA7;PSMA3;PSMB7;PSMB5;MAML2;PSMD6;YWHAZ;CREBBP;PSMB4;PSMB6;PSMD4;PSMA1;PSMD5;SNW1
SoravsNC	Reactome_2022	Signaling By ROBO Receptors R-HSA-376176	-1.54214840431	0.00522648083624	0.0467633245927	SRC;PFN1;VASP;CAP1;PSMD11;GSPT1;PSME3;PSMD7;PSMC4;PSMD2;PSMD12;EIF4A3;EIF4G1;PSMD14;PSMA5;NRP1;SRGAP1;RSL24D1;PSMC5;PSMB3;PSMC3;ELOC;PSME4;PSMD8;PSMC2;PSMC1;ETF1;PSMD3;PSMB2;PSMA6;ABL1;PSMB1;PSMD13;PSMA4;RPL22L1;PSMA7;PSMA3;ENAH;PSMB7;PSMB5;NCBP1;RPL26L1;MAGOH;PSMD6;CLASP2;PSMB4;CUL2;MAGOHB;PSMB6
SoravsNC	Reactome_2022	Signaling By TGF-beta Receptor Complex R-HSA-170834	-1.65274645566	0.00507614213198	0.0189623348563	MYC;PPP1R15A;TGFBR2;ITGB1;FURIN;TGFB1;ITGB5;BAMBI;UBE2M;UCHL5;UBE2D3;ITGAV;CDKN2B;XPO1;TGIF1;TFDP1;FKBP1A;CCNK;YBX1;STAT1;CBL;PPP1CA;CDK9;SRFBP1;E2F4;SERPINE1;UBE2D1;SMURF1
SoravsNC	Reactome_2022	Signaling By TGFB Family Members R-HSA-9006936	-1.66155491342	0.00167224080268	0.0174871130453	MYC;PPP1R15A;FST;TGFBR2;ITGB1;FURIN;TGFB1;ITGB5;BAMBI;UBE2M;UCHL5;UBE2D3;ITGAV;CDKN2B;XPO1;TGIF1;SMAD1;TFDP1;FKBP1A;CCNK;YBX1;STAT1;CBL;PPP1CA;INHBB;CDK9;SRFBP1;E2F4;ACVR2A;SERPINE1;UBE2D1;SMURF1
SoravsNC	Reactome_2022	Signaling By WNT R-HSA-195721	-1.68969822715	0	0.012741544393	MYC;LGR5;PFN1;PSMD11;PSME3;PSMD7;PSMC4;PSMD2;PSMD12;PPP3R1;PSMD14;RUVBL1;H2AZ1;PSMA5;CSNK1A1;LEO1;CALM1;PSMC5;PSMB3;PSMC3;PPP2CA;ITPR3;PSME4;PSMD8;PSMC2;CLTB;LRP6;PSMC1;PSMD3;PSMB2;PSMA6;ASH2L;XPO1;PPP2R5E;CCDC88C;PSMB1;PSMD13;XIAP;PSMA4;SMARCA4;CUL3;AKT1;TNRC6C;PSMA7;PSMA3;PPP2CB;KMT2D;SOX4;PSMB7;H3-3B;FZD9;PSMB5;TLE5;CTNNB1;TERT;ITPR1;NRAS;CSNK2A2;PPP2R5A;PSMD6;YWHAZ;CDC73;TCF7L2;CREBBP;PSMB4;FRAT2;SMURF1;CTNNBIP1;TCF7;CLTA;AP2S1;PSMB6;WNT3;PSMD4;CSNK1G2;PSMA1;RBBP5;RYK;PSMD5
SoravsNC	Reactome_2022	Stabilization Of P53 R-HSA-69541	-2.14956612122	0	0	PSMD11;PSME3;PSMD7;PSMC4;PSMD2;PSMD12;PSMD14;PSMA5;PSMC5;PSMB3;PSMC3;PSME4;PSMD8;PSMC2;PSMC1;PSMD3;PSMB2;PSMA6;PSMB1;PSMD13;PSMA4;PSMA7;PSMA3;PSMB7;PSMB5;MDM2;PSMD6;PSMB4;PSMB6;PSMD4;PSMA1;PSMD5
SoravsNC	Reactome_2022	Switching Of Origins To A Post-Replicative State R-HSA-69052	-2.27476046997	0	0	PSMD11;PSME3;PSMD7;PSMC4;PSMD2;PSMD12;UBE2S;CDC6;PSMD14;MCM7;PSMA5;MCM5;PSMC5;MCM6;PSMB3;MCM4;PSMC3;PSME4;PSMD8;PSMC2;PSMC1;PSMD3;PSMB2;PSMA6;ORC6;PSMB1;PSMD13;ANAPC7;PSMA4;MCM8;ANAPC1;PSMA7;PSMA3;PSMB7;PSMB5;CCNE1;ORC5;PSMD6;UBE2D1;PSMB4;CDK2;PSMB6;MCM3;PSMD4;PSMA1;PSMD5;SLC25A15;UBE2E1;ANAPC10;ORC4
SoravsNC	Reactome_2022	Synthesis Of Bile Acids And Bile Salts R-HSA-192105	1.84035678078	0.00242130750605	0.0074188108018	RXRA;CYP27A1;AKR1D1;OSBPL7;NR1H4;HSD17B4;CYP7A1;ACOX2;CYP8B1;ACOT8;HSD3B7;NCOA1
SoravsNC	Reactome_2022	Synthesis Of Bile Acids And Bile Salts Via 7Alpha-Hydroxycholesterol R-HSA-193368	1.88345238298	0.00437636761488	0.00522959066339	RXRA;CYP27A1;AKR1D1;NR1H4;HSD17B4;CYP7A1;ACOX2;CYP8B1;ACOT8;HSD3B7;NCOA1;NCOA2;AKR1C2
SoravsNC	Reactome_2022	Synthesis Of DNA R-HSA-69239	-2.32941337224	0	0	POLR1B;PSMD11;PSME3;POLR1A;PSMD7;PSMC4;PSMD2;PSMD12;UBE2S;CDC6;PSMD14;MCM7;PSMA5;MCM5;PSMC5;MCM6;PSMB3;MCM4;PSMC3;CDC45;PSME4;PSMD8;PSMC2;PSMC1;PSMD3;PSMB2;PSMA6;POLE3;RFC3;FEN1;ORC6;PSMB1;PSMD13;ANAPC7;PSMA4;SLC19A1;MCM8;ANAPC1;GINS3;PSMA7;POLA1;PSMA3;PSMB7;POLE4;PSMB5;CCNE1;GINS2;ORC5;PSMD6;UBE2D1;RFC4;PSMB4;PCNA;GINS4;CDK2;POLD2;PSMB6;MCM3;PSMD4;RFC2;PSMA1;PSMD5;SLC25A15;UBE2E1;ANAPC10;ORC4;GINS1;POLA2
SoravsNC	Reactome_2022	TCF Dependent Signaling In Response To WNT R-HSA-201681	-1.88392915853	0	0.000961030591386	MYC;LGR5;PSMD11;PSME3;PSMD7;PSMC4;PSMD2;PSMD12;PSMD14;RUVBL1;H2AZ1;PSMA5;CSNK1A1;LEO1;PSMC5;PSMB3;PSMC3;PPP2CA;PSME4;PSMD8;PSMC2;LRP6;PSMC1;PSMD3;PSMB2;PSMA6;ASH2L;XPO1;PPP2R5E;CCDC88C;PSMB1;PSMD13;XIAP;PSMA4;SMARCA4;CUL3;AKT1;PSMA7;PSMA3;PPP2CB;KMT2D;SOX4;PSMB7;H3-3B;PSMB5;CTNNB1;TERT;CSNK2A2;PPP2R5A;PSMD6;YWHAZ;CDC73;TCF7L2;CREBBP;PSMB4;FRAT2;CTNNBIP1;TCF7;PSMB6;WNT3;PSMD4;CSNK1G2;PSMA1;RBBP5;RYK;PSMD5
SoravsNC	Reactome_2022	TCR Signaling R-HSA-202403	-1.83461923305	0	0.00192081309109	VASP;PSMD11;PSME3;IKBKG;PSMD7;PSMC4;PSMD2;PSMD12;PSMD14;PSMA5;PSMC5;PSMB3;PSMC3;PSME4;PSMD8;PSMC2;NFKB1;CSK;PSMC1;PSMD3;PSMB2;PSMA6;PSMB1;PSMD13;PSMA4;CHUK;PSMA7;PSMA3;ENAH;PSMB7;RIPK2;PSMB5;UBE2N;ZAP70;PSMD6;UBE2D1;PSMB4;UBE2D2;PSMB6;PSMD4;PSMA1;PSMD5
SoravsNC	Reactome_2022	TGF-beta Receptor Signaling Activates SMADs R-HSA-2173789	-1.6871276937	0.0089928057554	0.0130574084633	PPP1R15A;TGFBR2;ITGB1;FURIN;TGFB1;ITGB5;BAMBI;UBE2M;UCHL5;ITGAV;XPO1;FKBP1A;CBL;PPP1CA;SRFBP1
SoravsNC	Reactome_2022	TNFR2 Non-Canonical NF-kB Pathway R-HSA-5668541	-2.14869535465	0	0	TNFRSF1A;TNFRSF12A;PSMD11;PSME3;PSMD7;PSMC4;PSMD2;PSMD12;LTBR;PSMD14;PSMA5;PSMC5;PSMB3;PSMC3;UBE2M;PSME4;PSMD8;PSMC2;PSMC1;NFKB2;PSMD3;PSMB2;PSMA6;PSMB1;PSMD13;PSMA4;EDA;CHUK;TANK;TRAF3;PSMA7;PSMA3;PSMB7;TNFSF4;MAP3K14;PSMB5;PSMD6;PSMB4;PSMB6;PSMD4;PSMA1;PSMD5;TNFSF9
SoravsNC	Reactome_2022	TP53 Regulates Transcription Of DNA Repair Genes R-HSA-6796648	-1.73148309282	0.00363636363636	0.00816798500211	JUN;ELOA;FOS;ELOC;POLR2D;POLR2L;SUPT16H;POLR2I;CCNK;GTF2H2;POLR2C;SSRP1;CCNH;CDK9;GTF2F2;GTF2H1;ERCC3;TCEA1;GTF2H3;GDNF;SUPT4H1;GTF2F1;MSH2;POLR2K;CDK7;CCNT1;POLR2B;ELL;CCNT2;NELFE;ERCC2;TP53;POLR2G;NELFA
SoravsNC	Reactome_2022	Telomere C-strand (Lagging Strand) Synthesis R-HSA-174417	-1.60810863478	0.00536672629696	0.0275520691496	POLR1B;POLR1A;RFC3;FEN1;SLC19A1;CHTF8;TERF2IP;POLA1;RFC4;PCNA;POLD2;RFC2;DSCC1;BLM;POLA2;TERF2;ACD;PRIM2;POLD1
SoravsNC	Reactome_2022	Telomere Extension By Telomerase R-HSA-171319	-1.63383224783	0.011583011583	0.0214649249705	DKC1;RUVBL1;GAR1;NOP10;TERF2IP;NHP2;TERT;CDK2;RUVBL2;WRAP53;PPP6R3;SHQ1;TERF2;ACD
SoravsNC	Reactome_2022	Telomere Maintenance R-HSA-157579	-1.75709384719	0	0.00620032353059	DKC1;POLR1B;POLR1A;RUVBL1;H2AZ1;GAR1;NOP10;POLR2D;RFC3;FEN1;POLR2L;SLC19A1;CHTF8;TERF2IP;NHP2;POLR2I;POLA1;POLR2C;H3-3B;TERT;RFC4;PCNA;CDK2;DAXX;RUVBL2;POLD2;WRAP53;RFC2;DSCC1;BLM;PPP6R3;POLR2K;POLA2;SHQ1;POLR2B;TERF2;ACD;H2AC6;PRIM2;POLD1
SoravsNC	Reactome_2022	Transcription Of HIV Genome R-HSA-167172	-1.95661427463	0	0.000169224951961	ELOA;ELOC;POLR2D;TAF13;POLR2L;SUPT16H;GTF2E2;POLR2I;GTF2A2;CCNK;GTF2H2;POLR2C;SSRP1;TAF3;CCNH;CDK9;GTF2F2;TAF9;GTF2E1;NCBP1;GTF2H1;ERCC3;TCEA1;TAF7;GTF2H3;SUPT4H1;TAF2;GTF2F1;POLR2K;TBP;CDK7;CCNT1;POLR2B;RNGTT;ELL;CCNT2;NELFE;ERCC2;POLR2G;NELFA
SoravsNC	Reactome_2022	Transcription-Coupled Nucleotide Excision Repair (TC-NER) R-HSA-6781827	-1.6041406568	0.00178890876565	0.0283458729984	POLR1B;POLR1A;PRPF19;COPS3;POLR2D;POLE3;RFC3;POLR2L;SLC19A1;POLR2I;GTF2H2;POLR2C;CCNH;POLE4;GTF2H1;ERCC4;ERCC3;RFC4;USP7;PCNA;TCEA1;POLD2;GTF2H3;CUL4A;RFC2;COPS8
SoravsNC	Reactome_2022	Transcriptional Regulation By RUNX1 R-HSA-8878171	-1.88086590484	0	0.00102074168328	THBS1;PHC2;SRC;PSMD11;PSME3;CBX4;PSMD7;PSMC4;PSMD2;PSMD12;PRMT1;GATA2;PSMD14;LGALS3;CCND1;H2AZ1;PSMA5;PTPN11;RUNX1;PSMC5;PSMB3;PSMC3;PSME4;PSMD8;PSMC2;PSMC1;CBFB;PSMD3;PSMB2;PSMA6;ASH2L;ABL1;PSMB1;SOCS4;PSMD13;TJP1;PSMA4;SMARCA4;SETD1B;TNRC6C;PSMA7;CCND3;PSMA3;SOCS3;PRMT6;ELOF1;KMT2D;PSMB7;H3-3B;CCNH;PSMB5;WDR5;ACTL6A;SMARCC1;CSNK2A2;PSMD6;CREBBP;RYBP;PSMB4;PSMB6;RNF2;PSMD4;PSMA1;RBBP5;PSMD5;RING1;YAF2;CSNK2B;AGO2;CTSL
SoravsNC	Reactome_2022	Transcriptional Regulation By RUNX2 R-HSA-8878166	-2.02644785455	0	5.18956519348e-05	SRC;PSMD11;PSME3;PSMD7;PSMC4;PSMD2;PSMD12;PSMD14;LGALS3;CCND1;PSMA5;RUNX1;PSMC5;PSMB3;PSMC3;WWP1;PSME4;PSMD8;PSMC2;PPARGC1B;PSMC1;CBFB;PSMD3;PSMB2;PSMA6;ESRRA;ABL1;PSMB1;PSMD13;PSMA4;HEY1;SATB2;SMAD1;AKT1;PSMA7;PSMA3;STAT1;PSMB7;PSMB5;PSMD6;PSMB4;SMURF1;CDK4;CDKN1A;SMAD6;PSMB6;NR3C1;PSMD4;HDAC4;PSMA1;PSMD5
SoravsNC	Reactome_2022	Transcriptional Regulation By RUNX3 R-HSA-8878159	-2.22683618959	0	0	JAG1;MYC;SRC;PSMD11;PSME3;TEAD4;TGFB1;PSMD7;PSMC4;PSMD2;PSMD12;CCN2;PSMD14;CCND1;PSMA5;RUNX1;PSMC5;PSMB3;PSMC3;PSMD8;PSMC2;PSMC1;CBFB;PSMD3;PSMB2;PSMA6;PSMB1;PSMD13;PSMA4;PSMA7;PSMA3;PSMB7;PSMB5;CTNNB1;MAML2;NRAS;MDM2;PSMD6;TCF7L2;CREBBP;PSMB4;SMURF1;CDKN1A;TCF7;BRD2;TEAD2;PSMB6;CXXC1;PSMD4;HDAC4;PSMA1;PSMD5;SNW1
SoravsNC	Reactome_2022	Transcriptional Regulation By Small RNAs R-HSA-5578749	-1.7105492371	0	0.0102850191011	NUP155;NUP153;NUP50;H2AZ1;RAN;SEH1L;NUP93;NUP188;POLR2D;NUP98;NUP205;POLR2L;NUP35;NUP88;POLR2I;NUP58;POLR2C;H3-3B;NUP43;NUP62;NUP37;POM121C;POM121;SEC13;NUP42;AGO2;NUP54;POLR2K
SoravsNC	Reactome_2022	Transcriptional Regulation By TP53 R-HSA-3700989	-1.64207814841	0	0.0199045660668	JUN;TXNRD1;GADD45A;GATAD2A;POLR1B;PRMT5;SESN2;POLR1A;YWHAB;TNFRSF10B;PLK3;DDIT4;CYCS;YWHAG;GSR;PRMT1;ELOA;RABGGTB;MTA2;RBBP8;NOC2L;REXO2;PMAIP1;FOS;KMT5A;CNOT9;NPM1;PPP2CA;ELOC;POLR2D;RPTOR;COX20;YWHAH;TNFRSF10A;RFFL;TAF13;UBL4A;RFC3;POLR2L;TIGAR;E2F1;NUAK1;TP53RK;SUPT16H;AKT1;PIP4K2A;TFDP1;HDAC2;GPX2;TNRC6C;POLR2I;CCNK;PPP2CB;MPZ;CHD4;STEAP3;GTF2H2;POLR2C;SSRP1;GNPDA1;TAF3;RNF34;CCNH;SCO1;TOP3A;CDK9;GTF2F2;TAF9;YWHAE;CARM1;MAPKAPK5;CCNE1;E2F4;SCO2;CDK5R1;MDM2;CSNK2A2;GTF2H1;YWHAZ;PCBP4;EXO1;RHEB;ERCC3;CREBBP;RFC4;USP7;TACO1;PCNA;TCEA1;TAF7;PIP4K2C;CDKN1A;AIFM2;CDK2;DAXX;YWHAQ;TTC5;RGCC;GTF2H3;HIPK1;PRKAB1;IGFBP3;PRKAA1;RFC2;LAMTOR1;GDNF;BRPF3;BLM;SUPT4H1;CSNK2B;AGO2;TAF2;COX18;RICTOR;CDKN2A;GTF2F1;TP53BP2;MSH2;POLR2K;HUS1;TBP;CDK7;SLC38A9;CCNT1;POU4F1;COX14;KAT6A;CNOT10;CNOT3;COX4I1;BARD1
SoravsNC	Reactome_2022	Translation R-HSA-72766	-2.09691965169	0	0	GARS1;MARS1;YARS1;EIF2S2;VARS1;WARS1;EIF4A1;TARS1;CARS1;EPRS1;EIF4EBP1;AARS1;FARSB;EIF3J;NARS1;GSPT1;RPN1;EIF3B;MARS2;IARS1;SRPRB;AIMP2;SARS1;EIF2S1;EEF1E1;MRPL3;FARSA;EIF4G1;EIF5B;SSR3;MRPL12;SRPRA;APEH;RSL24D1;SEC61A1;EARS2;EIF3I;RARS1;MRPS23;EIF4E;EIF2B3;ETF1;TUFM;HARS1;EIF3M;MRPL46;KARS1;TSFM;MTIF2;MRPL15;EIF3A;SRP19;GFM1;EIF2B2;SRP54;LARS1;AURKAIP1;MRPL4;RPL22L1;MRPL38;EIF2B5;MRPL30;SSR1;MRPL20;SPCS3;MRPL1;EIF3C;MRPS18B;YARS2;EIF5;MRPL35;MRPS34;MRPL21;SEC61B;MRPL36;MRPS16;SEC61G;GADD45GIP1;MRPS11;MRPL47;RPL26L1;MRPS10;MRPL16;TRMT112;MRPL18;EIF3K;MRPL58;EIF3G;MTRF1L;MRPL14;EIF1AX;SRP72;MRPL52;EIF2B4;MRPS2;MRPL40;MRPS21;MTFMT;SPCS2;SRP68;EIF2S3;MRPS7;SSR2;TARS2;AARS2;MRPS17;DARS2;EIF2B1;MRPL24;MRPL17;SEC11C
SoravsNC	Reactome_2022	Translesion Synthesis By POLH R-HSA-110320	-1.63368122625	0.00778210116732	0.0214124538439	POLR1B;POLR1A;VCP;RFC3;SLC19A1;NPLOC4;UFD1;SPRTN;RFC4;PCNA;RCHY1;RFC2
SoravsNC	Reactome_2022	Translesion Synthesis By POLK R-HSA-5655862	-1.54388222466	0.0210325047801	0.046408167258	POLR1B;POLR1A;RFC3;SLC19A1;RFC4;PCNA;RFC2
SoravsNC	Reactome_2022	Transport Of Inorganic Cations/Anions And Amino Acids/Oligopeptides R-HSA-425393	-1.79627330411	0	0.00353399838329	SLC7A11;SLC7A1;SLC1A5;SLC38A1;SLC6A14;SLC20A1;SLC1A4;SLC38A2;SLC7A6;SLC3A2;SLC4A7;SLC43A2;SLC4A2;CALM1;SLC12A2;SLC7A2;SLC38A5;SLC6A6;SLC9A1;SLC26A9;SLC25A22;SLC43A1
SoravsNC	Reactome_2022	Transport Of Mature Transcript To Cytoplasm R-HSA-72202	-1.8193035393	0	0.00252040984715	SRSF3;NUP155;NUP153;EIF4A3;SRSF7;NUP50;DDX39A;SEH1L;NUP93;NUP188;NUP98;U2AF2;EIF4E;NXT1;ALYREF;CHTOP;NUP205;SRSF2;NUP35;CPSF2;NUP88;NUP58;NUP43;SRSF1;NUP62;SLBP;NCBP1;NUP37;MAGOH;SYMPK;POM121C;SRSF9;MAGOHB;THOC5;POM121;SEC13;NUP42;RNPS1;NUP54;SLU7;RANBP2;CPSF3
SoravsNC	Reactome_2022	Transport Of Mature mRNA Derived From An Intron-Containing Transcript R-HSA-159236	-1.81464793579	0	0.00278364335537	SRSF3;NUP155;NUP153;EIF4A3;SRSF7;NUP50;DDX39A;SEH1L;NUP93;NUP188;NUP98;U2AF2;NXT1;ALYREF;CHTOP;NUP205;SRSF2;NUP35;NUP88;NUP58;NUP43;SRSF1;NUP62;NCBP1;NUP37;MAGOH;POM121C;SRSF9;MAGOHB;THOC5;POM121;SEC13;NUP42;RNPS1;NUP54
SoravsNC	Reactome_2022	Transport Of Mature mRNA Derived From An Intronless Transcript R-HSA-159231	-1.84284733191	0	0.00173270022085	NUP155;NUP153;NUP50;SEH1L;NUP93;NUP188;NUP98;EIF4E;ALYREF;NUP205;NUP35;CPSF2;NUP88;NUP58;NUP43;NUP62;NCBP1;NUP37;SYMPK;POM121C;POM121;SEC13;NUP42;NUP54;RANBP2;CPSF3
SoravsNC	Reactome_2022	Transport Of Mature mRNAs Derived From Intronless Transcripts R-HSA-159234	-1.86122989815	0	0.00140402619961	NUP155;NUP153;NUP50;SEH1L;NUP93;NUP188;NUP98;EIF4E;ALYREF;NUP205;NUP35;CPSF2;NUP88;NUP58;NUP43;NUP62;SLBP;NCBP1;NUP37;SYMPK;POM121C;POM121;SEC13;NUP42;NUP54;RANBP2;CPSF3
SoravsNC	Reactome_2022	Transport Of Ribonucleoproteins Into Host Nucleus R-HSA-168271	-1.88034373469	0.00180505415162	0.00102276102353	NUP155;NUP153;GNL3;KPNB1;NUP50;SEH1L;NUP93;NUP188;NUP98;NUP205;NUP35;NUP88;NUP58;NUP43;NUP62;NUP37;POM121C;POM121;SEC13;NUP42;NUP54
SoravsNC	Reactome_2022	Transport Of SLBP Dependant Mature mRNA R-HSA-159230	-1.89875256768	0	0.000737154146802	NUP155;NUP153;NUP50;SEH1L;NUP93;NUP188;NUP98;EIF4E;ALYREF;NUP205;NUP35;NUP88;NUP58;NUP43;NUP62;SLBP;NCBP1;NUP37;POM121C;POM121;SEC13;NUP42;NUP54
SoravsNC	Reactome_2022	Transport Of SLBP Independent Mature mRNA R-HSA-159227	-1.86635954927	0	0.00126084506461	NUP155;NUP153;NUP50;SEH1L;NUP93;NUP188;NUP98;EIF4E;ALYREF;NUP205;NUP35;NUP88;NUP58;NUP43;NUP62;NCBP1;NUP37;POM121C;POM121;SEC13;NUP42;NUP54
SoravsNC	Reactome_2022	Tristetraprolin (TTP, ZFP36) Binds And Destabilizes mRNA R-HSA-450513	-1.72847767861	0	0.00845038824286	YWHAB;EXOSC6;TNPO1;EXOSC2;EXOSC5;MAPKAPK2;EXOSC8;EXOSC3;EXOSC4;DCP2;DIS3;EXOSC7;ZFP36;EXOSC1;EXOSC9
SoravsNC	Reactome_2022	UCH Proteinases R-HSA-5689603	-2.17918985451	0	0	TGFBR2;PSMD11;PSME3;TGFB1;PSMD7;PSMC4;PSMD2;PSMD12;ADRM1;UCHL3;PSMD14;RUVBL1;PSMA5;INO80;PSMC5;PSMB3;PSMC3;UCHL5;PSME4;PSMD8;PSMC2;PSMC1;PSMD3;PSMB2;PSMA6;HCFC1;PSMB1;PSMD13;PSMA4;MCRS1;PSMA7;PSMA3;PSMB7;KDM1B;PSMB5;ASXL2;ACTL6A;PSMD6;PSMB4;PSMB6;PSMD4;PSMA1;PSMD5;FOXK1;USP15;FOXK2;TFPT;PSMB10;BARD1;INO80C;INO80D
SoravsNC	Reactome_2022	Ub-specific Processing Proteases R-HSA-5689880	-1.6649673934	0	0.0169405782452	MYC;HIF1A;PSMD11;PSME3;IKBKG;PSMD7;PSMC4;PSMD2;PSMD12;ADRM1;PSMD14;RUVBL1;ARRB1;PSMA5;PSMC5;PSMB3;PSMC3;PSME4;PSMD8;PSMC2;PSMC1;PSMD3;CDC25A;PSMB2;PSMA6;USP13;PSMB1;KEAP1;PSMD13;PSMA4;CLSPN;IDE;SMAD1;TANK;HGS;PSMA7;PSMA3;PSMB7;UFD1;PTRH2;PSMB5;MDM2;USP32;PSMD6;USP22;RCE1;PSMB4;VDAC2;USP7;TOMM70;PSMB6;CDC20;USP25;PSMD4;PSMA1;MUL1;PSMD5;TOMM20;AREG;USP15;USP14
SoravsNC	Reactome_2022	Ubiquitin Mediated Degradation Of Phosphorylated Cdc25A R-HSA-69601	-2.20594317487	0	0	PSMD11;PSME3;PSMD7;PSMC4;PSMD2;PSMD12;PSMD14;PSMA5;PSMC5;PSMB3;PSMC3;PSME4;PSMD8;PSMC2;PSMC1;PSMD3;CDC25A;PSMB2;PSMA6;PSMB1;PSMD13;PSMA4;PSMA7;PSMA3;PSMB7;PSMB5;PSMD6;PSMB4;PSMB6;PSMD4;PSMA1;PSMD5
SoravsNC	Reactome_2022	Ubiquitin-dependent Degradation Of Cyclin D R-HSA-75815	-2.2063346995	0	0	PSMD11;PSME3;PSMD7;PSMC4;PSMD2;PSMD12;PSMD14;CCND1;PSMA5;PSMC5;PSMB3;PSMC3;PSME4;PSMD8;PSMC2;PSMC1;PSMD3;PSMB2;PSMA6;PSMB1;PSMD13;PSMA4;PSMA7;PSMA3;PSMB7;PSMB5;PSMD6;PSMB4;CDK4;PSMB6;PSMD4;PSMA1;PSMD5
SoravsNC	Reactome_2022	Unattached Kinetochores Signal Amplification Via A MAD2 Inhibitory Signal R-HSA-141444	-1.54865972286	0.0106194690265	0.0450345413981	NUDC;RCC2;NDE1;SEH1L;MAPRE1;RANGAP1;PPP2CA;NUP98;XPO1;PPP2R5E;DYNC1LI1;SKA1;MAD1L1;PPP2CB;AHCTF1;PLK1;NUP43;DYNLL1;CENPO;DYNLL2;KIF2A;NUP37;PPP2R5A;CLASP2;ZWILCH;CENPM;CDC20;SEC13;CENPN;MIS12;PAFAH1B1;DSN1
SoravsNC	Reactome_2022	Unfolded Protein Response (UPR) R-HSA-381119	-2.12074167207	0	0	ASNS;CEBPB;HYOU1;EIF2S2;ATF3;HSPA5;ATF4;SHC1;ERN1;PREB;DNAJB11;SRPRB;CEBPG;MYDGF;EIF2S1;WIPI1;SRPRA;SERP1;CALR;EXOSC6;DNAJC3;DDIT3;CXCL8;EXOSC2;EXOSC5;PARN;CREB3L2;GFPT1;HERPUD1;EXOSC8;LMNA;WFS1;SSR1;KDELR3;EXOSC3;FKBP14;KHSRP;EXOSC4;NFYA;GOSR2;DCP2;DIS3;IGFBP1;CXXC1;EIF2S3;EXOSC7;EDEM1;YIF1A
SoravsNC	Reactome_2022	Vif-mediated Degradation Of APOBEC3G R-HSA-180585	-2.21233123578	0	0	PSMD11;PSME3;PSMD7;PSMC4;PSMD2;PSMD12;PSMD14;PSMA5;PSMC5;PSMB3;PSMC3;ELOC;PSME4;PSMD8;PSMC2;PSMC1;PSMD3;PSMB2;PSMA6;PSMB1;PSMD13;PSMA4;PSMA7;PSMA3;PSMB7;PSMB5;PSMD6;PSMB4;PSMB6;PSMD4;PSMA1;PSMD5
SoravsNC	Reactome_2022	Viral Messenger RNA Synthesis R-HSA-168325	-1.91854020752	0	0.000502215986466	NUP155;NUP153;GNL3;NUP50;SEH1L;NUP93;NUP188;POLR2D;NUP98;NUP205;POLR2L;NUP35;NUP88;POLR2I;NUP58;POLR2C;NUP43;NUP62;GTF2F2;NUP37;POM121C;POM121;SEC13;NUP42;NUP54;GTF2F1;POLR2K;RANBP2
SoravsNC	Reactome_2022	Vpr-mediated Nuclear Import Of PICs R-HSA-180910	-1.8589936948	0.00176056338028	0.00142977816555	HMGA1;NUP155;NUP153;NUP50;SEH1L;NUP93;NUP188;NUP98;NUP205;NUP35;NUP88;NUP58;NUP43;NUP62;NUP37;POM121C;POM121;SEC13;NUP42;NUP54
SoravsNC	Reactome_2022	Vpu Mediated Degradation Of CD4 R-HSA-180534	-2.15075010626	0	0	PSMD11;PSME3;PSMD7;PSMC4;PSMD2;PSMD12;PSMD14;PSMA5;PSMC5;PSMB3;PSMC3;PSME4;PSMD8;PSMC2;PSMC1;PSMD3;PSMB2;PSMA6;PSMB1;PSMD13;PSMA4;PSMA7;PSMA3;PSMB7;PSMB5;PSMD6;PSMB4;PSMB6;PSMD4;PSMA1;PSMD5
SoravsNC	Reactome_2022	XBP1(S) Activates Chaperone Genes R-HSA-381038	-1.69239398886	0.0054844606947	0.0124290086384	HYOU1;SHC1;PREB;DNAJB11;SRPRB;MYDGF;WIPI1;SRPRA;SERP1;DNAJC3;GFPT1;LMNA;WFS1;SSR1;KDELR3;FKBP14;GOSR2
SoravsNC	Reactome_2022	mRNA Capping R-HSA-72086	-1.6713371663	0.00372439478585	0.0160647569592	POLR2D;POLR2L;POLR2I;GTF2H2;POLR2C;CCNH;GTF2F2;NCBP1;GTF2H1;ERCC3;GTF2H3;GTF2F1;POLR2K;CDK7;POLR2B;RNGTT;ERCC2;POLR2G
SoravsNC	Reactome_2022	mRNA Splicing - Major Pathway R-HSA-72163	-2.02478438487	0	6.42272919986e-05	HNRNPC;SRSF3;PRPF19;DHX15;DDX5;EIF4A3;HNRNPR;HNRNPF;SF3A3;SRSF7;SNRPB;SNU13;TRA2B;HNRNPU;PPIL1;PUF60;CD2BP2;SNRPG;FUS;PRPF4;POLR2D;DDX46;ELAVL1;HNRNPM;U2AF2;SF1;CSTF2;PHF5A;SF3B4;ALYREF;SF3A1;HSPA8;HNRNPD;SNRPB2;POLR2L;PLRG1;SNRPF;SRSF2;DHX16;CPSF2;DHX9;EFTUD2;SF3B3;HNRNPA2B1;SNRPC;BUD31;POLR2I;SNRPA;SART1;YBX1;HNRNPA3;TXNL4A;PCBP1;POLR2C;SRSF10;SNRPA1;SRSF1;SF3B5;GTF2F2;RBM42;NCBP1;MTREX;MAGOH;PRCC;SRRT;SYMPK;HNRNPK;WBP11;PRPF31;SRSF9;MAGOHB;SF3B6;TFIP11;SNRPD2;SNW1;U2SURP;RNPS1;SMNDC1;CCAR1;GTF2F1;POLR2K;USP39;SLU7;NUDT21;SF3B2;CPSF3;SF3A2;HNRNPUL1;DNAJC8;LSM6;UPF3B;BCAS2;CRNKL1;POLR2B
SoravsNC	Reactome_2022	mRNA Splicing - Minor Pathway R-HSA-72165	-1.73656237601	0.00191570881226	0.00769218338105	SRSF7;SNRPB;SNRPG;POLR2D;SF3B4;POLR2L;SNRPF;SRSF2;EFTUD2;SF3B3;POLR2I;YBX1;TXNL4A;POLR2C;SRSF1;SF3B5;GTF2F2;NCBP1;SF3B6;SNRPD2;GTF2F1;POLR2K;SF3B2;POLR2B;DDX42;SRSF6;SNRNP40;SNRNP25
SoravsNC	Reactome_2022	mRNA Splicing R-HSA-72172	-2.00165521061	0	7.27509139273e-05	HNRNPC;SRSF3;PRPF19;DHX15;DDX5;EIF4A3;HNRNPR;HNRNPF;SF3A3;SRSF7;SNRPB;SNU13;TRA2B;HNRNPU;PPIL1;PUF60;CD2BP2;SNRPG;FUS;PRPF4;POLR2D;DDX46;ELAVL1;HNRNPM;U2AF2;SF1;CSTF2;PHF5A;SF3B4;ALYREF;SF3A1;HSPA8;HNRNPD;SNRPB2;POLR2L;PLRG1;SNRPF;SRSF2;DHX16;CPSF2;DHX9;EFTUD2;SF3B3;HNRNPA2B1;SNRPC;BUD31;POLR2I;SNRPA;SART1;YBX1;HNRNPA3;TXNL4A;PCBP1;POLR2C;SRSF10;SNRPA1;SRSF1;SF3B5;GTF2F2;RBM42;NCBP1;MTREX;MAGOH;PRCC;SRRT;SYMPK;HNRNPK;WBP11;PRPF31;SRSF9;MAGOHB;SF3B6;TFIP11;SNRPD2;SNW1;U2SURP;RNPS1;SMNDC1;CCAR1;GTF2F1;POLR2K;USP39;SLU7;NUDT21;SF3B2;CPSF3;SF3A2;HNRNPUL1;DNAJC8;LSM6;UPF3B;BCAS2;CRNKL1;POLR2B;RBM22;DDX42;SRSF6;HNRNPL;SNRNP40;PPIE;SNRNP25;CSTF2T;PRPF40A;GPKOW;CPSF4
SoravsNC	Reactome_2022	p53-Dependent G1 DNA Damage Response R-HSA-69563	-2.18127429915	0	0	PSMD11;PSME3;PSMD7;PSMC4;PSMD2;PSMD12;PSMD14;PSMA5;PSMC5;PSMB3;PSMC3;PSME4;PSMD8;PSMC2;PSMC1;PSMD3;PSMB2;PSMA6;PSMB1;PSMD13;PSMA4;PSMA7;PSMA3;PSMB7;PSMB5;CCNE1;MDM2;PSMD6;PCBP4;PSMB4;CDKN1A;CDK2;PSMB6;PSMD4;PSMA1;PSMD5
SoravsNC	Reactome_2022	rRNA Modification In Nucleus And Cytosol R-HSA-6790901	-2.43525242392	0	0	PDCD11;DKC1;WDR43;NOP2;UTP20;NOP58;UTP4;NOP56;NOP14;DHX37;NOL6;IMP4;WDR3;RRP9;PNO1;NAT10;WDR46;EMG1;RRP7A;PWP2;HEATR1;UTP14A;UTP15;SNU13;RCL1;GAR1;DCAF13;UTP25;BUD23;NOP10;WDR75;UTP11;NOL11;UTP6;UTP18;NOC4L;WDR36;TBL3;NHP2;BMS1;DIMT1;UTP3;RRP36;DDX49;TRMT112;FCF1
SoravsNC	Reactome_2022	rRNA Processing In Nucleus And Cytosol R-HSA-8868773	-2.28740328267	0	0	BOP1;PDCD11;DKC1;WDR43;NOP2;BYSL;UTP20;NOP58;UTP4;NOP56;NIP7;NOP14;DHX37;NOL6;EBNA1BP2;IMP4;WDR3;RRP9;TSR1;PNO1;WDR12;NAT10;GNL3;WDR46;EMG1;RRP7A;PWP2;PES1;HEATR1;UTP14A;UTP15;RSL24D1;SNU13;DDX56;RCL1;RIOK1;GAR1;FTSJ3;DCAF13;EXOSC6;UTP25;BUD23;NOP10;WDR75;UTP11;NOL11;UTP6;UTP18;SENP3;LTV1;TEX10;EXOSC2;EXOSC5;ISG20L2;NOC4L;WDR36;NOL9;RRP1B;TBL3;RPL22L1;EXOSC8;NHP2;BMS1;DIMT1;XRN2;UTP3;PELP1;RBM28;EXOSC3;RRP36;EXOSC10;DDX49;EXOSC4;MTREX;RPP40;RPL26L1;TRMT112;LAS1L;FCF1;NOL12;RPP14;ERI1;FBL;DIS3
SoravsNC	Reactome_2022	rRNA Processing R-HSA-72312	-2.32133823982	0	0	BOP1;PDCD11;DKC1;WDR43;NOP2;BYSL;UTP20;NOP58;UTP4;NOP56;NIP7;NOP14;DHX37;NOL6;EBNA1BP2;IMP4;WDR3;RRP9;TSR1;PNO1;WDR12;NAT10;GNL3;WDR46;EMG1;RRP7A;PWP2;PES1;HEATR1;UTP14A;UTP15;MRM1;RSL24D1;SNU13;DDX56;RCL1;RIOK1;GAR1;FTSJ3;DCAF13;EXOSC6;UTP25;BUD23;NOP10;WDR75;ELAC2;UTP11;NOL11;UTP6;UTP18;SENP3;LTV1;TEX10;EXOSC2;TFB1M;EXOSC5;ISG20L2;NOC4L;WDR36;NOL9;RRP1B;TBL3;RPL22L1;EXOSC8;NSUN4;NHP2;BMS1;DIMT1;XRN2;UTP3;PELP1;TRMT10C;MRM2;RBM28;EXOSC3;MRM3;RRP36;EXOSC10;DDX49;EXOSC4;MTREX;RPP40;RPL26L1;TRMT112;LAS1L;FCF1;NOL12;PRORP;RPP14;ERI1;FBL;DIS3
SoravsNC	Reactome_2022	tRNA Aminoacylation R-HSA-379724	-2.32081254649	0	0	GARS1;MARS1;YARS1;VARS1;WARS1;TARS1;CARS1;EPRS1;AARS1;FARSB;NARS1;MARS2;IARS1;AIMP2;SARS1;EEF1E1;FARSA;EARS2;RARS1;HARS1;KARS1;LARS1
SoravsNC	Reactome_2022	tRNA Modification In Nucleus And Cytosol R-HSA-6782315	-2.03810329684	0	4.01255040733e-05	EPRS1;NSUN2;TRMT61A;TRMT6;WDR4;PUS1;ADAT1;CTU2;QTRT2;FTSJ1;THADA;TP53RK;LCMT2;CTU1;METTL1;TYW3;TRMT112;PUS7;TRMT5;QTRT1;ALKBH8
SoravsNC	Reactome_2022	tRNA Processing In Nucleus R-HSA-6784531	-2.07831499016	0	1.54451345044e-05	XPOT;TSEN15;NUP155;NUP153;NUP50;RAN;SEH1L;DDX1;NUP93;NUP188;NUP98;ELAC2;CSTF2;NUP205;NUP35;NUP88;TRNT1;NUP58;RTCB;NUP43;NUP62;RPP40;NUP37;POP5;POM121C;RPP14;POM121;TSEN2;SEC13;RPP38;RPP30;NUP42;NUP54
SoravsNC	Reactome_2022	tRNA Processing R-HSA-72306	-2.33486228789	0	0	XPOT;EPRS1;NSUN2;TSEN15;NUP155;NUP153;TRMT61A;NUP50;TRMT6;RAN;SEH1L;DDX1;WDR4;PUS1;NUP93;NUP188;ADAT1;CTU2;QTRT2;NUP98;FTSJ1;ELAC2;CSTF2;NUP205;THADA;NUP35;TP53RK;NUP88;LCMT2;TRNT1;CTU1;NUP58;TRMT10C;RTCB;NUP43;METTL1;NUP62;TYW3;RPP40;NUP37;TRMT112;POP5;PRORP;POM121C;RPP14;PUS7;TRMT5;POM121;TSEN2;SEC13;RPP38;RPP30;GTPBP3;NUP42;QTRT1;ALKBH8;NUP54
SpivsNC	GO_Biological_Process_2025	+ Reg of Phosphatidylinositol 3-Kinase/Prot Kinase B Signal Transduction (GO:0051897)	-2.15961182005	0	0.000208201079264	THBS1;RELN;GDF15;XBP1;FN1;SRC;IRS1;AKR1C2;F2RL1;IL1R1;HAX1;AKR1C3;AGXT;PDGFRB;C1QBP;MFHAS1;MAZ;PDPK1;THPO;ITGB1;IL18;TYRO3;AMBRA1;EGFR;CBL;BECN1;VEGFA;TGFB1;SIRT1;NEDD4;HBEGF;PRKCA;PTK2;PHB1;PIK3AP1;RICTOR;APP;SEMA4D;IGF1R;PTPN11;AXL;HIP1;MTDH;TXN2
SpivsNC	GO_Biological_Process_2025	- Reg of Transmembrane Receptor Prot Serine/Threonine Kinase Sgnlng Pway (GO:0090101)	-1.69347607298	0.00256739409499	0.0399533622105	GDF15;XBP1;DKK1;PEG10;SPRY1;BCL9L;SMURF1;FST;BAMBI;UBE2D3;ZBTB7A;CRIM1;SPRED2;MAGI2;PDPK1;TGFBR3;TRIM33;HIPK2;STUB1;SIRT1;PPARG;SAP130;SINHCAF;FKBP1A;HDAC2
SpivsNC	GO_Biological_Process_2025	ADP Catabolic Process (GO:0046032)	2.12599564536	0	0.00128986080452	ALDOC;ENO2;LDHA;TPI1;HKDC1;PFKL;PGK1;GAPDH;PGM1;GNPDA1;ENO3
SpivsNC	GO_Biological_Process_2025	Actomyosin Structure Organization (GO:0031032)	-1.81337563733	0	0.0162027254111	SRC;ANKRD1;PDLIM1;EPB41;KRT19;FAM171A1;CDC42BPA;MYH9;MYOM3;ITGB1;TJP1;ROCK2;FLII;FRMD3;TMOD2;WDR1;F11R;MYBPC1;RHOA;ITGB5;PDCD10;MYH11;MYH14;FRMD5;SORBS1;TTR;TNFAIP1;MYO18B;FLNC;TMOD4;CUL3
SpivsNC	GO_Biological_Process_2025	Amide Biosynthetic Process (GO:0043604)	-1.84162951623	0	0.0136857509436	VAPA;ASS1;NAGS;GCLC;GCLM;CERS2;COASY;NANS;SPTLC3;PPCDC;SGMS1;LDLR;OSBP;CERS6;ASAH2;CHAC1;ACOT7;SGMS2;MYCBP2;SPTLC2;SAMD8;SPTSSB
SpivsNC	GO_Biological_Process_2025	Amino Acid Import Across Plasma Membrane (GO:0089718)	-2.19610794291	0	0.000156150809448	SLC7A1;SLC1A4;SLC1A5;SLC38A5;SLC3A2;SLC6A9;SLC7A5;SLC38A2
SpivsNC	GO_Biological_Process_2025	Amino Acid Transport (GO:0006865)	-1.95564539413	0	0.00595076539277	SLC7A1;SLC1A4;SLC38A1;SLC1A5;SLC38A5;SLC3A2;SLC7A5;SLC43A1;SLC7A6;SLC38A2;SH3BP4;SLC6A11;SLC6A12
SpivsNC	GO_Biological_Process_2025	Aorta Morphogenesis (GO:0035909)	-1.70768479091	0.0016583747927	0.0362898974705	JAG1;TGFBR2;PROX1;PDGFRB;TBX2;MYLK
SpivsNC	GO_Biological_Process_2025	Aortic Valve Development (GO:0003176)	-1.80369951002	0.00153609831029	0.0173555483939	JAG1;AXIN2;TGFBR2;BMP4;TNFRSF1A;SOX9;ROBO1;GATA4;ROCK2;TGFB1
SpivsNC	GO_Biological_Process_2025	Aortic Valve Morphogenesis (GO:0003180)	-1.82752930602	0.00160256410256	0.01460922638	JAG1;AXIN2;TGFBR2;BMP4;SOX9;ROBO1;GATA4;ROCK2;TGFB1;RHOA;EMILIN1;TIE1
SpivsNC	GO_Biological_Process_2025	Apoptotic Process (GO:0006915)	-1.69363253081	0	0.0400342962652	RHOB;IER3;PPP1R15A;MYC;DDIT4;GADD45A;TNFRSF21;BCL2L1;TGFBR2;YARS1;AHR;PLK3;CSRNP1;TNFRSF10B;GLRX2;PMAIP1;TNFRSF19;SIAH1;RIPK2;IKBKG;BAX;EP300;NGFR;BBC3;AIFM2;RRAGC;TNFRSF10A;BNIP1;MCM7;MYD88;DAPK1;PRKCD;TGFB1;JADE1;ATN1;IRF1;IRF3;PRKCE;FADD;STK4;PHLDA2;BCL2L13;ELMO1;DAB2IP;PAWR;AIFM1;CASP4;EMP3;CASP3;CIB1
SpivsNC	GO_Biological_Process_2025	Artery Morphogenesis (GO:0048844)	-1.78893062737	0.00453172205438	0.0200137418416	JAG1;NRP1;TGFBR2;BMP4;PDGFRB;TBX2;VEGFA
SpivsNC	GO_Biological_Process_2025	Atrioventricular Valve Morphogenesis (GO:0003181)	-1.71009526345	0.00822368421053	0.0357155373146	AXIN2;TGFBR2;SOX4;ZFPM1;GATA4
SpivsNC	GO_Biological_Process_2025	B Cell Activation (GO:0042113)	-1.65734628563	0.0099573257468	0.0489087601214	KLF6;CEBPG;IL11;CLCF1;ZBTB7A;PCYT1A;ITGB1;SLC39A7;ADGRG3;C3;HDAC4;NHEJ1;PHB1;CD22
SpivsNC	GO_Biological_Process_2025	B Cell Differentiation (GO:0030183)	-1.86138644021	0	0.0119966897741	KLF6;CEBPG;IRF2BP2;IL11;CLCF1;ZBTB7A;ITGB1;SLC39A7;ADGRG3;HDAC4;NHEJ1
SpivsNC	GO_Biological_Process_2025	Blood Vessel Diameter Maintenance (GO:0097746)	-1.74552694809	0.00461538461538	0.0279556461919	SRC;F2RL1;GCLC;GCLM;AGXT;PER2;EDN1;ROCK2;SERPINF2;PTPN11;ECE1
SpivsNC	GO_Biological_Process_2025	Branching Morphogenesis of an Epithelial Tube (GO:0048754)	-1.93321589179	0	0.00601284716913	EPHA2;MYC;NRP1;TGFBR2;BMP4;PKD1;GDNF;NPNT;VEGFA;SALL1;SIX1;PKN1;TIE1;SHH
SpivsNC	GO_Biological_Process_2025	Canonical NF-kappaB Signal Transduction (GO:0007249)	-1.76656750888	0.0015503875969	0.0236651998839	CREBBP;TRIM8;NFKBIA;BCL3;RIPK2;IKBKG;ERC1;NFKB1;EP300;RELB;IRAK2;NFKB2;IRAK1
SpivsNC	GO_Biological_Process_2025	Carbohydrate Catabolic Process (GO:0016052)	2.33606391339	0	0	ALDOC;MAN2C1;ENO2;LDHA;ENOSF1;TPI1;EGFL7;HKDC1;PFKL;PGK1;NAGA;GAPDH;PGM1;GNPDA1;ENO3;MANBA;DERA;CTBS;NEU3;PGAM4
SpivsNC	GO_Biological_Process_2025	Carboxylic Acid Transport (GO:0046942)	-2.13437731694	0	0.000356916135881	SLC7A1;SLC1A4;SLC38A1;SLC1A5;SLC38A5;SLC3A2;SLC6A9;SLC7A5;SLC7A6;SLC38A2;SLC13A3;SLC6A11;SLC6A12
SpivsNC	GO_Biological_Process_2025	Cardiac Muscle Cell Differentiation (GO:0055007)	-1.67801512443	0.0130293159609	0.044802185792	KDM6B;IRX3;VEGFA;ASB2;CXADR;AKAP13;ALPK2;MYH11;TTR;NRG1;WT1
SpivsNC	GO_Biological_Process_2025	Cardiac Ventricle Morphogenesis (GO:0003208)	-1.8850750712	0.0015243902439	0.0096597055191	JAG1;TGFBR2;BMP4;PROX1;PKP2;SOX4;TGFBR3;GATA4;TGFB1;FKBP1A
SpivsNC	GO_Biological_Process_2025	Cell Chemotaxis (GO:0060326)	-1.83424451246	0	0.0144051851625	EPHA2;NRP1;CCL20;DOCK4;PDGFRB;PIP5K1A;BCAR1;VEGFA;PRKCD;NCOA3;HBEGF;PARVA;CORO1B;EGR3;NR4A1;PLXNB3;RHOG;ENG
SpivsNC	GO_Biological_Process_2025	Cell Surface Receptor Protein Tyrosine Kinase Signaling Pathway (GO:0007169)	-1.68242216826	0	0.0432037651343	XBP1;EPHA2;DDIT4;SLC39A14;SRC;NRP1;IRS1;CSF1;MVP;PTPRG;UBASH3B;GRB10;PDGFRB;SIPA1L1;STAT3;GRB7;PLCB1;BCAR3;FGFR4;MERTK;ARHGEF28;EPHB4;SHC1;HSPB1;BCAR1;RAPGEF2;SOCS4;STXBP4;TYRO3;RGS14;DOK6;GDNF;LCK;VEGFA;GSK3B;FLRT1;NCK2;NCK1;PTK2;ZFYVE27;RAB14;MTCL2;CD7;KIF16B;GRB2;POLR1G;MAPKAPK2;PKN1;LYN;IGF1R;TIE1;FGF21;CASP3;PTPN11;AXL;PIK3R1;PDGFC;EFNA2;CRK;RELA;ANKS1A;AP3S1;FGF19;TRIM71;SORBS1;FRK;PTPN2;ANGPTL1;GALNT3;RARRES2
SpivsNC	GO_Biological_Process_2025	Cell-Matrix Adhesion (GO:0007160)	-1.71305888643	0	0.0346814367144	FGB;FN1;SRC;PTPRK;DLC1;CD63;PKD1;FGG;FGA;PIP5K1A;ADAM9;RCC2;TESK2;ITGB1;ITGA10;NPNT;LYVE1;BCR;EMILIN1;MKLN1;ITGB5
SpivsNC	GO_Biological_Process_2025	Cell-Substrate Junction Assembly (GO:0007044)	-1.91580263776	0	0.00719055434725	FN1;SRC;PTPRK;DLC1;PIP5K1A;RCC2;TESK2;DST
SpivsNC	GO_Biological_Process_2025	Cellular Response to Acid Chemical (GO:0071229)	-1.70101714938	0.00477707006369	0.0377286471441	XBP1;SESN2;CPEB4;RPTOR;SH3BP4;RRAGC;VEGFA
SpivsNC	GO_Biological_Process_2025	Cellular Response to Chemical Stress (GO:0062197)	-1.79372989701	0.00138312586445	0.0191880801115	XBP1;NFE2L2;SESN2;SRXN1;PYCR1;ATF4;HIF1A;LRRC8D;CHCHD2;ZFAND1;RPTOR;ABL1;HM13;GSR;ZC3H12A;PYROXD1;FOXO3;LONP1;ETV5;NQO1;PYCR2;UBL4A;KEAP1;FANCC;PRDX5
SpivsNC	GO_Biological_Process_2025	Cellular Response to Cytokine Stimulus (GO:0071345)	-2.08126300968	0	0.00147633492569	EGR1;SH2B3;XBP1;NFE2L2;TNFRSF21;NR1D1;ZFP36L1;IRS1;ANKRD1;CXCL8;HIF1A;ARHGEF2;EPRS1;IL6ST;HAX1;NFAT5;IL4R;STAT3;IFNGR1;IFNGR2;SOCS3;CLCF1;ZC3H12A;NFKB1;PDE12;ZFP36L2;LONP1;TNFRSF1A;SOX9;CDC34;SOCS4;OSMR;SYNCRIP;IL18;CBL;ERBIN;SBNO2;LRCH1;DAPK1;TCF7;EDA;NPNT;GSK3B;CDK9;IFITM2;ASAH2;IRF1;SIRT1;EREG;USP32;RPL13A;PRKCA;RHOA;PHB1;RPS3;IL7;UBE2K;UPF1;KHSRP;DUSP12;IL6R
SpivsNC	GO_Biological_Process_2025	Cellular Response to Decreased Oxygen Levels (GO:0036294)	-1.66557032908	0.00544959128065	0.0472710234198	NFE2L2;MYC;ZFP36L1;CPEB4;HIF1A;HYOU1;LMNA;PMAIP1;RPTOR;EGLN2;P4HB;BBC3;TBL2;ADO;UBQLN1;RGCC;HIPK2;AQP3;TIGAR;VEGFA;VHL;TGFB1;SIRT1;PPARG
SpivsNC	GO_Biological_Process_2025	Cellular Response to Glucocorticoid Stimulus (GO:0071385)	-1.84103458399	0	0.0136044967998	PCK2;ZFP36L1;KLF9;NR3C1;SSTR5;ZFP36L2
SpivsNC	GO_Biological_Process_2025	Cellular Response to Glucose Starvation (GO:0042149)	-1.97276806466	0	0.00502231991203	XBP1;SESN2;ATF4;CPEB4;PLIN2;HSPA5;PMAIP1;PLIN3;BHLHA15;ZC3H12A;FOXO3;NUAK2;SH3GLB1;YWHAG;TBL2;RRP8;BECN1;HNRNPA1;SIRT1;YWHAZ
SpivsNC	GO_Biological_Process_2025	Cellular Response to Glucose Stimulus (GO:0071333)	-1.72393169371	0.00740740740741	0.0320836273824	XBP1;PCK2;SLC39A14;ERN1;ZBTB20;RPTOR;SOX4;RAB43;PTPRN2
SpivsNC	GO_Biological_Process_2025	Cellular Response to Growth Factor Stimulus (GO:0071363)	-1.83021169416	0.00136054421769	0.0143454625987	XBP1;ZFP36L1;NRP1;TGFBR2;ANKRD1;MARS1;CXCL8;ERN1;BMP4;SOX6;NR3C1;EEF1A1;MTSS2;ZFP36L2;SHC1;HSPB1;SOX9;BCAR1;RAPGEF2;RAB35;MAGI2;PTPN12;PDPK1;PDE3A;EGFR;DUSP3;RACK1;ACVR2A;VEGFA;TGFB1;SPHK1;ACVR1;SOX5;GAREM1;SLC4A7;MAPKAPK2;KNSTRN;DAB2IP;MAP2K3;CORO1B;PDE8A;PTPN11;CIB1;EGR3
SpivsNC	GO_Biological_Process_2025	Cellular Response to Hexose Stimulus (GO:0071331)	-1.74278592506	0.0062015503876	0.0284129138128	XBP1;PCK2;SLC39A14;ERN1;ZBTB20;RPTOR;SOX4
SpivsNC	GO_Biological_Process_2025	Cellular Response to Insulin Stimulus (GO:0032869)	-1.75127985651	0	0.0262976728014	TRIB3;XBP1;PCK2;SLC39A14;ZFP36L1;IRS1;EPRS1;RAB10;ENPP1;GRB10;GRB7;SLC25A33;BCAR3;SHC1;BCAR1;LPIN2;SOCS4;PDPK1;STXBP4;PRKDC;GSK3B;GOLT1A;PPARG;INHBB;PRKCZ;MTCL2
SpivsNC	GO_Biological_Process_2025	Cellular Response to Interleukin-1 (GO:0071347)	-2.04725909645	0	0.00217454460564	EGR1;NR1D1;ANKRD1;CXCL8;HIF1A;IL1R1;NFKBIA;PLCB1;ZC3H12A;NFKB1;SOX9;IRAK2;MYD88;USP32;TNIP2;IRAK1
SpivsNC	GO_Biological_Process_2025	Cellular Response to Ketone (GO:1901655)	-1.96110811394	0	0.00574154514739	PCK2;SRC;AKR1C2;KLF9;AHR;AKR1C3;NR3C1;GOLPH3;LARP1;AREG;TNFSF4;ROCK2
SpivsNC	GO_Biological_Process_2025	Cellular Response to Laminar Fluid Shear Stress (GO:0071499)	-1.67207207867	0.0105448154657	0.0460722963276	XBP1;NFE2L2;ASS1;PDPK1
SpivsNC	GO_Biological_Process_2025	Cellular Response to Lipopolysaccharide (GO:0071222)	-1.79393230525	0	0.0192580371263	XBP1;NR1D1;ANKRD1;CXCL8;TNFAIP3;ZC3H12A;NFKB1;ADAM9;NFKBIB;IL18;IRAK2;MYD88;SBNO2;TNFSF4;MMP3;TNIP2;IRAK1;PRKCE;RHOA;UPF1;LYN;DAB2IP;AXL;MTDH;NFKBIL1;NUGGC;RELA;CASP7
SpivsNC	GO_Biological_Process_2025	Cellular Response to Molecule of Bacterial Origin (GO:0071219)	-1.7868947698	0.001414427157	0.0201499607025	XBP1;NR1D1;FZD5;ANKRD1;CXCL8;TNFAIP3;AHR;ZC3H12A;NFKB1;ADAM9;NFKBIB;IL18;MYD88;SBNO2;TNFSF4;MMP3;TNIP2;RHOA;UPF1;DAB2IP;AXL;NFKBIL1;NUGGC;RELA;CASP7
SpivsNC	GO_Biological_Process_2025	Cellular Response to Nitrogen Compound (GO:1901699)	-1.66774601212	0.0012836970475	0.0467901866219	EGR1;XBP1;SESN2;SRC;ZFP36L1;PDE4D;ARHGEF2;AHR;RPTOR;HSP90B1;RIPK2;ICAM1;GOLPH3;PDE12;SOX9;EP300;LARP1;RAPGEF2;NGFR;PRMT1;PDE3A;PRNP
SpivsNC	GO_Biological_Process_2025	Cellular Response to Oxidative Stress (GO:0034599)	-1.84630740793	0	0.0128183500293	XBP1;NFE2L2;SESN2;SRXN1;SRC;PYCR1;ATF4;PTPRK;HIF1A;CHCHD2;ZFAND1;ABL1;HM13;GSR;ZC3H12A;PYROXD1;FOXO3;LONP1;FOS;ETV5;NQO1;PYCR2;DAPK1;UBL4A;MMP3;KEAP1;PRKCD;FANCC;PRDX5;PEX13;RPS3;MSRA;AMBP
SpivsNC	GO_Biological_Process_2025	Cellular Response to Oxygen-Containing Compound (GO:1901701)	-1.77578629595	0	0.0221749383641	EGR1;XBP1;SESN2;SRC;NR1D1;ZFP36L1;IRS1;ANKRD1;CXCL8;TGM2;PTPRK;PDE4D;TNFAIP3;NR1H4;ARHGEF2;AHR;NRIP1;SLC38A2;ZFAND1;RPTOR;HSP90B1;RIPK2;DPEP1;ICAM1;RARA;ZC3H12A;NFKB1;ADAM9;NFKBIB;SOX9;EP300;ZNF703;RAPGEF2;LCOR;NGFR;FOS;PRMT1;IL18;PDE3A;PRNP;ABL2;EGFR;MYD88;SBNO2;DAPK1;TNFSF4;MMP3;ROCK2;GSK3B;PRKCD;WNT7B;RPL23;NCOA3;TNIP2;PRDX5;PEX13;RHOA;RPS3;AMBP;RAP1B;GNB1;TESC;UPF1;VCP;APP;LYN;DAB2IP;IGF1R;CASP4;PEX12;AXL;WNT6;NFKBIL1;SESN3;GPR37L1;AGAP3;ABCB4;NUGGC;RELA;KAT5;CASP7;PEX10;CDK2
SpivsNC	GO_Biological_Process_2025	Cellular Response to Peptide Hormone Stimulus (GO:0071375)	-1.89722713351	0	0.00830201803564	TRIB3;XBP1;PCK2;SLC39A14;SRC;ZFP36L1;IRS1;EPRS1;RAB10;ENPP1;SLC25A33;NFKB1;LPIN2;PDPK1;PRKDC;SLC30A10;PRKCD;GOLT1A;PPARG;INHBB;PRKCZ
SpivsNC	GO_Biological_Process_2025	Cellular Response to Transforming Growth Factor Beta Stimulus (GO:0071560)	-2.03446789455	0	0.00257900691733	GDF15;JUN;SRC;ZFP36L1;TGFBR2;ANKRD1;PTPRK;SOX6;NR3C1;FURIN;BAMBI;STAT3;ZMIZ1;ADAM9;ZFP36L2;SOX9;FOS;ITGB1;TGFBR3;PDE3A;LRG1;TGFBRAP1;TGFB1;DAB2;SIRT1;SOX5;PTK2
SpivsNC	GO_Biological_Process_2025	Cellular Response to Tumor Necrosis Factor (GO:0071356)	-1.94498527497	0	0.00620507478855	NFE2L2;TNFRSF21;NR1D1;ZFP36L1;ANKRD1;CXCL8;ARHGEF2;NFKBIA;ZC3H12A;ZFP36L2;FOXO3;TNFRSF1A;COMMD7;TMSB4X;ERBIN;NPNT;SIRT1;RPS3;DAB2IP;YBX3;BIRC2;CIB1;RELA;TRAF3;INPP5K
SpivsNC	GO_Biological_Process_2025	Cellular Response to Unfolded Protein (GO:0034620)	-1.82129201176	0	0.0152310081464	XBP1;NFE2L2;HERPUD1;DDIT3;ATF4;ERN1;HSPA5;SERP1;BHLHA15;RHBDD1;PTPN1;BAX;TBL2
SpivsNC	GO_Biological_Process_2025	Cholesterol Biosynthetic Process (GO:0006695)	2.28352148274	0	0	FDFT1;DHCR7;MSMO1;MVD;SC5D;INSIG2;HMGCR;TM7SF2;HMGCS1;CES1;NSDHL;NPC1L1;MVK;CYP51A1
SpivsNC	GO_Biological_Process_2025	Cholesterol Metabolic Process (GO:0008203)	1.93522366749	0	0.0216696615159	FDFT1;APOL2;DHCR7;MSMO1;GBA2;MVD;INSIG2;HMGCR;SQLE;LCAT;APOA1;TM7SF2;HMGCS1;CES1;NSDHL;STARD3;ABCA5;NPC1L1;APOA4;MVK;CYP51A1;ACAA2
SpivsNC	GO_Biological_Process_2025	Cytokine-Mediated Signaling Pathway (GO:0019221)	-1.80868570026	0	0.0164739103967	EGR1;SRC;IRS1;IL1R1;IL11;IL6ST;HAX1;IL4R;STAT3;NFKBIA;IFNGR1;PLCB1;IFNGR2;SOCS3;CLCF1;P4HB;FOXO3;TNFRSF1A;COMMD7;SOCS4;OSMR;IL18;JAGN1;IRAK2;MYD88;TMSB4X;CBL;EDA;SIRT1;EREG;TNIP2;IRAK1;PRKCA;IL7;IL6R;LYN;GPR75;PTPN11;OAS3;BIRC2;TOLLIP;F3;PIK3R1
SpivsNC	GO_Biological_Process_2025	Cytoplasmic Translation (GO:0002181)	-2.26183887618	0	0	SARS1;EIF2S2;RPS12;RPLP0;RPLP2;FTSJ1;ETF1;RPL22L1;RSL24D1;RPL28;RPL34;RPS5;EIF3I;RPS23;RPS21;FAU;RPS11;RPS14;RPL19;RPL27A;RPS29;RACK1;RPS20;EIF2B2;RPL37;RPS16;RPS27A;RPL39;RPL8;RPS9;RPL23;RPL30;RPL13A;RPS6;EIF3M;UBA52;RPL18A;RPLP1;RPS3A;RPL10A;RPS3;RPL6;EEF1D;RPS13;RPL7A;EIF2S3;RPS7;RPL38;EIF2B3;RPL9;RPSA;RPL41;RPL37A;RPS18;RPS2;RPS27;ZC3H15;RPS4X;RPL3;RPL11;RPL32;RPS24;RPS8;RPL23A;RPS28;RPL12;RPS19;EIF2B5;RPL35A;GTPBP1;RPS17
SpivsNC	GO_Biological_Process_2025	ERK1 and ERK2 Cascade (GO:0070371)	-2.01310969159	0	0.00315771636883	MYC;ZFP36L1;DUSP6;RIPK2;ZFP36L2;SOX9;DUSP5;MAP2K2
SpivsNC	GO_Biological_Process_2025	Embryonic Organ Development (GO:0048568)	-1.83348860052	0	0.0143701820777	SH2B3;TGFBR2;ATF4;CXCL8;PKD1;TFEB;ZFPM1;TBX2;PBX2;TEAD1;TEAD2;GDNF;UTP25;SALL1;SOX18;TGFB1;WNT7B;NES;TBX4;PKDCC;TEAD4;PBX3;TBC1D23;HOXD4;RARRES2
SpivsNC	GO_Biological_Process_2025	Endocardial Cushion Development (GO:0003197)	-1.66263799397	0.00791139240506	0.0477904388844	DKK1;BMP4;SOX9;TBX2;GATA4
SpivsNC	GO_Biological_Process_2025	Endoplasmic Reticulum Unfolded Protein Response (GO:0030968)	-1.71293607816	0.00308166409861	0.0345916629511	XBP1;NFE2L2;HERPUD1;DDIT3;ATF4;ERN1;HSPA5;SERP1;BHLHA15;PTPN1;TBL2;DNAJC10;VAPB;MANF;VCP
SpivsNC	GO_Biological_Process_2025	Endoplasmic Reticulum to Cytosol Transport (GO:1903513)	-1.72713257109	0	0.0314722561678	HERPUD1;HSP90B1;NPLOC4;FAF2;VCP;SEC61B;ERLEC1;SEL1L
SpivsNC	GO_Biological_Process_2025	Endothelial Cell Development (GO:0001885)	-1.75443138453	0.00665557404326	0.0255652820894	F2RL1;PDE4D;CNKSR3;ICAM1;RAPGEF2;MYADM;MARVELD2;SOX18;RAP1B
SpivsNC	GO_Biological_Process_2025	Endothelial Cell Migration (GO:0043542)	-1.78107595155	0.00159744408946	0.0217490050492	FN1;NRP1;S100P;GIPC1;DPP4;MYH9;VEGFA;SOX18;RHOA;PLXND1;LGALS8;ID1;CORO1B;EGR3;NR4A1;TNFSF12;EMP2
SpivsNC	GO_Biological_Process_2025	Epidermal Cell Differentiation (GO:0009913)	-1.67035889111	0.0096	0.046309317834	EPHA2;JAG1;AKR1C3;CLIC4;PIP5K1A;ADAM9;TXNIP;KRT10;PPP3CA;EREG;HDAC2;BCR;CASP3
SpivsNC	GO_Biological_Process_2025	Establishment of Endothelial Barrier (GO:0061028)	-1.92931913224	0.00157480314961	0.00647614936025	F2RL1;PDE4D;ICAM1;RAPGEF2;TJP1;TJP3;MYADM;RAP2B;RAB1A;MARVELD2;SOX18;F11R;RAP1B;RAB1B
SpivsNC	GO_Biological_Process_2025	Establishment of Protein Localization to Mitochondrion (GO:0072655)	-1.72248285359	0.00300751879699	0.0322908088971	GRPEL2;TIMM44;TIMM9;TOMM40L;TIMM13;TIMM10;FIS1;PITRM1;RALA;TOMM34;TSPO;TIMM23;TOMM40;AURKAIP1;GRPEL1;GDAP1
SpivsNC	GO_Biological_Process_2025	Fc-gamma Receptor Signaling Pathway (GO:0038094)	-1.66466359989	0.0100502512563	0.0475446488551	SRC;LCK;LIMK1;PRKCD;PRKCE;PTK2;MYO1G;PKN1;LYN
SpivsNC	GO_Biological_Process_2025	Focal Adhesion Assembly (GO:0048041)	-1.81277037293	0	0.0161374099682	SRC;PTPRK;DLC1;PIP5K1A;RCC2;TESK2
SpivsNC	GO_Biological_Process_2025	G1/S Transition of Mitotic Cell Cycle (GO:0000082)	-1.66892411984	0.00560224089636	0.0465224356564	MYC;BCAT1;EIF4EBP1;PLK3;GSPT1;CCNJ;LATS2;CDK4;CDC34;RCC1;CDK6;CCNJL;E2F3;KHDRBS1;CDKN1B;ZNF324;LATS1;CDC25A;CDK2;TRIM71;CDPF1;EIF4E
SpivsNC	GO_Biological_Process_2025	Gene Expression (GO:0010467)	-1.66372221626	0	0.0476966365335	SARS1;WARS1;TGM2;CALR;AEN;ATXN1;ENPP1;AGFG1;HNRNPH3;FURIN;KPNA4;EEF1A1;GSPT1;DDX39A;RPS12;RPLP0;RBMS1;RBM3;RPLP2;DKC1;GOLPH3;RSL24D1;RPL28;RPL34;THRB;NFKBIB;RPS5;LTO1;RPS23;SRSF3;NXT1;RRAGC;CHTOP;RPS21;SYNCRIP;FAU;RPS11;HNRNPF;RPS14;EIF4G1;RPL19;MRPL30;RPL27A;EXOSC6;RPS29;MRPS18B;RPS20;MRPS16;RPL37;MRPL12;RPS16;ZCCHC8;RPS4Y1;RPS27A;REXO4;DDX19B;RPL39;RPL8;RPS9;RPL23;UFSP1;RPL30;RPL13A;DNAJB11;RPS6;SRBD1;UBA52;RBM15B;RPL18A;RPLP1;RPS3A;RBM4;MRPS11;EXOSC8;RPL10A;RPS3;RPL6;MRPL23;HNRNPUL1;FKBP1A;TESC;UPF1;RPS13;CISD3;RPL7A;RPS7;RPL38;CREBL2;RPL9;THOC6;MRPL11;RPSA;RPL41;HNRNPK;RPL37A;RPS18;EPC1;CASP4;AURKAIP1;ISG20;CASP3;RPS2;RPS27;SMG6;RPS4X;NUP88;MKRN2;NCBP1;RPL3;DHX8;DTD1;SMAD2;RPL11;MRPS34;CASP7
SpivsNC	GO_Biological_Process_2025	Generation of Neurons (GO:0048699)	-1.83911616679	0	0.0136698880042	RELN;DDIT4;IER2;MAP1B;NRP1;FZD5;IRX3;TUBB2A;SH3RF1;NGRN;NRCAM;RUNX1;SOX4;RIPK2;ACSL3;CELSR1;RAPGEF2;PAFAH1B1;MARK2;CDK6;TUBB2B;EGFR;DISC1;OPHN1;WNT7B;SEMA3A;ID2;PEX13;CORIN;SIX1;ID1;AIFM1;SHH;CASP3
SpivsNC	GO_Biological_Process_2025	Glycolytic Process (GO:0006096)	2.12599564536	0	0.00128986080452	ALDOC;ENO2;LDHA;TPI1;HKDC1;PFKL;PGK1;GAPDH;PGM1;GNPDA1;ENO3
SpivsNC	GO_Biological_Process_2025	Heart Development (GO:0007507)	-1.6635855892	0.00130039011704	0.047625533526	DKK1;KDM6B;FN1;TGFBR2;GPC3;DLC1;PDLIM1;BMP4;PKD1;KDM6A;HEG1;MEF2B;PKP2;PDLIM3;SOX4;ZFPM1;EPHB4;SOX9;TBX2;PRMT1;TBX3;TGFBR3;GATA4;DVL1;VEGFA;SALL1;SOX18;TGFB1;ID2;MEF2D;SMG9;NDUFV2;PTK2;FKBP1A;MTHFD1;CDKN1B;CXADR;AKAP13
SpivsNC	GO_Biological_Process_2025	Hemopoiesis (GO:0030097)	-1.69713934782	0.00142045454545	0.0387554503833	CEBPB;SH2B3;JAG1;TGFBR2;ATF4;BMP4;FST;RUNX1;YTHDF2;KLF3;ZFPM1;ZFP36L2;ARMC6;ETV6;SBDS;TGFBR3;LCK;KAT8;TGFB1
SpivsNC	GO_Biological_Process_2025	Inflammatory Response (GO:0006954)	-1.76000667508	0.00127877237852	0.0243208340379	THBS1;CEBPB;SERPINA3;CXCL8;C5AR1;ODAM;STAT3;IL1RN;RIPK2;HNRNPA0;IKBKG;LYZ;NFKB1;TNFRSF1A;TXNIP;NFATC3;MFHAS1;FOS;IL18;RELB;IRAK2;TNFSF4;NINJ1;PRDX5;F11R;HDAC4;ORM1;MAPKAPK2;CHAMP1;CASP4;CASP3;TRIM14;TAB2
SpivsNC	GO_Biological_Process_2025	Integrated Stress Response Signaling (GO:0140467)	-2.00242914326	0	0.0034593410093	CEBPB;JUN;NFE2L2;CEBPG;DDIT3;ATF4;FOSL1;CEBPD;ATAD3A;FOS
SpivsNC	GO_Biological_Process_2025	Integrin-Mediated Signaling Pathway (GO:0007229)	-1.70627126196	0.0027397260274	0.036413701927	FN1;SRC;NRP1;PLPP3;NME2;DOCK1;ADAM9;MYH9;BCAR1;RCC2;ITGB1;ERBIN;DST;ITGA10;PPP3CA;DAB2;PTK2
SpivsNC	GO_Biological_Process_2025	Intracellular Glucose Homeostasis (GO:0001678)	-2.04822314454	0	0.00225818093663	XBP1;PCK2;SLC39A14;NR1D1;FOXA3;HIF1A;ERN1;FOXK2;LRRC8D;ZBTB20;RPTOR;SOX4;NGFR;RACK1;SIRT1;PRKCA
SpivsNC	GO_Biological_Process_2025	Intracellular Signaling Cassette (GO:0141124)	-1.74512332712	0	0.0278462354873	CEBPB;JUN;XBP1;NFE2L2;MYC;SIAH2;CEBPG;ZFP36L1;DUSP6;DDIT3;ATF4;IRS1;CXCL8;PDE4D;MOCOS;CCL20;NUDT4;FOSL1;CREBBP;TRIM8;STAT3;ZMIZ1;NFKBIA;BCL3;RIPK2;IKBKG;NFKB1;C1QBP;CEBPD;EP300;DUSP5;RAPGEF2;MAP2K2;MAGI2;FOS;RRAGC;PDPK1;PDE3A;TYRO3;EGFR;RELB;IRAK2;GDNF;NFKB2;NUCB2;EDN1;TAOK3;PPP1R9A;MAP4K4;RAPGEF5;HIPK2;NUCB1;STUB1;SPHK1;RCAN1;PIK3C2B;IRAK1;PRKCA;MAP3K14;MAP3K8;PDE11A;APP;BRAF;MAPKAPK2;PKN1;BCR;ARHGAP18;IGF1R;MAP2K3;PDE8A;ARHGEF18;BIRC2;TAB2;MKRN2;PIK3R1;MCU;RCAN3;RELA;SMAD2;BATF
SpivsNC	GO_Biological_Process_2025	Intrinsic Apoptotic Signaling Pathway (GO:0097193)	-1.951307611	0	0.00606757430997	TRIB3;CEBPB;PPP1R15A;EPHA2;MCL1;BCL2L1;DDIT3;ATF4;ERN1;TNFRSF10B;PMAIP1;ZNF622;BAX;BBC3;HINT1;PDPK1;CD24;ITPR1;PRKDC;BCL2L2;RRP8;DNAJC10;HIPK2;IKBKE;ZNF385B;PRKCD;FHIT;CHAC1;TMEM117;REXO2;JMY;DAB2IP;AIFM1;CASP4;DDX3X;TP53BP2;HIC1;CASP3
SpivsNC	GO_Biological_Process_2025	Intrinsic Apoptotic Signaling Pathway in Response to DNA Damage (GO:0008630)	-1.68645866534	0.0116448326055	0.0423643935197	EPHA2;DDIT4;MCL1;BCL2L1;AEN;BCL3;BAX;EP300;PRKDC;BCL2L2;HIPK2;IKBKE;SIRT1
SpivsNC	GO_Biological_Process_2025	Intrinsic Apoptotic Signaling Pathway in Response to Endoplasmic Reticulum Stress (GO:0070059)	-1.94005665057	0	0.00607822852298	TRIB3;CEBPB;PPP1R15A;DDIT3;ATF4;ERN1;TNFRSF10B;BAX;BBC3;ITPR1;DNAJC10;CHAC1;TMEM117;DAB2IP;CASP4
SpivsNC	GO_Biological_Process_2025	Keratinocyte Differentiation (GO:0030216)	-1.77882779198	0.00662251655629	0.021817391096	EPHA2;JAG1;AKR1C3;CLIC4;PIP5K1A;ADAM9;TXNIP;KRT10;PPP3CA;EREG;BCR;CASP3
SpivsNC	GO_Biological_Process_2025	L-alpha-amino Acid Transmembrane Transport (GO:1902475)	-2.28924725404	0	0	SLC7A11;SLC7A1;SLC1A4;SLC38A1;SLC38A5;SLC3A2;SLC7A5;SLC43A1;SLC7A6;SLC38A2
SpivsNC	GO_Biological_Process_2025	L-amino Acid Transport (GO:0015807)	-2.32388446468	0	0	SLC7A11;SLC7A1;SLC1A4;SLC38A1;SLC38A5;SLC3A2;SLC7A5;SLC43A1;SLC7A6;SLC38A2
SpivsNC	GO_Biological_Process_2025	Long-Term Memory (GO:0007616)	-1.72455999141	0.00978792822186	0.0319528828773	RELN;CAMK2N1;SGK1;PRNP;LDLR;RGS14
SpivsNC	GO_Biological_Process_2025	Lymphocyte Differentiation (GO:0030098)	-1.77141022275	0.00143884892086	0.0228842729122	KLF6;NFIL3;CEBPG;IL11;SOX4;CLCF1;ZBTB7A;ITGB1;RELB;LCK;SLC39A7;ADGRG3;HDAC4;NHEJ1
SpivsNC	GO_Biological_Process_2025	Macromolecule Biosynthetic Process (GO:0009059)	-2.18019328504	0	0.000113564225053	SARS1;WARS1;GTPBP2;TGM2;ENPP1;KPNA4;EEF1A1;GSPT1;LARGE1;RPS12;RPLP0;RPLP2;GOLPH3;RSL24D1;RPL28;RPL34;RPS5;RPS23;RPS21;FAU;RPS11;ALAS1;RPS14;EIF4G1;RPL19;MRPL30;RPL27A;RPS29;ST3GAL2;EIF5A2;MRPS18B;RPS20;MRPS16;RPL37;MRPL12;RPS16;EEF2;RPS4Y1;RPS27A;RPL39;B4GALT5;RPL8;RPS9;RPL23;RPL30;RPL13A;RPS6;SRBD1;UBA52;RPL18A;RPLP1;RPS3A;MRPS11;RPL10A;RPS3;TUFM;RPL6;MRPL23;APOE;EEF1D;RPS13;RPL7A;RPS7;RPL38;RPL9;MRPL11;RPSA;RPL41;RPL37A;RPS18;RPS2;RPS27;RPS4X;RPL3;DTD1;EIF4G2;RPL11;MRPS34;RPL32;PABPC4;TSFM;MRPS7;RPS24;RPS8;RPL23A;RPS28;RPL12;RPS19;EXT1;RPL35A;GTPBP1;RPS17;ST3GAL4;MRPS17;YARS2;MRPL13;RPL17-C18ORF32;FARSB;EEF1A2;MRPS21;RPS15A;EEF1B2;MRPS18A;AGO2;MRPL40;MRPL18
SpivsNC	GO_Biological_Process_2025	Macromolecule Catabolic Process (GO:0009057)	-1.65787997257	0.0121580547112	0.0488882534248	SQSTM1;SMURF1;SIAH1;TRIM24;LONP1;SH3GLB1;UTP25;BECN1;TGFB1;NEDD4;UBE2Z;KIF16B;NEDD4L;UCHL3;DAB2IP;CLN6;CASP3
SpivsNC	GO_Biological_Process_2025	Macrophage Differentiation (GO:0030225)	-1.92804856719	0	0.0065380546709	CSF1;BMP4;LIF;QKI;NPM1;VEGFA;SIRT1
SpivsNC	GO_Biological_Process_2025	Maturation of SSU-rRNA (GO:0030490)	-1.71610702181	0.00149031296572	0.0342440466578	WDR43;UTP4;NOP14;WDR46;IMP4;SNU13;RPS14;DHX37;UTP25;RPS16;UTP6;PWP2;UTP3;NGDN;HEATR1;TSR3;RPS8;RPS28;RPS19;NOL10
SpivsNC	GO_Biological_Process_2025	Memory (GO:0007613)	-1.65587927423	0.00872093023256	0.0494400231422	RELN;ATXN1;CAMK2N1;VLDLR;SGK1;PLCB1;YTHDF1;PRNP;LDLR;RGS14
SpivsNC	GO_Biological_Process_2025	Modification-Dependent Protein Catabolic Process (GO:0019941)	-1.66616877597	0.00117508813161	0.0473188845645	XBP1;SQSTM1;SIAH2;HERPUD1;ZNRF3;UBD;SMURF1;GET4;UBE2D2;UBE2S;SPSB1;UBE2D3;SIAH1;UBE2R2;RFFL;LONP1;DTX3L;RNF213;DDB1;CDC34;FAU;NPLOC4;UBE2H;RNF114;PSMD14;UBE2G1;CBL;UBL4A;ARIH1;UBE2B;UBQLN1;RPS27A;KEAP1;CCAR1;STUB1;UBE3C;ASB2;NEDD4;UBA52;UBE2C;RNF34;BFAR;ATE1;UBE2K;SPSB2;PSMD11;MAGEF1;VCP;UBE2A;KCTD21;NEDD4L;HUWE1;PSMC2;RNF111;TRIP12;RNF6;MKRN2;TOLLIP;RNF19B;ARK2N;RCHY1;KCMF1;PSMD13;UBE2I;RNF25;COPS3;ARIH2;ITCH
SpivsNC	GO_Biological_Process_2025	Mononuclear Cell Differentiation (GO:1903131)	-1.76372227893	0.0015600624025	0.0240030175765	CSF1;BMP4;LIF;MYH9;RELB;NPM1;VEGFA;PIR;SIRT1;PPARG;LYN;AXL
SpivsNC	GO_Biological_Process_2025	Myeloid Cell Differentiation (GO:0030099)	-1.93569542685	0	0.00610527671869	CEBPB;SLC1A5;HSPA9;IL11;RUNX1;ZFPM1;MFHAS1;THPO;CDKN2B;RPS14;SLC25A38;HIPK2;KAT8;ATP5IF1;LYN;CASP3;KAT6A;PTPN2;SLC25A5;RPS19;NCOA6;JAK2;CEBPA
SpivsNC	GO_Biological_Process_2025	Myeloid Leukocyte Differentiation (GO:0002573)	-1.8822904837	0.00145772594752	0.00994513893182	EPHA2;TGFBR2;F2RL1;CSF1;BMP4;LIF;UBD;FOXP1;RUNX1;MYH9;SLC4A2;SBNO2;NPM1;VEGFA;PIR;SIRT1;PPARG
SpivsNC	GO_Biological_Process_2025	Negative Regulation of Apoptotic Process (GO:0043066)	-2.04415769474	0	0.00215380426824	THBS1;IER3;XBP1;NFE2L2;DKK1;MYC;FGB;ASNS;TCIM;CBX4;SIAH2;MCL1;TOX3;PIM3;SRC;BCL2L1;CPEB4;KRT18;TNFAIP3;NR1H4;NUPR1;HSPA9;IL11;GCLC;HSPA5;IL6ST;HAX1;PLK3;PLK1;SH3RF1;FGG;HSP90B1;NME2;RPS6KA3;BCL3;FGA;PPIF;APOH;ICAM1;GOLPH3;SOCS3;CLCF1;MERTK;ZC3H12A;NFKB1;RHBDD1;YAP1;SERPINB9;SHC1;HSPB1;ATAD3A;LONP1;NIBAN2;SOX9;ARF4;GATA2;TMBIM1;NUAK2;MAZ;TXNDC5;TBX3;PDPK1;ITGB1;TJP1;BNIP1;GATA4;TYRO3;EGFR;PRKDC;PA2G4;GDNF;CBL;BCL2L2;DNAJC3;DNAJA3;MAP4K4;MAG;CSNK2A2;SET;ANXA5;NPM1;VEGFA;GSK3B;VHL;PRKCD;SPHK1;PRR5;ASAH2;DAB2;DDRGK1;AVEN;SIRT1;ARMCX5-GPRASP2;BABAM2;TNIP2;PRDX5;YWHAZ;PRKCA;SMG9;RPS3A;PTK2;BFAR;IL7;UBE2Z;HDAC2;SH3RF2;RICTOR;PRELID1;SEMA4D;BRAF;ANP32B;YME1L1;TNFAIP8;SIX1;PRKCH;HNRNPK;FXN;IGF1R;UFM1;MDK;DDX3X;SHH;PDCD10;HIGD1A;HYPK;TAF9;AXL;TAX1BP1;BIRC2;CIB1;PRAP1;MGMT;TPT1;EGR3;MTDH;ANG;PIK3R1
SpivsNC	GO_Biological_Process_2025	Negative Regulation of Apoptotic Signaling Pathway (GO:2001234)	-1.73934682498	0.00282485875706	0.0289621353786	THBS1;SIAH2;SRC;HERPUD1;BCL2L1;SLC35F6;BMP4;SH3RF1;PPIF;GHITM;MAZ;GATA4;AREG;CSNK2A2;ZMYND11;ASAH2;PSME3;ACVR1
SpivsNC	GO_Biological_Process_2025	Negative Regulation of Binding (GO:0051100)	-1.68259122494	0.0027972027972	0.0432594058856	JUN;DKK1;SMOX;ZFPM1;ILRUN;BAX;RACK1;TLE5;WAPL;GNL3L;GTF2F1;SYMPK;GTPBP4;NES;CTNNBIP1;CAMK1;HABP4;SUMO2;TFAP4
SpivsNC	GO_Biological_Process_2025	Negative Regulation of Blood Vessel Endothelial Cell Migration (GO:0043537)	-1.67797504792	0.0110935023772	0.0446902612454	THBS1;GADD45A;RGCC;TGFB1;PPARG;RHOA;APOE;PDCD10
SpivsNC	GO_Biological_Process_2025	Negative Regulation of Cell Cycle (GO:0045786)	-1.71963045261	0	0.0332495558162	RHOB;PTPRK;NUPR1;BMP4;LATS2;CDK6;TSC22D2;HEXIM2;SIPA1;RRP8;TGFB1;SIRT1;TRIM35;DUSP12;CDKN1B;RPS6KA2;TP53BP2;CDT1;ZBTB17;IPO5;LATS1;TFAP4;NR4A1;BTG3;CDKN2A;PROC
SpivsNC	GO_Biological_Process_2025	Negative Regulation of Cell Junction Assembly (GO:1901889)	-1.73027411476	0.00682593856655	0.0309252374743	THBS1;SRC;DLC1;RCC2;ROCK2
SpivsNC	GO_Biological_Process_2025	Negative Regulation of Cell Population Proliferation (GO:0008285)	-1.82471887676	0	0.0149745642487	THBS1;SH2B3;MYC;TRIB1;KLF10;WARS1;CXCL8;ZNF503;TES;PTPRK;TNFAIP3;RNF41;DLC1;NUPR1;BMP4;HMOX1;LMNA;PROX1;HMGA1;MAGED1;RBM38;ZNF777;HNF1A;PTPN14;SH3BP4;DLG5;WWC1;ATG13;NIBAN2;SOX9;MAGI1;BTG1;GATA2;ATG101;TBRG1;EEF1E1;RAPGEF2;MAGI2;TBX3;FTH1;S100A11;NACC2;ADGRG1;NME1;TGFBR3;CDK6;CDKN2B;TMEM127;CLMN;IFI35;AREG;PER2;DNAJA3;RGCC;NPM1;VHL;TGFB1;ULK1;RCAN1;IRF1;EREG;PPARG;NCK2;CTBP1;PHB1;PINX1;AZGP1;GTPBP4;TESC;APOE;E2F3;CDKN1B;APP;TOB2;CTNNBIP1;DIS3L2;PKN1;LYN;DAB2IP;RPS6KA2;DUSP10;SMARCA2;KAT2B;CIB1;NMI;MARVELD3;ZBTB17;ANG
SpivsNC	GO_Biological_Process_2025	Negative Regulation of Cell-Matrix Adhesion (GO:0001953)	-1.94513139862	0.00162601626016	0.00626685248584	THBS1;JAG1;SRC;DLC1;RCC2;CASK;MAP4K4
SpivsNC	GO_Biological_Process_2025	Negative Regulation of Cellular Process (GO:0048523)	-1.77686407708	0	0.0219101018119	THBS1;RHOB;SH2B3;SESN2;MYC;TNFRSF21;KLF10;WARS1;CXCL8;ZNF503;TES;PTPRK;RNF41;DLC1;SERTAD2;NUPR1;BMP4;ENPP1;LMNA;OSGIN1;PROX1;HMGA1;RBM38;ZNF777;HNF1A;BCL7B;NFKBIA;PTPN14;SH3BP4;PLXNC1;DLG5;WWC1;ATG13;MYH9;NIBAN2;TXNIP;MAGI1;BTG1;ATG101;TBRG1;EEF1E1;TBX2;RAPGEF2;MAGI2;FTH1;S100A11;NACC2;ADGRG1;NME1;SMARCC1;CDK6;NDRG3;TSC22D2;CDKN2B;SERTAD3;TMEM127;CLMN;IFI35;RACK1;AREG;SIPA1;RRP8;DNAJA3;BECN1;RGCC;CDKN2AIP;NPM1;TIGAR;VHL;TGFB1;JADE1;ULK1;DCUN1D3;IRF1;SIRT1;EREG;PPARG;NCK2;BCL6;CTBP1;SINHCAF;RND1;NR1H2;PHB1;BCL7A;PINX1;AZGP1;GTPBP4;NME6;TESC;DUSP12;PLXND1;CDKN1B;GNG4;APP;TOB2;SEMA4D;ANP32B;DIS3L2;PSMC5;EMILIN1;LYN;DAB2IP;RPS6KA2;MDK;DDX3X;SHH;TP53BP2;SMARCA2;KAT2B;DACT2;CIB1;NMI;CDT1;ZBTB17;PEPD;RIPOR2;IPO5;ACVR1B;TFAP4;CRK;SMAD2;BST2;NR4A1;FZR1;FBLN1;P3H1;FRMD5;TCHP;CDA;CBLL1;PTPN2;CDPF1;NOTCH4;NAIF1;PRDM11;PLXNB3;ITGB1BP1;BTG3;ZC3H12D;CDKN2A
SpivsNC	GO_Biological_Process_2025	Negative Regulation of Cellular Response to Growth Factor Stimulus (GO:0090288)	-1.70627528004	0.00293255131965	0.0365437508625	THBS1;SPRY4;SPRY1;SMURF1;AGXT;BAMBI;UBE2D3;PTPN1;CRIM1;CASK;TRIM33;HIPK2;NEDD4;PPARG
SpivsNC	GO_Biological_Process_2025	Negative Regulation of Cold-Induced Thermogenesis (GO:0120163)	-1.67132859593	0.00878477306003	0.0461469286554	NR1D1;DDIT3;ATF4;ALDH1A1;TFE3;QKI;PGAM5;TLE3;NR1H2;IP6K1;ID1
SpivsNC	GO_Biological_Process_2025	Negative Regulation of Cytokine Production (GO:0001818)	-1.81808386176	0	0.015915815837	THBS1;FN1;SARS1;TNFRSF21;DDIT3;F2RL1;TNFAIP3;NR1H4;HMOX1;STAT3;NFKBIA;BCL3;ZFPM1;RARA;ZC3H12A;NFKB1;C1QBP;QKI;OTUD7B;ILRUN;ATP2B1;PRNP;NPLOC4;CYLD;TNFSF4;RGCC;KAT8;FOXJ1;INHBB;PRKCA;IL6R;TRIM27;ORM1;ATG5;CASP3;PTPN11;AXL
SpivsNC	GO_Biological_Process_2025	Negative Regulation of Cytokine-Mediated Signaling Pathway (GO:0001960)	-1.68874280098	0.00589101620029	0.0416696584296	SH2B3;F2RL1;IL6ST;IL1RN;RFFL;YTHDF2;ROBO1;NLRC5;TTLL12;DNAJA3;CYLD;PPARG;USP25;NR1H2;RNF113A;MAVS;PALM3;TINAGL1;OAS3
SpivsNC	GO_Biological_Process_2025	Negative Regulation of DNA Metabolic Process (GO:0051053)	-1.85405562633	0	0.0123721409342	H1-0;SRC;ANKRD1;H1-10;NIBAN2;S100A11;TERF2IP;SUB1;WAPL;RPS3;GTPBP4;ERCC1
SpivsNC	GO_Biological_Process_2025	Negative Regulation of ERK1 and ERK2 Cascade (GO:0070373)	-1.71855367587	0.00763358778626	0.033555463831	XBP1;SPRY4;DUSP6;SPRY1;CNKSR3;PTPN1;SPRED2;RGS14;DUSP3;PHB1;EMILIN1;LYN;DAB2IP;DUSP10
SpivsNC	GO_Biological_Process_2025	Negative Regulation of Endoplasmic Reticulum Unfolded Protein Response (GO:1900102)	-1.85248673357	0.00507614213198	0.0125412461131	PPP1R15A;XBP1;HSPA5;PTPN1;ATAD3A;PPP1R15B;RACK1;DDRGK1;NCK2;NCK1;BFAR
SpivsNC	GO_Biological_Process_2025	Negative Regulation of Endothelial Cell Apoptotic Process (GO:2000352)	-1.9499298207	0	0.00598757586572	NFE2L2;FGB;TNFAIP3;IL11;FGG;FGA;ICAM1;GATA2;PDPK1
SpivsNC	GO_Biological_Process_2025	Negative Regulation of Epithelial Cell Proliferation (GO:0050680)	-1.81347067341	0	0.0162694271939	THBS1;PTPRK;NUPR1;KLF9;MAGED1;APOH;SOX9;CASK;TGFBR3;CDK6;ROBO1;CDKN2B;ATP5F1A;RGCC;TGFB1;RCAN1;EREG;APOE;CDKN1B;ATP5IF1;DAB2IP;DUSP10;MARVELD3;PTPRM
SpivsNC	GO_Biological_Process_2025	Negative Regulation of Extrinsic Apoptotic Signaling Pathway (GO:2001237)	-2.04424955283	0	0.00223072584925	THBS1;FGB;SIAH2;MCL1;SRC;BCL2L1;TNFAIP3;ARHGEF2;BMP4;HMOX1;SH3RF1;FGG;RFFL;FGA;ICAM1;TMBIM1;GDNF;AREG;ZMYND11;GSK3B;PSME3;RNF34
SpivsNC	GO_Biological_Process_2025	Negative Regulation of Extrinsic Apoptotic Signaling Pathway via Death Domain Receptors (GO:1902042)	-1.92068606536	0	0.00698923116718	FGB;BCL2L1;TNFAIP3;HMOX1;FGG;RFFL;FGA;ICAM1;TMBIM1;GSK3B;RNF34
SpivsNC	GO_Biological_Process_2025	Negative Regulation of G Protein-Coupled Receptor Signaling Pathway (GO:0045744)	-1.76242206859	0.00306748466258	0.0240444111269	SH2B3;CXCL8;PDE4D;INPP5A;GRK3;PDE3A;ROBO1;RGS14;PPP3CA;YWHAB;RNF113A;RGS2;CRY1
SpivsNC	GO_Biological_Process_2025	Negative Regulation of Gene Expression (GO:0010629)	-1.72783672949	0	0.0315473432212	STC2;SMOX;SND1;CXCL8;ZNF503;HIF1A;CALR;ENC1;SLC7A5;ERN1;EIF4EBP1;EPRS1;CNOT1;BMP4;AGXT;KDM4A;ZNF281;FOXP1;RBM24;STAT3;GRB7;YTHDF2;PRKAR1A;YY1;ERP29;ZC3H12A;NFKB1;YAP1;QKI;ZFP36L2;GATA2;LARP1;NOCT;RNASEH1;YTHDF1;ATP2B1;AIFM2;SYNCRIP;IFRD2;ROBO1;RACK1;NR0B2;METTL4;DAPK1;EDN1;MYADM;RGCC;OCLN;FXR2;TIPARP;CSNK2A2;TLE5;VEGFA;PABPC1;ROCK2;GSK3B;VHL;TGFB1;SMCR8;DDRGK1;PHF19;ID2;SIRT1;PPARG;RPL13A;NUDT16L1;RBM4;HDAC4;RPS3;FTO;PIWIL2;APOE;AURKA;RPS13;PUM1;TRIM27;IGF2BP1;CHD4;APP;LSM14A;DIS3L2;PRKCH;EMILIN1;PTBP3;EPC1;MEX3D;SERBP1;DDX3X;PDCD10;CNOT9;ING3;CASP3;KAT2B
SpivsNC	GO_Biological_Process_2025	Negative Regulation of Hippo Signaling (GO:0035331)	-1.67032788124	0.00666666666667	0.0461745150497	SRC;STRN3;DLG5;WWC1;SHANK2;PPP2CA;SLMAP;SIRT1;MARK3;VCP;MAP2K3;MOB4
SpivsNC	GO_Biological_Process_2025	Negative Regulation of Immune System Process (GO:0002683)	-1.77258427335	0	0.0226889367527	SQSTM1;NR1D1;TNFAIP3;HMOX1;TSC22D3;SOX9;MFHAS1;TYRO3;SMCR8;FADD;AMBP;LYN;DAB2IP;TAX1BP1;GPR108;NFKBIL1;ITCH;RAB7B
SpivsNC	GO_Biological_Process_2025	Negative Regulation of Intracellular Signal Transduction (GO:1902532)	-1.91621061032	0	0.00723305971664	AJUBA;THBS1;GDF15;SH2B3;XBP1;DKK1;DDIT4;SRC;NR1D1;HERPUD1;DUSP6;BCL2L1;DDIT3;DUSP16;CALR;TNFAIP3;NR1H4;CNOT1;PLK3;HAPSTR1;STAT3;PRKAR1B;RFFL;ARHGAP29;NFKBIA;SH3BP4;STRN3;PRKAR1A;PPIF;DLG5;WWC1;ZC3H12A;SHANK2;OTUD7B;SPRED2;DUSP8;DUSP5;MAGI2;TGFBR3;TRIM15;ITPR1;IRAK2;TMEM127;IFI35;PPP2CA;TMSB4X;DUSP3;SLMAP;RACK1;DNAJA3;CYLD;EDN1;AKT1S1;ZMYND11;TRIM39;GSK3B;PRKCD;DUSP13B;STUB1;STAMBP;SIRT1;USP32;IRAK1;PPARG;ADGRG3;PRKAR2A;RNF34;MARK3;PEBP1;DUSP12;PDE11A;CD22;PHLPP1;VCP;HUWE1;EMILIN1;LYN;DAB2IP;IGF1R;MAP2K3;DDX3X;TAX1BP1;CIB1;NMI;MKRN2;SLA2;LDLRAD4;MOB4
SpivsNC	GO_Biological_Process_2025	Negative Regulation of Intrinsic Apoptotic Signaling Pathway (GO:2001243)	-1.83147333828	0	0.0142707362277	XBP1;NFE2L2;SRC;HERPUD1;BCL2L1;HYOU1;ARHGEF2;PPIF;PTPN1;HSPB1;GATA4
SpivsNC	GO_Biological_Process_2025	Negative Regulation of Lymphocyte Proliferation (GO:0050672)	-1.70599200837	0.0099173553719	0.0362755435206	CEBPB;TNFRSF21;PLA2G2A;SDC4;DLG5
SpivsNC	GO_Biological_Process_2025	Negative Regulation of MAPK Cascade (GO:0043409)	-1.7904465898	0	0.0198937801299	SH2B3;XBP1;MYC;SPRY4;DUSP6;SPRY1;DUSP16;F2RL1;CNKSR3;AGXT;PTPN1;SPRED2;DUSP8;DUSP5;PRMT1;RGS14;DUSP3;CYLD;TAOK3;ZMYND11;PRKCD;DUSP13B;PPARG;PHB1;AMBP;PEBP1;APOE;DUSP12;SH3RF2;RGS2;EMILIN1;LYN;DAB2IP;IGF1R;DUSP10
SpivsNC	GO_Biological_Process_2025	Negative Regulation of Macromolecule Biosynthetic Process (GO:0010558)	-1.80521101633	0	0.017136007473	STC2;SMOX;ANKRD1;CXCL8;ZNF503;HIF1A;SLC7A5;BMP4;ENPP1;AGXT;KDM4A;GRB10;ZNF281;FOXP1;STAT3;PRKAR1A;YY1;ERP29;ZC3H12A;NFKB1;YAP1;NIBAN2;GATA2;NOCT;ROBO1;RACK1;AREG;NR0B2;EDN1;MYADM;OCLN;TIPARP;TLE5;VEGFA;ROCK2;GSK3B;VHL;TGFB1;SMCR8;DDRGK1;ID2;SIRT1;PPARG;APOE;HDAC2;AURKA;CHD4;APP;STK39;EMILIN1;DDX3X;PDCD10
SpivsNC	GO_Biological_Process_2025	Negative Regulation of Myeloid Leukocyte Differentiation (GO:0002762)	-1.85522464978	0.00478468899522	0.0126262770218	MYC;RUNX1;ZFPM1;RARA;QKI;CDK6
SpivsNC	GO_Biological_Process_2025	Negative Regulation of Oxidative Stress-Induced Intrinsic Apoptotic Signaling Pathway (GO:1902176)	-1.95018594987	0	0.00607070515327	NFE2L2;PYCR1;ATF4;HIF1A;TRAP1;HSPB1;GATA4;RACK1;SIRT1
SpivsNC	GO_Biological_Process_2025	Negative Regulation of Programmed Cell Death (GO:0043069)	-2.03130744197	0	0.00273263916534	THBS1;SLC7A11;IER3;XBP1;NFE2L2;DKK1;SQSTM1;MYC;ASNS;TCIM;CBX4;SIAH2;MCL1;PIM3;SRC;BCL2L1;KRT18;NR1H4;NUPR1;HSPA9;GCLC;HSPA5;IL6ST;HAX1;PLK3;HMOX1;PLK1;SH3RF1;HSP90B1;NME2;RPS6KA3;BCL3;PPIF;GOLPH3;SOCS3;NFKB1;RHBDD1;SERPINB9;SHC1;HSPB1;ATAD3A;LONP1;NIBAN2;SOX9;ARF4;NUAK2;TXNDC5;AIFM2;TBX3;FTH1;TJP1;BNIP1;EGFR;PRKDC;NQO1;PA2G4;GDNF;CBL;BCL2L2;DNAJC3;DNAJA3;BECN1;MAP4K4;ANXA5;NPM1;TIGAR;VEGFA;GSK3B;VHL;SPHK1;PRR5;DAB2;DDRGK1;AVEN;SIRT1;BABAM2;PRDX5;YWHAZ;SMG9;RPS3A;PTK2;BFAR;IL7;UBE2Z;HDAC2;SH3RF2;RICTOR;PRELID1;SEMA4D;BRAF;ATG5;ANP32B;YME1L1;TNFAIP8;PSMC5;HNRNPK;FXN;IGF1R;UFM1;DDX3X;SHH;PDCD10;HIGD1A;HYPK;TAF9;AXL;TAX1BP1;BIRC2;CIB1;PRAP1;MGMT;TPT1;EGR3;MTDH;ANG;PIK3R1;PEPD;PRDX2;NUGGC;NAA38;RELA
SpivsNC	GO_Biological_Process_2025	Negative Regulation of Proteasomal Protein Catabolic Process (GO:1901799)	-1.67635239251	0.0104011887073	0.0449317757725	WAC;GIPC1;TLK2;USP38;CSNK2A2;SGTA;OPHN1;TRIM39;UBXN2A;DDRGK1;USP25;FHIT;UBXN1;HSP90AB1;TAF9;USP7;EIF3H;USP14;RPL11;USP9X
SpivsNC	GO_Biological_Process_2025	Negative Regulation of Proteasomal Ubiquitin-Dependent Protein Catabolic Process (GO:0032435)	-1.82603334965	0.0061919504644	0.0148062998292	WAC;GIPC1;TLK2;USP38;CSNK2A2;TRIM39;DDRGK1;FHIT;UBXN1;HSP90AB1;TAF9;USP7;EIF3H;RPL11;USP9X
SpivsNC	GO_Biological_Process_2025	Negative Regulation of Protein Localization (GO:1903828)	-1.79602374108	0	0.0189087537561	LATS2;OTUD7B;ILRUN;MFHAS1;GDI2;ROCK2;GSK3B;CDK9;CORO2B;YWHAZ;MARK3;VCP;APP;NEDD4L;RNF4;RIPOR2;CTNNA1;LATS1
SpivsNC	GO_Biological_Process_2025	Negative Regulation of Protein Localization to Nucleus (GO:1900181)	-1.81273228492	0.0030959752322	0.0160435878172	NFKBIA;LATS2;OTUD7B;ILRUN;MFHAS1;YWHAB;GSK3B;YWHAZ;MARK3;APP;UFM1;CTNNA1;LATS1
SpivsNC	GO_Biological_Process_2025	Negative Regulation of Protein Phosphorylation (GO:0001933)	-1.90826426094	0	0.00735945554093	TRIB3;TRIB1;SMOX;WARS1;ZBED3;MVP;CNKSR3;PARD3;ERRFI1;ZC3H12A;HSPB1;PPP1R15B;YWHAG;DBNDD2;EIF4G1;PRKDC;NT5DC2;TERF2IP;RACK1;GNAQ;DNAJC3;DNAJA3;DNAJC10;AKT1S1
SpivsNC	GO_Biological_Process_2025	Negative Regulation of RNA Biosynthetic Process (GO:1902679)	-1.69767866498	0	0.0387815934219	TRIB3;JUN;CBX4;NFIL3;NR1D1;KLF10;DDIT3;ZNF503;PTPRK;CALR;MIDEAS;PHC2;ATXN1;GCLC;ZNF217;BMP4;AHR;FOXK2;ARID5B;ZBTB38;NR3C1;PROX1;HMGA1;KMT5A;KDM4A;ZNF281;FOXP1;ZNF777;HNF1A;GATAD2A;BCL3;STRN3;PLCB1;KCTD15;SCMH1;RARA;LANCL2;SHC1;ZBTB7A;NIBAN2;SOX9;COMMD7;MAGI1;MTA2;TBX2;ZNF703;ZBTB21;ZNF219;TBX3;NACC2;NACC1;PSPC1;ZFTA;XRCC6;L3MBTL4;PA2G4;HIC2;HEXIM2;TRIM33;DNMT3A;WWP1;PER2;SBNO2;RRP8;NR0B2;TNFSF4;RBFOX2;ZNF282;SET;TLE5;ZNF746;KAT8;SALL1;SOX18;ZMYND11;TGFB1;KAT6B;GZF1;IRF1;ID2;SIRT1;EREG;PPARG;BCL6;RBM15B;RCOR1;CTBP1;NR1H2;PHB1;BCL7A;HDAC2;KHDRBS1;CDKN1B;CHD4;ZHX1;L3MBTL2;ZNF639;THRA;HNRNPK;ID1;DAB2IP;EPC1;CRY1;SMARCA2;GATAD2B;TWIST2;RCOR2;SOX13;KAT6A;CLOCK;BMAL1;TFAP4;RELA;RBAK-RBAKDN;SMAD2;UBE2I;KAT5;RING1;NCOR2;BIRC5;INPP5K;TCF7L2;APOBEC3F;ZC3H8;ZBED6;THAP7;ZNF568;IKZF4
SpivsNC	GO_Biological_Process_2025	Negative Regulation of Response to Biotic Stimulus (GO:0002832)	-1.6585737951	0.00615384615385	0.0486937795843	TRIB1;TNFAIP3;DDX39A;C1QBP;LONP1;ILRUN;USP38;TYRO3;YWHAZ;ATG5;REXO2;NMI;NFKBIL1;ZDHHC18;ITCH;LYAR
SpivsNC	GO_Biological_Process_2025	Negative Regulation of SMAD Protein Signal Transduction (GO:0060392)	-1.77968233065	0	0.021713593965	GDF15;XBP1;DKK1
SpivsNC	GO_Biological_Process_2025	Negative Regulation of Signal Transduction (GO:0009968)	-1.81776426631	0	0.0158564920121	THBS1;GDF15;SH2B3;DKK1;SQSTM1;TRIB1;TCIM;SPRY4;NR1D1;IRS1;SPRY1;CXCL8;GPC3;TNFAIP3;ENPP1;UBASH3B;AGXT;GRB10;PIP4K2A;GRB7;YTHDF2;PTPN1;ZBTB7A;SPRED2;GATA2;TMBIM1;MFHAS1;MAZ;PTPN12;GATA4;TYRO3;LEPROTL1;RGS14;RACK1;CSNK2A2;YWHAB;VHL;PRKCD;ASAH2;NEDD4;PPARG;ACVR1;CHAC1;PRKCZ;NCK1;RGS2;VCP;PALM3;KCTD21;CTNNBIP1;EMILIN1;LYN;DAB2IP;CCNC;CRY1;HIC1;TAX1BP1;GPR108
SpivsNC	GO_Biological_Process_2025	Negative Regulation of T Cell Activation (GO:0050868)	-1.74131903468	0.00474683544304	0.0287317489384	CEBPB;FGL1;TNFRSF21;PLA2G2A;SDC4;DLG5;DUSP3
SpivsNC	GO_Biological_Process_2025	Negative Regulation of T Cell Proliferation (GO:0042130)	-1.66939448531	0.00814332247557	0.0464428910554	CEBPB;TNFRSF21;PLA2G2A;PRKAR1A;SDC4;DLG5;PRNP
SpivsNC	GO_Biological_Process_2025	Negative Regulation of Translation (GO:0017148)	-1.75765772013	0	0.0248630610426	AJUBA;CPEB4;CALR;ENC1;EIF4EBP1;EPRS1;CNOT1;RBM24;GRB7;ZNF598;QKI;TNRC6C;LARP1;EIF6;AIFM2;SYNCRIP;IFRD2;EIF4G1;RACK1;DAPK1;CSNK2A2;RPL13A;ALKBH3;RBM4;RPS3;IGF2BP1;LSM14A;PRKCH;SERBP1;DDX3X;CNOT9;ANG;HABP4;PCIF1;TRIM71;TYMS;EIF4A3
SpivsNC	GO_Biological_Process_2025	Negative Regulation of Tumor Necrosis Factor Production (GO:0032720)	-1.94426185005	0	0.00604774563575	THBS1;ARG2;TNFAIP3;NR1H4;RARA;ZC3H12A;ILRUN
SpivsNC	GO_Biological_Process_2025	Negative Regulation of Tumor Necrosis Factor Superfamily Cytokine Production (GO:1903556)	-1.93871087918	0	0.00606232554327	THBS1;ARG2;TNFAIP3;NR1H4;RARA;ZC3H12A;ILRUN
SpivsNC	GO_Biological_Process_2025	Negative Regulation of Type II Interferon Production (GO:0032689)	-1.89501009823	0	0.00848687698359	DDIT3;NR1H4;RARA;ZC3H12A;C1QBP;PRNP;TNFSF4
SpivsNC	GO_Biological_Process_2025	Negative Regulation of Ubiquitin-Dependent Protein Catabolic Process (GO:2000059)	-1.81739114752	0.00151975683891	0.0157627144373	WAC;GIPC1;TLK2;USP38;HIPK2;CSNK2A2;SGTA;TRIM39;RPL23;DDRGK1;FHIT;RPS7;UBXN1;HSP90AB1;TAF9;USP7;EIF3H;USP14;RPL11;USP9X
SpivsNC	GO_Biological_Process_2025	Negative Regulation of miRNA Metabolic Process (GO:2000629)	-1.73457316047	0.00466562986003	0.0297660919002	HIF1A;BMP4;RARA;QKI;SOX9;NFATC3;VEGFA;TGFB1;PPARG
SpivsNC	GO_Biological_Process_2025	Negative Regulation of miRNA Transcription (GO:1902894)	-1.65579588378	0.0177133655395	0.0493418762891	HIF1A;BMP4;RARA;SOX9;NFATC3;VEGFA;TGFB1;PPARG
SpivsNC	GO_Biological_Process_2025	Neural Crest Cell Differentiation (GO:0014033)	-1.70131571913	0.0150250417362	0.0377033227176	NOLC1;CDH2;PEF1;TCOF1;TAPT1;LRP6;KBTBD8;PDCD6;FBXL17;NRG1;OTUD5
SpivsNC	GO_Biological_Process_2025	Neuron Development (GO:0048666)	-1.78302493764	0	0.021288023754	XBP1;MAP1B;PTPRK;VAPA;FRY;MAP4;STX3;PTPRG;MAPRE2;RUNX1;RAB6A;ISL2;CAMSAP1;HS6ST1;RAPGEF2;PBX2;RAB35;PRMT1;VPS13B;TOR1A;LAMB1;SLC44A4;UGDH;GDNF;NCDN;PPP1R9A;MICALL1;OPHN1;GSK3B;B4GALT5;ULK1;DTNBP1;NEDD4;ZFYVE27;APOE;MANF;APP;BLOC1S4;NEDD4L;LYN
SpivsNC	GO_Biological_Process_2025	Neuron Migration (GO:0001764)	-2.19386923792	0	0.000138800719509	RELN;DDIT4;MAP1B;NRP1;TUBB2A;SH3RF1;NRCAM;RIPK2;CELSR1;RAPGEF2;PAFAH1B1;MARK2;TUBB2B;DISC1;VEGFA;SEMA3A;PEX13
SpivsNC	GO_Biological_Process_2025	Neutral Amino Acid Transport (GO:0015804)	-2.34325391158	0	0	SLC7A11;SLC1A4;SLC38A1;SLC1A5;SLC38A5;SLC3A2;SLC6A9;SLC7A5;SLC43A1;SLC7A6;SLC38A2
SpivsNC	GO_Biological_Process_2025	Organic Cation Transport (GO:0015695)	-1.79911152038	0.00149925037481	0.0183308972328	SLC7A1;SLC38A5;SLC3A2;SLC6A9;SLC7A5;SLC43A1;SLC19A3;SEC14L1;SLC7A6;SLC38A2;FLVCR2;SLC44A4;SLC66A1;SLC6A12
SpivsNC	GO_Biological_Process_2025	Outflow Tract Septum Morphogenesis (GO:0003148)	-1.7411106662	0.00487804878049	0.0286801288361	NRP1;TGFBR2;BMP4;TBX2;ROBO1
SpivsNC	GO_Biological_Process_2025	Peptidyl-Tyrosine Modification (GO:0018212)	-1.78751359002	0.00468018720749	0.0201573526583	RELN;SRC;PDGFRB;ABL1;FGFR4;ABL2;EGFR;DYRK1A;LCK;PTK2;LYN;PKDCC
SpivsNC	GO_Biological_Process_2025	Peptidyl-Tyrosine Phosphorylation (GO:0018108)	-1.68472780617	0.00940438871473	0.0427676834913	RELN;SRC;PDGFRB;ABL1;FGFR4;ABL2;EGFR;DYRK1A;LCK;PTK2;LYN;IGF1R;PKDCC
SpivsNC	GO_Biological_Process_2025	Plasma Membrane Bounded Cell Projection Organization (GO:0120036)	-1.74184116892	0.00127551020408	0.0286484685067	MAP1B;PTPRK;VAPA;FRY;MAP4;STX3;PTPRG;CARMIL1;RAB6A;CAMSAP1;RAPGEF2;LIMA1;RAB35;PRMT1;VPS13B;TOR1A;LAMB1;GDNF;NCDN;PPP1R9A;MICALL1;OPHN1;GSK3B;ULK1;DTNBP1;NEDD4;ZFYVE27;APOE;MANF;APP;BLOC1S4;NEDD4L;LYN;CORO1B;CDK16;PTPRM;BLOC1S1;TNXB;RASGRF1;TBC1D23;BLOC1S3
SpivsNC	GO_Biological_Process_2025	Platelet Aggregation (GO:0070527)	-1.70624134833	0.00468018720749	0.0363022945652	FGB;CLIC1;UBASH3B;FGG;FGA;HSPB1;MYH9;TYRO3;RAP2B
SpivsNC	GO_Biological_Process_2025	Positive Regulation of Actin Filament Polymerization (GO:0030838)	-1.76283539851	0.00601503759398	0.0240514640434	CDC42EP1;ARF6;CARMIL1;BAIAP2L1;VASP;PFN1;FCHSD2;CDC42EP2;NCK2;PRKCE;NCK1
SpivsNC	GO_Biological_Process_2025	Positive Regulation of Angiogenesis (GO:0045766)	-1.85482342723	0	0.0125535011399	THBS1;RHOB;XBP1;ADM2;CXCL8;TGM2;HIF1A;HMOX1;FUT1;RUNX1;ZC3H12A;HSPB1;BTG1;GATA2;PDPK1;ITGB1;TJP1;GATA4;LRG1;HIPK2;VEGFA;NINJ1;STIM1;SPHK1;SIRT1;PRKCA
SpivsNC	GO_Biological_Process_2025	Positive Regulation of Apoptotic Process (GO:0043065)	-1.91417684689	0	0.00718661137129	PHLDA1;THBS1;RHOB;JUN;XBP1;SQSTM1;GADD45A;MCL1;DUSP6;BCL2L1;DDIT3;ATF4;ANKRD1;TGM2;DLC1;NUPR1;TNFRSF12A;HSPA9;BMP4;AKR1C3;UBD;TNFRSF10B;PMAIP1;SIAH1;SOX4;LATS2;ZC3H12A;C1QBP;ZNF622;FOXO3;BAX;BTG1;EEF1E1;NGFR;STK17A;BBC3;AIFM2;ITGB1;TNFRSF10A;PRNP;GADD45B;ITPR1;UTP11;RACK1;BCL2L2;DNAJA3;DAPK1;RGCC;TLE5;TRIM39;GSK3B;CCAR1;TGFB1;CTSD;DCUN1D3;SIRT1;TRIM35;PPARG;RPS6;PNMA1;BCL6;FADD;PHB1;RPS3;STK4;UBE2Z;LGALS1;APP;FOXA1;TNFAIP8;JMY;EMILIN1;DAB2IP;PAWR;AIFM1;RPS6KA2;CASP4;DDX3X;TP53BP2;CARM1;FAF1;CASP3
SpivsNC	GO_Biological_Process_2025	Positive Regulation of Binding (GO:0051099)	-1.676320841	0.00874635568513	0.0448053993489	TRIB3;CEBPG;BMP4;EPB41;BAMBI;RARA;EDF1;DTX3L;RAPGEF2;NME1;HIPK2;AKTIP;GSK3B;MARK3;FLOT1;CDT1;NCBP1;TXN2;RPL11;USP9X;TCF7L2
SpivsNC	GO_Biological_Process_2025	Positive Regulation of Biomineral Tissue Development (GO:0070169)	-1.7258741188	0.00946372239748	0.0317269505652	CEBPB;BMP4;ATP2B1;ACVR2A;PPP3CA;SLC20A2;PKDCC;WNT6;ADGRV1;FZD9
SpivsNC	GO_Biological_Process_2025	Positive Regulation of Blood Vessel Endothelial Cell Migration (GO:0043536)	-1.74279274911	0.00298953662182	0.0285322958036	THBS1;HIF1A;HMOX1;ATP5F1B;HSPB1;GATA2;PDPK1;TGFBR3;TMSB4X;ATP5F1A;SRPX2;VEGFA;TGFB1;SIRT1;PRKCA
SpivsNC	GO_Biological_Process_2025	Positive Regulation of Catabolic Process (GO:0009896)	-1.73917906233	0	0.0288949106005	XBP1;NFE2L2;SQSTM1;HERPUD1;GPC3;TNFAIP3;RNF41;C4BPA;CNOT1;SMURF1;TRIM8;HAMP;SH3BP4;TFEB;EGLN2;IKBKG;ZC3H12A;RHBDD1;PTPN1;FOXO3;ATG13;DTX3L;ATG101;DDB1;SH3GLB1;AMBRA1;LIN28B;BECN1;DAPK1;IRGQ;TIPARP;CSNK2A2;SGTA;RAB7A;GSK3B;OAZ1;UBXN2A;ULK1;NEDD4;PTK2;STX5;UPF1;CCNY;KHSRP;CDKN1B;VCP
SpivsNC	GO_Biological_Process_2025	Positive Regulation of Cell Differentiation (GO:0045597)	-2.09929156327	0	0.000986215638617	CEBPB;XBP1;APOB;ZFP36L1;AXIN2;TGFBR2;NID1;CSF1;PLA2G2A;ARHGEF2;BCL9L;ZFHX3;BMP4;IL6ST;SOX6;AKIRIN1;AGXT;BAMBI;RBM24;NRCAM;RPS6KA3;SOX4;PLCB1;MMD;ADRA2C;ZC3H12A;NFKB1;YAP1;SOX9;BTG1;NOCT;ZNF703;RAPGEF2;LAMB1;IL18;SMARCC1;LRG1;PA2G4;GDNF;AREG;ACVR2A;RGCC;PPP3CA;NPNT;CCN2;GSK3B;VHL;TGFB1;WNT7B;DAB2;ID2;ARID1A;PPARG;ACVR1;ARID1B;SOX5;RBM4;PTK2;RHOA;ASXL2;IL6R;APP;CREBL2;SMARCB1;CTNNBIP1;HSP90AB1;PRKCH;PKDCC;SERPINF2;ASB4;MDK;CARM1;SMARCA2;LRRC8A;CAMK1;RIPOR2;GDPD5;WDFY2;BMAL1;SMAD2;KAT5;MTCH2;LAMA1;TCF7L2;TNXB
SpivsNC	GO_Biological_Process_2025	Positive Regulation of Cell Migration (GO:0030335)	-1.91274324596	0	0.00724830268971	THBS1;CLDN1;RHOB;XBP1;EPHA2;FN1;SMOX;SRC;NRP1;F2RL1;HIF1A;CALR;CSF1;ARHGEF2;HSPA5;ZNF609;FUT1;PROX1;CARMIL1;AGXT;PLPP3;FOXP1;PDGFRB;STAT3;GRB7;SEMA4C;DOCK1;ABL1;BCAS3;ZC3H12A;C1QBP;PFN1;ADAM9;SOX9;ZNF703;BCAR1;RAPGEF2;MAZ;S100A11;ITGB1;LAMB1;GFUS;TJP1;ELP6;EGFR;RREB1;CD151;RACK1;EDN1;F7;MYADM;MAP4K4;PPP3CA;VEGFA;TMEM201;MYLK;ROCK2;CCAR1;TGFB1;SPHK1;DAB2;DDRGK1;SEMA3A;CXCL16;PRKCE;HBEGF;ACVR1;PRKCA;PTK2;SEMA3F;CLDN4;SHTN1
SpivsNC	GO_Biological_Process_2025	Positive Regulation of Cell Motility (GO:2000147)	-1.73760865278	0	0.0291616378065	THBS1;CLDN1;XBP1;EPHA2;SMOX;F2RL1;CSF1;HSPA5;CARMIL1;PDGFRB;STAT3;GRB7;SEMA4C;ADAM9;ZNF703;BCAR1;MAZ;ITGB1;LAMB1;TJP1;ELP6;EGFR;CD151;RACK1;EDN1;F7;MYADM;MAP4K4;PPP3CA;VEGFA;MYLK;ROCK2;CCAR1;TGFB1;SPHK1;DAB2;DDRGK1;SEMA3A;CXCL16;HBEGF;ACVR1;PRKCA;PTK2;SEMA3F;CFAP20;CLDN4;SH3RF2;RICTOR;SEMA4D;PKN1;IGF1R;MDK;PDCD10;SEMA6B;CIB1;TWIST2;F3;PTP4A1;MMP7;PDGFC;UBE2I
SpivsNC	GO_Biological_Process_2025	Positive Regulation of Cell Population Proliferation (GO:0008284)	-1.934319591	0	0.00599281484908	THBS1;XBP1;MYC;FN1;TGFBR2;IRS1;AKR1C2;CALR;CSF1;IL11;SLC35F6;BMP4;LIF;IL6ST;STX3;AKR1C3;HMOX1;FOSL1;C5AR1;PROX1;S100A6;AGXT;BAMBI;FOXP1;PDGFRB;CNBP;BCL7B;NME2;SLC25A33;SOX4;DPP4;BCAR3;FGFR4;RARA;CLCF1;DNAJA2;YAP1;SHANK2;CDK4;SHC1;LONP1;SOX9;TBX2;ZNF703;PRC1;MAZ;NOP2;PRMT1;TBX3;OSMR;THPO;LAMB1;NME1;TGFBR3;IL18;SMARCC1;CDK6;NACC1;TJP1;EGFR;GDNF;AREG;TIMP1;CAPN1;EDN1;TNFSF4;PPP3CA;CSNK2A2;NPM1;VEGFA;CCAR1;TGFB1;RPS9;RPL23;SPHK1;DDRGK1;STAMBP;ID2;SIRT1;EREG;RPRD1B;TGFA;HBEGF;RPS6;SINHCAF;PTK2;GAREM1;HDAC4;PHB1;IL7;BCL7A;NES;HDAC2;IL6R;CAPNS1;KDM4C;TBRG4;EPCAM;PKN1;PRKCH;LYN;FXN;IGF1R;SERPINF2;MDK;ADRA1D;SHH;FGF21;PDCD10;MEIS2;SMARCA2;CIB1;RPS4X;PIK3R1;SRPK2;RNF187;PDGFC;RELA;CDK2;BST2;BIRC5;FBLN1;FGF19;ACER3;TCF7L2;TNXB;FZD9;STX4;EMP2;CDPF1
SpivsNC	GO_Biological_Process_2025	Positive Regulation of Cell-Substrate Adhesion (GO:0010811)	-1.94698900048	0	0.00614016742235	FGB;FN1;NRP1;CALR;CSF1;UTRN;FUT1;CARMIL1;FGG;DOCK1;FGA;ABL1;C1QBP;P4HB;CDK6;RREB1;MYADM;NPNT;GSK3B;NCOA3
SpivsNC	GO_Biological_Process_2025	Positive Regulation of Cellular Component Organization (GO:0051130)	-1.66113624646	0.00536193029491	0.0480761860573	AJUBA;RELN;WARS1;GPC3;RUNX1;ASAP1;BAX;CDC20;SH3GLB1;BBC3;CD151;RACK1;AREG;CDC42EP2;MMP3;VEGFA;GSK3B;TGFB1;DAB2;GNL3L;CORIN;RPS3;FLOT1;APOE;VCP;DAB2IP;IGF1R;FAF1;TFR2;SURF4;CAMK1;CRB3;BMF;MPP7;SPIDR;TMED9;CBLL1;MTLN
SpivsNC	GO_Biological_Process_2025	Positive Regulation of Cellular Process (GO:0048522)	-1.85467457412	0	0.0124819086056	THBS1;XBP1;MYC;FN1;APOB;ZFP36L1;TGFBR2;ARG2;IRS1;AKR1C2;NID1;TGM2;CALR;AMOTL2;CSF1;NUPR1;IL11;SLC35F6;ZFHX3;BMP4;LIF;IL6ST;STX3;AKR1C3;FOSL1;PROX1;BAMBI;PARD3;PDGFRB;CNBP;RPTOR;TFE3;BCL7B;RPS6KA3;SLC25A33;SOX4;DPP4;BCAR3;INO80;FGFR4;RARA;CLCF1;DNAJA2;ZC3H12A;NFKB1;C1QBP;P4HB;YAP1;QKI;SHANK2;CDK4;SHC1;SOX9;DYNC1H1;EEF1E1;ZNF703;PRC1;MAZ;NOP2;PRMT1;TBX3;OSMR;ADGRG1;THPO;LAMB1;SMARCC1;NACC1;TJP1;TEAD1;EGFR;SLC44A4;EIF4G1;PA2G4;GDNF;AREG;TIMP1;CAPN1;EDN1;TNFSF4;CDKN2AIP;PPP3CA;CSNK2A2;IKBKE;NPM1;CCN2;VEGFA;GSK3B;CCAR1;VHL;TGFB1;RPS9;RPL23;SPHK1;PRR5;DDRGK1;STAMBP;SIRT1;EREG;CXCL16;RPRD1B;ARID1A;TGFA;HBEGF;RPS6;C3;PRKCA;ARID1B;DDX49;SINHCAF;PTK2;GAREM1;HDAC4;CFAP20;IL7;BCL7A;HDAC2;IL6R;RICTOR;APP;CAPNS1;SMARCB1;HDGF;KDM4C;ZNF639;TBRG4;EPCAM;HSP90AB1;PKN1;REXO2;LYN;FXN;IGF1R;SERPINF2;MDK;DDX3X;ADRA1D;SHH;FGF21;PDCD10;MEIS2;SMARCA2;RNF10;CIB1;RPS4X;RAD23A;H3-3B;NCBP1;LRP6;SRPK2;RNF187;PDGFC;CRK;RELA;EIF4G2;MLST8;CDK2;FZR1;BIRC5;FGF19;FRMD5;LAMA1;ACER3;TNXB
SpivsNC	GO_Biological_Process_2025	Positive Regulation of Chemokine Production (GO:0032722)	-1.99610019391	0	0.00384130991241	EGR1;F2RL1;HIF1A;HMOX1;C5;IL18;TNFSF4;TGFB1;IL7;IL6R;MAVS;APP;DDX3X;OAS3
SpivsNC	GO_Biological_Process_2025	Positive Regulation of Chemotaxis (GO:0050921)	-1.80073198636	0.00462249614792	0.0180681316496	THBS1;NRP1;F2RL1;STX3;PDGFRB;HSPB1;TMSB4X;F7;VEGFA;TGFB1
SpivsNC	GO_Biological_Process_2025	Positive Regulation of Cytokine Production (GO:0001819)	-1.98242634445	0	0.00446938316819	EGR1;CEBPB;XBP1;CEBPG;FZD5;DDIT3;ATF4;F2RL1;PDE4D;HIF1A;AKIRIN2;NR1H4;SLC7A5;ZBTB7B;IL1R1;ARHGEF2;IL6ST;HMOX1;AGXT;FOXP1;STAT3;C5;RUNX1;PLCB1;RIPK2;ZFPM1;RARA;IL32;SPTBN1;CARD9;AIFM2;IL18;GATA4;ZCCHC3;INAVA;TRIM15;MYD88;TNFSF4;RGCC;RAB1A;TMEM106A;IKBKE;ROCK2;TGFB1;SPHK1;STOML2;IRF1;IRF3;EREG;IRAK1;C3;PRKCZ;FADD;POU2AF1;PHB1;RPS3;IL7;FLOT1;HLA-A;IL6R;TRIM27;MAVS;ORM1;APP;CHAMP1;TMED10;SERPINF2;MDK;DDX3X
SpivsNC	GO_Biological_Process_2025	Positive Regulation of Developmental Process (GO:0051094)	-1.78867447075	0	0.0200004531512	RELN;CEBPB;XBP1;SRC;ZBED3;BMP4;SOX6;VLDLR;FST;BCL7B;RPS6KA3;PLCB1;DLG5;SPIRE1;C1QBP;SOX9;NFATC3;CDC20;ZNF703;PLD6;SMARCC1;RREB1;PA2G4;GDNF;AREG;UTP25;PGAM5;KMT5B;KRT10;PPP3CA;C21ORF91;DVL1;CCN2;VEGFA;NCOA1;GSK3B;VHL;TGFB1;B4GALT5;NCOA3;SIRT1;ARID1A;PPARG;ACVR1;SAP130;ARID1B;SOX5;RALA;SINHCAF;FOXA2;BCL7A;APOE;HDAC2;AURKA;SMARCB1;YME1L1;HSP90AB1;DAB2IP;SERPINF2;CORO1B;MDK;AGR2;SHH;ING3;SMARCA2;TMEM79;SYDE1;CAMK1;TAPT1;MCU
SpivsNC	GO_Biological_Process_2025	Positive Regulation of ERAD Pathway (GO:1904294)	-1.81623616412	0.00170357751278	0.0158709425121	XBP1;NFE2L2;HERPUD1;UBQLN1;SGTA;STUB1
SpivsNC	GO_Biological_Process_2025	Positive Regulation of ERK1 and ERK2 Cascade (GO:0070374)	-1.96893523692	0	0.00519277985928	FGB;NRP1;F2RL1;MOCOS;PLA2G2A;C5AR1;PDGFRB;FGG;FGA;ICAM1;FGFR4;SHC1;CARD9;RAPGEF2;MFHAS1;THPO;EGFR;NPNT;CCN2;VEGFA;SLC30A10;TGFB1;PRKCA;PRKCZ;GAREM1;PHB1;APOE;APP;BRAF;SERPINF2;FGF21;PDE8A;PTPN11;CIB1;MAP2K7;PDGFC
SpivsNC	GO_Biological_Process_2025	Positive Regulation of Endothelial Cell Migration (GO:0010595)	-2.18345886727	0	0.000124920647558	THBS1;RHOB;NRP1;HIF1A;CALR;FUT1;PROX1;AGXT;PLPP3;FOXP1;ABL1;BCAS3;ATP5F1B;ZC3H12A;HSPB1;GATA2;BCAR1;PDPK1;GFUS;TMSB4X;ATP5F1A;EDN1;VEGFA;TMEM201;ROCK2;TGFB1;SIRT1;PRKCA
SpivsNC	GO_Biological_Process_2025	Positive Regulation of Epithelial Cell Proliferation (GO:0050679)	-1.84161137385	0	0.013585120422	CLDN1;XBP1;MYC;NRP1;HIF1A;BMP4;C5AR1;PROX1;ODAM;NME2;YAP1;SOX9;ZNF703;STXBP4;LAMB1;NME1;EGFR;LRG1;RREB1;AREG;VEGFA;SIRT1;TGFA;PRKCA
SpivsNC	GO_Biological_Process_2025	Positive Regulation of Epithelial to Mesenchymal Transition (GO:0010718)	-1.77707715459	0.0015037593985	0.0220837441797	JAG1;AXIN2;TGFBR2;BCL9L;AGXT;BAMBI;ZNF703;LRG1;RGCC;TGFB1;DAB2;PTK2;MDK;SMAD2;TCF7L2;TNXB;EMP2
SpivsNC	GO_Biological_Process_2025	Positive Regulation of Fat Cell Differentiation (GO:0045600)	-1.8733874216	0.00153846153846	0.01074317569	CEBPB;XBP1;ZFP36L1;ZBTB7B;TFE3;ZC3H12A;LONP1;NOCT;RREB1;ID2;PPARG;ASXL2;CREBL2;SIX1;CARM1;SOX13;WDFY2
SpivsNC	GO_Biological_Process_2025	Positive Regulation of Fibroblast Proliferation (GO:0048146)	-1.83103952952	0.003300330033	0.0142672529053	MYC;FN1;S100A6;CDK4;CDK6;SPHK1;EREG;PDGFC;FBLN1;CDPF1;LIG4;COMMD3-BMI1;E2F1
SpivsNC	GO_Biological_Process_2025	Positive Regulation of G Protein-Coupled Receptor Signaling Pathway (GO:0045745)	-1.78582665243	0.00487804878049	0.0204792191126	SLC39A14;HIF1A;EDN1;C3;PRKCA;PHB1;APP
SpivsNC	GO_Biological_Process_2025	Positive Regulation of Gene Expression (GO:0010628)	-1.79950195858	0	0.018377215263	EGR1;THBS1;NFE2L2;DKK1;MYC;FN1;SMOX;ADM2;WARS1;ATF4;CXCL8;HIF1A;CSF1;ZBTB7B;ERN1;BMP4;AGXT;ODAM;SLC38A2;RBM24;STAT3;RBM3;BCL3;IFNGR1;FGFR4;ERP29;IL32;ZC3H12A;HNRNPLL;YAP1;LARP4B;CARD9;SOX9;GATA2;LARP1;YTHDF1;MAP2K2;EIF6;MAZ;RAB27A;PRMT1;LARP1B;TADA3;TGFBR3;ROBO1;EIF3C;DYRK1A;PRKDC;MYD88;GDNF;AREG;NR0B2;TNFSF4;EEF2;RGCC;OCLN;FXR2;NPM1;VEGFA;ROCK2;GSK3B;TGFB1;RPL23;DDRGK1;DTNBP1;ID2;EREG;LARP4;PPARG;PHB1;RPS3;BPNT1;FLOT1;TESC;APP;RPS7;BRAF;STK39;EMILIN1;NR5A1;ELAVL1;AGR2;DDX3X;PDCD10;TFR2;RPS4X;SLC26A9;F3;PIK3R1;WNT6;HABP4;SRPK2
SpivsNC	GO_Biological_Process_2025	Positive Regulation of Immune Response (GO:0050778)	-1.81050074234	0	0.0163985428095	XBP1;AKR1C1;F2RL1;AKIRIN2;IL6ST;POLR3D;IFI35;C8B;TNFSF4;DDRGK1;SIRT1;EREG;FADD;CPT1A;POLR3F;PSMA7;POLR3B;POLR3C;NMI;KAT5;TRIM56;STX4;C8A
SpivsNC	GO_Biological_Process_2025	Positive Regulation of Innate Immune Response (GO:0045089)	-1.71499547739	0.0030959752322	0.0343647021235	AKIRIN2;RBM47;NLRC5;POLR3D;IFI35;IKBKE;EREG;FADD;CPT1A;UBE2K;POLR3F;MAVS;POLR3B;POLR3C;NMI;ZDHHC5;KAT5;TRIM56;RPS19;RNF185;TRIM62;PLSCR1;USP27X
SpivsNC	GO_Biological_Process_2025	Positive Regulation of Interleukin-1 Beta Production (GO:0032731)	-1.8571627553	0	0.0124290795554	EGR1;FZD5;F2RL1;STAT3;RIPK2;HSPB1;INAVA;MYD88;TMEM106A;ORM1;APP
SpivsNC	GO_Biological_Process_2025	Positive Regulation of Interleukin-1 Production (GO:0032732)	-1.83176874296	0.00156985871272	0.0142992501238	EGR1;FZD5;F2RL1;STAT3;RIPK2;HSPB1;INAVA;MYD88;TMEM106A;ORM1;APP;TMED10
SpivsNC	GO_Biological_Process_2025	Positive Regulation of Interleukin-17 Production (GO:0032740)	-1.91068692144	0.00172413793103	0.0074100656847	NR1H4;SLC7A5;ZBTB7B;IL18;MYD88;TGFB1;SPHK1;PHB1
SpivsNC	GO_Biological_Process_2025	Positive Regulation of Interleukin-6 Production (GO:0032755)	-1.84096061945	0	0.0135149657105	XBP1;F2RL1;AKIRIN2;ARHGEF2;STAT3;CARD9;INAVA;MYD88;TNFSF4;TMEM106A;TGFB1;EREG;POU2AF1;IL6R;MAVS;APP
SpivsNC	GO_Biological_Process_2025	Positive Regulation of Intracellular Signal Transduction (GO:1902533)	-1.9443434835	0	0.00612514142866	THBS1;RELN;GDF15;PPP1R15A;XBP1;TCIM;FN1;SRC;TGFBR2;DDIT3;IRS1;AKR1C2;F2RL1;TGM2;VAPA;MOCOS;ZBTB7B;IL1R1;NUPR1;ERN1;IL11;BMP4;LIF;HAX1;AKR1C3;HMOX1;UBD;TNFRSF10B;NFAT5;AGXT;PLPP3;PMAIP1;SLC20A1;TRIM8;TNFRSF19;PDGFRB;RPTOR;SIAH1;STAT3;AVPI1;BCAR3;RIPK2;GOLPH3;IKBKG;DLG5;ERP29;WWC1;ADRA2C;C1QBP;ZNF622;SHC1;THRB;CARD9;TNFRSF1A;BAX;MFHAS1;MAZ;TRIM38;BRD4;BBC3;PDPK1;THPO;ITGB1;S100A4;TGFBR3;IL18;TYRO3;ZCCHC3;AMBRA1;PRNP;INAVA;TRIM15;LITAF;EGFR;ADISSP;IRAK2;TFG;TERF2IP;MYD88;IFI35;SEC13;PELI1;RACK1;CBL;RPS20;BECN1;LCK;RPL37;EDN1;F7;ACVR2A;MAP4K4;TMEM106A;EDA;IKBKE;VEGFA;ROCK2;TGFB1;SMCR8;FIS1;RPL23;SPHK1;DAB2;SIRT1;TGFA;TNIP2;IRAK1;NEDD4;HBEGF;ACVR1;PRKCA;FADD;PTK2;SPRING1;RHOA;PHB1;RPS3;STK4;FLOT1;FKBP1A;ASXL2;LGALS1;IL6R;PUM1;MAVS;PIK3AP1;RICTOR;NEK6;VCP;APP;AKAP13;SEMA4D;LTBR;SHISA5;HUWE1;THRA;LYN;DAB2IP;IGF1R;DDX3X;ADRA1D;FGF21;PTPN11;AXL;TRIM13;BIRC2;NMI;TAB2;HIP1;MTDH;F3;PIK3R1;TXN2;SLC19A1;GPR37L1;PDGFC;RELA;ADGRV1;MLST8;FBXW11;BST2
SpivsNC	GO_Biological_Process_2025	Positive Regulation of Intrinsic Apoptotic Signaling Pathway (GO:2001244)	-1.89042988905	0.00153139356815	0.00899938542613	MYC;DDIT3;NUPR1;PMAIP1;SIAH1;BBC3;NACC2;RACK1;BECN1;LCK;FIS1;NCK2;NCK1;RPS3;RPS7
SpivsNC	GO_Biological_Process_2025	Positive Regulation of Kinase Activity (GO:0033674)	-1.68499517128	0.0077519379845	0.042822797983	RELN;LMO4;TRAF4;MMD;ZNF622;RAPGEF2;XRCC6;TIGAR;EREG;PTK2;JTB;MAP2K3;TAB2
SpivsNC	GO_Biological_Process_2025	Positive Regulation of Leukocyte Chemotaxis (GO:0002690)	-1.97206802571	0	0.00502181003184	THBS1;F2RL1;CALR;CSF1;AKIRIN1;C1QBP;F7;VEGFA;PTK2;IL6R;APP;S100A14;MDK
SpivsNC	GO_Biological_Process_2025	Positive Regulation of Locomotion (GO:0040017)	-1.67469049271	0.0095087163233	0.0452346307117	THBS1;F2RL1;STX3;PDGFRB
SpivsNC	GO_Biological_Process_2025	Positive Regulation of Lymphocyte Differentiation (GO:0045621)	-1.68343262192	0.00923076923077	0.0429743464528	XBP1;ZMIZ1;SMARCC1;XRCC6;PRKDC;ARID1A;ARID1B;IL7;SMARCB1;MDK;SMARCA2;AXL
SpivsNC	GO_Biological_Process_2025	Positive Regulation of MAPK Cascade (GO:0043410)	-2.07598019734	0	0.00168371307578	THBS1;GDF15;DKK1;GADD45A;FGB;NRP1;F2RL1;MOCOS;PLA2G2A;IL11;BMP4;LIF;C5AR1;TRAF4;SH3RF1;TNFRSF19;PDGFRB;FGG;SEMA4C;AVPI1;FGA;PLCB1;BCAR3;ICAM1;FGFR4;ERP29;WWC1;ADRA2C;ZC3H12A;ZNF622;ADAM9;SHC1;CARD9;RAPGEF2;MFHAS1;PRMT1;THPO;CD24;ROBO1;GADD45B;INAVA;EGFR;EDN1;TAOK3;TMEM106A;HIPK2;NPNT;CCN2;VEGFA;SLC30A10;ROCK2;TGFB1;WNT7B;SPHK1;SEMA3A;TGFA;PRKCA;PRKCZ;GAREM1;PHB1;APOE;IL6R;SH3RF2;APP;BRAF;LTBR;STK39;MPG;LYN;DAB2IP;IGF1R;SERPINF2;ADRA1D;FGF21;PDCD10;PDE8A;PTPN11;CIB1
SpivsNC	GO_Biological_Process_2025	Positive Regulation of Macromolecule Biosynthetic Process (GO:0010557)	-1.83238925107	0	0.0142862270765	EGR1;XBP1;NFE2L2;DKK1;MYC;FN1;SMOX;ADM2;WARS1;ATF4;IRS1;CXCL8;SLC6A9;HIF1A;CSF1;ZBTB7B;BMP4;ODAM;SLC38A2;PDGFRB;STAT3;IFNGR1;FGFR4;ERP29;IL32;ZC3H12A;NFKB1;YAP1;SOX9;GATA2;MAP2K2;MAZ;RAB27A;PRMT1;TADA3;TGFBR3;ROBO1;NLRC5;MYD88;GDNF;AREG;NR0B2;RGCC;OCLN;TMEM106A;VEGFA;ROCK2;GSK3B;TGFB1;RPL23;DDRGK1;DTNBP1;ID2;SIRT1;PPARG;PHB1;RPS3;BPNT1;TESC;APP;RPS7;BRAF;EMILIN1;NR5A1;RFXAP;AGR2;DDX3X;PDCD10
SpivsNC	GO_Biological_Process_2025	Positive Regulation of Metabolic Process (GO:0009893)	-1.8492691703	0	0.0125961652955	THBS1;CEBPB;GADD45A;KDM6B;AKR1C1;TGFBR2;RNF41;ZBTB7B;TRPV2;AKR1C3;ACSL1;AGXT;IL4R;GRB10;PDGFRB;CHCHD2;ZNF516;ZC3H12A;GHITM;DYNC1H1;IL18;LDLR;PER2;TMEM106A;VEGFA
SpivsNC	GO_Biological_Process_2025	Positive Regulation of Morphogenesis of an Epithelium (GO:1905332)	-1.67389866244	0.016051364366	0.045460934091	SMOX;BMP4;LIF;SOX9;GDNF;VEGFA;SIX1;MDK
SpivsNC	GO_Biological_Process_2025	Positive Regulation of Multicellular Organismal Process (GO:0051240)	-1.76136236749	0	0.0240862623573	CEBPB;XBP1;KDM6B;FGB;SMOX;AXIN2;TGFBR2;F2RL1;ZBTB7B;PPIB;BCL9L;ZBED3;TRPV2;BMP4;SOX6;ACSL1;AGXT;FST;BAMBI;IL4R;GRB10;FGG;BCL7B;NME2;FGA;PLCB1;ETV4;ZNF516;C1QBP;CARD9;SOX9;DYNC1H1;ZNF703;IL18;SMARCC1;LDLR;LRG1;RREB1;GDNF;PER2;UTP25;TNFSF4;RGCC;VEGFA;NCOA1;TGFB1;B4GALT5;FOXJ1;DAB2;NCOA3;SIRT1;EREG;ARID1A;PPARG;ACVR1;PRKAB1;SAP130;INHBB;PRKCA;PLEKHM1;SOX5;SINHCAF;PTK2;FOXA2;BCL7A;FLOT1;APOE;HDAC2;APP;SMARCB1;EPAS1;SIX1;THRA;PRKCH;IGF1R;SERPINF2;MDK;ADRA1D;SHH;FGF21;ING3;SMARCA2;PTPN11
SpivsNC	GO_Biological_Process_2025	Positive Regulation of Myeloid Leukocyte Differentiation (GO:0002763)	-1.78103802478	0.0015873015873	0.0216507877426	ZFP36L1;CSF1;LIF;HAX1;RPTOR;RUNX1;PPP3CA;ID2;PRKCA;FADD;TESC;CTNNBIP1
SpivsNC	GO_Biological_Process_2025	Positive Regulation of Myoblast Differentiation (GO:0045663)	-1.67091408716	0.012084592145	0.0461819644735	ZFHX3;AKIRIN1;RBM24;SOX4;PLCB1;BTG1;SMARCC1;ARID1A;ARID1B;SMARCB1;SMARCA2;LRRC8A;RIPOR2;KAT5
SpivsNC	GO_Biological_Process_2025	Positive Regulation of Neuron Apoptotic Process (GO:0043525)	-1.67520052039	0.0064	0.045144824556	MCL1;DDIT3;ATF4;NUPR1;FOXO3;BAX;BBC3;PRNP;GSK3B;PHB1;CASP4;CASP3;SRPK2;CASP7
SpivsNC	GO_Biological_Process_2025	Positive Regulation of Notch Signaling Pathway (GO:0045747)	-1.88937744515	0.0016339869281	0.00913561099315	JAG1;SRC;IL6ST;STAT3;ZMIZ1;ROBO1
SpivsNC	GO_Biological_Process_2025	Positive Regulation of Phagocytosis (GO:0050766)	-1.83262558129	0	0.0143236715477	C4B;F2RL1;CALR;C4A;HNRNPC;STAT3;MERTK;MBL2;GATA2;RAB27A;C3;PRKCA
SpivsNC	GO_Biological_Process_2025	Positive Regulation of Phosphate Metabolic Process (GO:0045937)	-1.69765788771	0.0147540983607	0.0386564790065	THBS1;SRC;GRB10;EGFR;AREG;EREG;KCTD20
SpivsNC	GO_Biological_Process_2025	Positive Regulation of Phosphorylation (GO:0042327)	-2.00807215273	0	0.00330870904343	THBS1;XBP1;LMO4;BMP4;ODAM;GRB10;ZNF622;FAM20A;THPO;EGFR;KNDC1;RACK1;AREG;ACVR2A;AKTIP;VEGFA;ROCK2;SIRT1;EREG;C3;PTK2;STK4;FLOT1;KCTD20;SEMA4D;PKN1;CIB1;ANG;CDK2AP1;WDFY2
SpivsNC	GO_Biological_Process_2025	Positive Regulation of Programmed Cell Death (GO:0043068)	-1.70987486803	0	0.0356542469168	PHLDA1;RHOB;JUN;SQSTM1;GADD45A;MCL1;DUSP6;BCL2L1;ATF4;ANKRD1;TGM2;TNFRSF12A;HSPA9;BMP4;UBD;TNFRSF10B;PMAIP1;SIAH1;SOX4;LATS2;C1QBP;ZNF622;FOXO3;BAX;EEF1E1;STK17A;AIFM2;ITGB1;TNFRSF10A;GADD45B;ITPR1;UTP11;RACK1;BCL2L2;DNAJA3;DAPK1;CCAR1;CTSD;DCUN1D3;SIRT1;TRIM35;RPS6;PNMA1;BCL6;FADD;STK4;UBE2Z;LGALS1;APP;FOXA1;TNFAIP8;JMY;EMILIN1;DAB2IP;PAWR;AIFM1;RPS6KA2;DDX3X;FAF1
SpivsNC	GO_Biological_Process_2025	Positive Regulation of Proteasomal Protein Catabolic Process (GO:1901800)	-1.85452860673	0	0.0123913222981	TRIB3;XBP1;NFE2L2;TRIB1;HERPUD1;AXIN2;NUPR1;PLK3;PLK1;SH3RF1;HAMP;CSNK1A1;BAG2;PSMC3;RACK1;UBQLN1;SGTA;DVL1;KEAP1;GSK3B;GABARAP;STUB1;DAB2;DDRGK1;SIRT1;ELOB;SH3RF2;VCP;DDA1;PSMC5;DAB2IP;PSMC2
SpivsNC	GO_Biological_Process_2025	Positive Regulation of Proteasomal Ubiquitin-Dependent Protein Catabolic Process (GO:0032436)	-1.7787312899	0	0.0217274917345	TRIB3;TRIB1;AXIN2;PLK3;PLK1;SH3RF1;HAMP;CSNK1A1;CDC20;BAG2;RACK1;DVL1;KEAP1;GSK3B;GABARAP;STUB1;DAB2;DDRGK1;SIRT1;ELOB;SH3RF2;VCP;DDA1;RAD23A;RCHY1;SUMO2;SMAD7;FZR1
SpivsNC	GO_Biological_Process_2025	Positive Regulation of Protein Binding (GO:0032092)	-1.89888414305	0	0.00812641686221	TRIB3;BMP4;EPB41;BAMBI;DTX3L;RAPGEF2;PPP2CA;HIPK2;AKTIP;GSK3B;MARK3;FLOT1
SpivsNC	GO_Biological_Process_2025	Positive Regulation of Protein Localization to Plasma Membrane (GO:1903078)	-1.70061025223	0.0030534351145	0.0377884958864	EPHA2;SQSTM1;ARF6;STX3;SPTBN1;CNST;PDPK1;ITGB1;EGFR;RACK1;PRKCE;PRKCH;AGR2;CIB1;ZDHHC5;PIK3R1;SORBS1;STX4;RANGRF;RHOG
SpivsNC	GO_Biological_Process_2025	Positive Regulation of Protein Metabolic Process (GO:0051247)	-1.98400414898	0	0.00442900477706	THBS1;SLC6A9;GPC3;TNFAIP3;RNF41;C4BPA;CSF1;PLK1;AGXT;RBM3;BCL3;EGLN2;FGFR4;RHBDD1;LARP4B;CARD9;LARP1;DDB1;YTHDF1;EIF6;PRMT1;LARP1B;IL18;EIF3C;EIF4G1;PRKDC;EEF2;RAB1A;FXR2;TIPARP;CSNK2A2;NPM1;RAB7A;ROCK2;GSK3B;TGFB1;OAZ1;STUB1;UBXN2A;LARP4;NEDD4;FADD;NR1H2;STX5;APOE;HDAC2;IST1;RAB1B;CDKN1B;VCP;APP;STK39;LYN;DAB2IP;ELAVL1;AURKAIP1;DDX3X;FAF1;CLN6;TFR2;C4BPB;RPS4X
SpivsNC	GO_Biological_Process_2025	Positive Regulation of Protein Modification Process (GO:0031401)	-1.82635966077	0	0.014821230378	EGR1;XBP1;BMP4;ODAM;FAM20A;THPO;EGFR;KNDC1;RACK1;ACVR2A;AKTIP;VEGFA;ROCK2;SLC51B;SIRT1;C3;PTK2;STK4;FLOT1;SEMA4D;PKN1;CIB1;TXN2;CDK2AP1;WDFY2;BMAL1;KAT5;FGF19
SpivsNC	GO_Biological_Process_2025	Positive Regulation of Protein Phosphorylation (GO:0001934)	-1.90612233259	0	0.0074683741981	RELN;XBP1;ARHGEF2;IL11;BMP4;LIF;TRAF4;ODAM;RPTOR;RIPK2;MMD;RAPGEF2;FAM20A;THPO;EGFR;XRCC6;EIF4G1;KNDC1;RACK1;ACVR2A;AKTIP;VEGFA;ROCK2;TGFB1;SPHK1;DDRGK1;SIRT1;EREG;C3;PTK2;STK4;FLOT1;UBE2K;CAB39;SEMA4D;BRAF;CREBL2;JTB;PKN1;MAP2K3;PDCD10;CNOT9;CIB1;TAB2;NEK10;TXN2;CDK2AP1;WDFY2
SpivsNC	GO_Biological_Process_2025	Positive Regulation of Protein Secretion (GO:0050714)	-1.71434473085	0	0.0344679948502	FGB;ANKRD1;F2RL1;ARF6;FGG;SOX4;FGA;GOLPH3;ADAM9;TGFB1;PPARG;PRKCA;TMED10;LRRC8A;SYTL4;ANG;MCU;TCF7L2;IER3IP1;TTR;MYRIP
SpivsNC	GO_Biological_Process_2025	Positive Regulation of Protein Serine/Threonine Kinase Activity (GO:0071902)	-1.98812075037	0	0.00406718387399	THBS1;TCIM;SRC;PROX1;PDGFRB;LONP1;RAPGEF2;MAP2K2;CD24;ROBO1;EGFR;PPP2CA;EDN1;RGCC;SIRT1;RHOA;CAB39;CCNY;DAB2IP;PDCD10;CIB1;NEK10;CAMK1
SpivsNC	GO_Biological_Process_2025	Positive Regulation of RNA Biosynthetic Process (GO:1902680)	-1.7805587253	0	0.0216803905585	EGR1;KLF6;CEBPB;JUN;NFE2L2;MYC;NFIL3;NR1D1;DDIT3;ATF4;HIF1A;NR1H4;ZFHX3;BMP4;AHR;FOXK2;WAC;SF3B3;HMGA1;AGXT;CREBBP;BAMBI;ZNF281;CNBP;TFE3;STAT3;HNF1A;GATAD2A;NME2;RUNX1;SOX4;BCL3;PLCB1;INO80;TFEB;YY1;ZNF516;RARA;TBL1X;EPC2;NFKB1;MSL2;YAP1;YEATS4;EDF1;SHC1;FOXO3;NIBAN2;YWHAH;SOX9;DTX3L;EP300;MTA2;MAP2K2;MAZ;FOS;BRD4;INO80D;TADA3;HNRNPAB;ATXN7L3;TBL1XR1;SMARCC1;GATA4;TEAD1;TEAD2;SERTAD3;XRCC6;DYRK1A;RREB1;AREG;NR0B2;MCRS1;MAX;MRPL12;BRD1;CASZ1;NPM1;KAT8;SALL1;MSL1;SOX18;NCOA1;VHL;TGFB1;TAF5L;KAT6B;FLII;ATXN7;IRF1;ID2;ARID1A;PPARG;ACVR1;ARID1B;MLLT1;NR1H2;FOXA2;HDAC4;PHB1;RUVBL1;NFYA;TESC;APOE;HDAC2;PITHD1;CHD4;PHF5A;CREBL2;MORF4L2;SIX1;PSMC5;EP400;TRIP4;MAP2K3;EPC1;ILF2;SHH;ING3;TAF9;SMARCA2;KAT2B;RNF10;GATAD2B;ELOF1;RNF6;NPAS2;RNF4;KAT6A;LRP6;MAP2K7;RNF187;CLOCK;NFATC2;BMAL1;TFAP4;RELA;SMAD2;MED13;KAT5;BRCA2;FBXW11;FZR1
SpivsNC	GO_Biological_Process_2025	Positive Regulation of Reactive Oxygen Species Metabolic Process (GO:2000379)	-2.02458794203	0	0.00282908525352	THBS1;GADD45A;AKR1C1;TGFBR2;F2RL1;RNF41;AKR1C3;AGXT;PDGFRB;ZC3H12A;RAB27A;PRKCD;TGFB1;PRKCE;GRB2;APP
SpivsNC	GO_Biological_Process_2025	Positive Regulation of Response to Biotic Stimulus (GO:0002833)	-1.6845367664	0.00622083981337	0.0427253433321	AKIRIN2;POLR3D;IFI35;EREG;PRKCA;FADD;CPT1A;POLR3F;POLR3B;EMILIN1;POLR3C;PTPN11;NMI;KAT5;TRIM56;LY96;RNF185;PLSCR1
SpivsNC	GO_Biological_Process_2025	Positive Regulation of Response to Endoplasmic Reticulum Stress (GO:1905898)	-1.95849876781	0	0.00585276367263	XBP1;NFE2L2;HERPUD1;DDIT3;ERN1;PMAIP1;BBC3;UBQLN1;SGTA;STUB1;NCK2;NCK1
SpivsNC	GO_Biological_Process_2025	Positive Regulation of Response to External Stimulus (GO:0032103)	-1.72777689508	0	0.0314391730897	THBS1;F2RL1;AKIRIN2;PLA2G2A;STX3;CAMK2N1;AGXT;PDGFRB;NFKBIA;APOH;TNFRSF1A;IL18;POLR3D;IFI35;TNFSF4;NINJ1;TGFB1;EREG;PRKCA;FADD;CPT1A;MAP3K8;POLR3F;LGALS1;POLR3B;APP;EMILIN1;SERPINF2;MDK;CASP4;POLR3C;NFKBIZ;PTPN11;NMI
SpivsNC	GO_Biological_Process_2025	Positive Regulation of Secretion by Cell (GO:1903532)	-1.66278463278	0.00554785020804	0.0478800884354	FGB;ANKRD1;CADPS2;ARF6;FGG;FGA;GOLPH3;ADAM9;RAB27A;EDN1;RGCC;TGFB1;DTNBP1;TMED10;UNC13D;SYTL4;ANG
SpivsNC	GO_Biological_Process_2025	Positive Regulation of Signal Transduction (GO:0009967)	-1.82423585735	0	0.0149983840771	RELN;JAG1;SLC39A14;SRC;IRS1;NID1;HIF1A;TNFAIP3;ZBTB7B;IL1R1;LIF;IL6ST;CD63;PLPP3;GRB10;STAT3;HSP90B1;ZMIZ1;DLG5;LANCL2;GRIN2D;ADGRG1;ITGB1;LAMB1;ROBO1;PRNP;DISC1;F7;CDKN2AIP;CSNK2A2;VEGFA;SALL1;HOMER1;TRIM39;TGFB1;SIRT1;PPARG;ACVR1;C3;PRKCA;PRKCZ;PHB1;RPS3;IL7;APP;SMARCB1;DAB2IP;ATP6V0C;SHH;PDCD10;PTPN11;AXL;DCDC2;F3;ZDHHC5
SpivsNC	GO_Biological_Process_2025	Positive Regulation of Small GTPase Mediated Signal Transduction (GO:0051057)	-1.6608461102	0.0130434782609	0.0480562082953	RELN;SRC;F2RL1;TGM2;MAPRE2;ARHGEF3;CSNK1A1;ADGRG1;TNS3;ROBO1;PRAG1;MAP4K4;F11R;AKAP13;SEMA4D
SpivsNC	GO_Biological_Process_2025	Positive Regulation of Smooth Muscle Cell Proliferation (GO:0048661)	-2.11776396151	0	0.000514379137004	THBS1;JUN;XBP1;ERN1;BMP4;HMOX1;FOXP1;PDGFRB;IL18;EDN1;TGFB1;ID2;EREG;MEF2D;PHB1;IL6R
SpivsNC	GO_Biological_Process_2025	Positive Regulation of Substrate Adhesion-Dependent Cell Spreading (GO:1900026)	-1.88727954873	0.00149253731343	0.00939403269638	FGB;NRP1;CALR;CARMIL1;FGG;DOCK1;FGA;C1QBP;P4HB;RREB1;MYADM;NCOA3
SpivsNC	GO_Biological_Process_2025	Positive Regulation of T Cell Cytokine Production (GO:0002726)	-1.67658590073	0.0116861435726	0.0449316494752	FZD5;IL1R1;CD55;IL18;TNFSF4;PRKCZ;CD7;HLA-A
SpivsNC	GO_Biological_Process_2025	Positive Regulation of TOR Signaling (GO:0032008)	-1.76185177013	0.0014164305949	0.0240598287562	RELN;XBP1;SESN2;SRC;WAC;RPTOR;GOLPH3;CSNK1A1;LONP1;OTUD7B;EP300;PRMT1;RRAGC;SEC13;F7;SMCR8;USP32;RICTOR;CLEC16A;WDR59;SIK3;F3;USP9X;MLST8
SpivsNC	GO_Biological_Process_2025	Positive Regulation of Translation (GO:0045727)	-1.84741364785	0	0.0127456630629	THBS1;NGRN;CNBP;RBM3;YTHDF2;BCL3;JMJD4;C1QBP;LARP4B;LARP1;YTHDF1;EIF6;RCC1L;PRMT1;LARP1B;SYNCRIP;EIF3C;PRKDC;EEF2;FXR2;NPM1;PABPC1;LARP4;PIWIL2;KHDRBS1;IGF2BP1;STK39;PRKCH;METTL8;ELAVL1;YBX3;DDX3X;RPS4X;MPV17L2;HABP4
SpivsNC	GO_Biological_Process_2025	Positive Regulation of Tumor Necrosis Factor Production (GO:0032760)	-1.80884670168	0	0.0165394937367	THBS1;FZD5;ARFGEF2;ARHGEF2;STAT3;IFNGR1;HSPB1;TMEM106A;TGFB1;FADD;MAVS;ORM1;APP;PTPN11;OAS3
SpivsNC	GO_Biological_Process_2025	Positive Regulation of Tumor Necrosis Factor Superfamily Cytokine Production (GO:1903557)	-1.76877389421	0	0.0230986449714	THBS1;FZD5;ARFGEF2;ARHGEF2;STAT3;IFNGR1;HSPB1;TMEM106A;TGFB1;FADD;MAVS;ORM1;APP;PTPN11;OAS3
SpivsNC	GO_Biological_Process_2025	Positive Regulation of Type II Interferon Production (GO:0032729)	-1.83534406856	0	0.0143525850386	CEBPG;FZD5;F2RL1;PDE4D;SLC7A5;IL1R1;ZFPM1;IL18;TNFSF4;FADD;HLA-A;TRIM27
SpivsNC	GO_Biological_Process_2025	Positive Regulation of Ubiquitin-Dependent Protein Catabolic Process (GO:2000060)	-1.85962173191	0	0.0121321239069	TRIB3;NFE2L2;TRIB1;HERPUD1;AXIN2;PLK3;PLK1;SMURF1;SH3RF1;HAMP;IKBKG;CSNK1A1;BAG2;RACK1;SGTA;DVL1;KEAP1;GSK3B;GABARAP;STUB1;DAB2;DDRGK1;SIRT1;ELOB;PTK2;SH3RF2;VCP;DDA1
SpivsNC	GO_Biological_Process_2025	Positive Regulation of Ubiquitin-Protein Transferase Activity (GO:0051443)	-1.73712700857	0.00837520938023	0.0292153127354	TRIB3;PLK1;UBE2S;ARRDC4;CDC20
SpivsNC	GO_Biological_Process_2025	Positive Regulation of Vascular Associated Smooth Muscle Cell Proliferation (GO:1904707)	-1.91981000383	0.00173611111111	0.00697994118231	JUN;XBP1;ERN1
SpivsNC	GO_Biological_Process_2025	Positive Regulation of Vasculature Development (GO:1904018)	-1.87457124998	0	0.0107801892152	THBS1;RHOB;XBP1;ADM2;CXCL8;HIF1A;HMOX1;RUNX1;ZC3H12A;HSPB1;BTG1;GATA2;PDPK1;ITGB1;GATA4;LRG1;HIPK2;VEGFA;NINJ1;TGFB1;STIM1;SPHK1;SIRT1;PRKCA
SpivsNC	GO_Biological_Process_2025	Positive Regulation of Wound Healing (GO:0090303)	-1.86752011808	0	0.0111661526195	THBS1;CLDN1;XBP1;APOH;ITGB1;RREB1;OCLN;MYLK;PRKCE;HBEGF;PTK2;CLDN4;ARFGEF1;EMILIN1
SpivsNC	GO_Biological_Process_2025	Positive Regulation of miRNA Metabolic Process (GO:2000630)	-2.25425646537	0	0	EGR1;JUN;MYC;HIF1A;FOSL1;NR3C1;STAT3;ZC3H12A;NFKB1;FOXO3;GATA2;NGFR;FOS;MRTFA;TEAD1;EGFR;LIN28B;AREG;TGFB1;SREBF1;PPARG
SpivsNC	GO_Biological_Process_2025	Positive Regulation of miRNA Transcription (GO:1902895)	-2.22125047156	0	0	EGR1;JUN;MYC;HIF1A;FOSL1;NR3C1;STAT3;FOXO3;GATA2;NGFR;FOS;MRTFA;TEAD1;EGFR;AREG;TGFB1;SREBF1;PPARG
SpivsNC	GO_Biological_Process_2025	Prostaglandin Metabolic Process (GO:0006693)	-1.82365861452	0.0016694490818	0.0150140476405	AKR1C1;AKR1C2;AKR1C3;GSTA1;EDN1
SpivsNC	GO_Biological_Process_2025	Prostanoid Metabolic Process (GO:0006692)	-1.80892520301	0.00170648464164	0.0166201896033	AKR1C1;AKR1C2;AKR1C3;GSTA1
SpivsNC	GO_Biological_Process_2025	Proteasomal Protein Catabolic Process (GO:0010498)	-1.87495413129	0	0.0107525155515	XBP1;NFE2L2;SIAH2;NR1D1;HERPUD1;AXIN2;DDIT3;SOCS6;CALR;ENC1;RNF41;HSPA5;ZFAND2A;SMURF1;GET4;PMAIP1;UBE2S;SPSB1;UBE2D3;SIAH1;ZNRF1;HSP90B1;RFFL;ECPAS;KCTD5;TBL1X;RHBDD1;CSNK1A1;RAD23B;DDB1;CDC34;RHOBTB3;CANX;SOCS4;TOR1A;STT3B;TBL1XR1;KLHL18;UBE2W;AMBRA1;PSMB4;NPLOC4;PSMC3;KLHL21;PSMD14;PELI1;UBE2G1;FBXO2;WWP1;PSMB3;PSMA6;UBE2B;DNAJC10;PSMD8;UBQLN1;MIDN;SGTA;KEAP1;PSMD4;DNAJB12;PSMD7;GSK3B;VHL;STUB1;UBXN2A;PSME4;SIRT1;ASB2;PSMD12;KCTD2;KLHL2;KBTBD2;PSMB7;PRPF19;PSMC4;UBE2C;PSMB2;RNF34;BFAR;ATE1;SPSB2;FAF2;PSMD11;PSMA7;VCP;UBE2J1;UBE2A;SPOP;NEDD4L;UBXN1;HUWE1;PSMC5;KLHL29;SEC61B;PSMC2;FAF1;TMUB1;PEX12;ZFAND2B;TRIM13;PSMA5;BIRC2;ERLEC1;TRIP12;SEL1L;RAD23A;UBXN8;RNF4;KBTBD8;RNF187;KCMF1;CLOCK;AGAP3;PSMD2;PSMD13;BMAL1;KAT5;PEX10;FBXW11;PSMB1;FAM8A1;DDI2;TRIM71;RNF216;ARIH2;ITCH
SpivsNC	GO_Biological_Process_2025	Protein Complex Oligomerization (GO:0051259)	-1.65933973728	0.00131406044678	0.0484873156943	CLDN1;AKR1C1;PEG10;SHMT2;TGM2;SLC31A1;LRRC8D;ZNF777;EHD4;RIPK2;ZC3H12A;CARD9;PRMT1;NACC2;UGDH;ZNF746;HOMER1;NINJ1;STOML2;TWNK;APP;YME1L1;CPSF6;MICU1;ELAVL1
SpivsNC	GO_Biological_Process_2025	Protein Destabilization (GO:0031648)	-1.70448268197	0.00768049155146	0.0367592201283	XBP1;NR1D1;PLK1;CREBBP;EP300;PRNP;UTP25;FBXL3;SERF2;SIRT1
SpivsNC	GO_Biological_Process_2025	Protein Exit From Endoplasmic Reticulum (GO:0032527)	-1.72343749425	0.00320512820513	0.0321373802806	HERPUD1;HSP90B1;NPLOC4;SEC13;FAF2;VCP;SEC61B;SURF4;ERLEC1;SEL1L;TMED9;RANGRF;DERL1
SpivsNC	GO_Biological_Process_2025	Protein Localization to Cell Periphery (GO:1990778)	-1.65550636685	0.00129198966408	0.0493152647292	EPHA2;ATP1B1;ARF6;RAB10;SMURF1;HSP90B1;PKP2;EHD4;PIP5K1A;SPTBN1;TNFRSF1A;RAPGEF2;TTC7A;TMED2;SLMAP;MYADM;TTC7B;ROCK2;TMEM88;PRKCZ;ZFYVE27;F11R;FLOT1;TESC;CRB3;ZDHHC5;LRP6;ANK2;FZR1;PPIL2;RAB8A;MYO5A;INPP5K;ANK1;EMP2;PDZK1;ITGB1BP1
SpivsNC	GO_Biological_Process_2025	Protein Localization to Plasma Membrane (GO:0072659)	-1.68881873766	0.00128040973111	0.0417597907969	EPHA2;ATP1B1;ARF6;RAB10;SMURF1;HSP90B1;PKP2;EHD4;PIP5K1A;SPTBN1;TNFRSF1A;GORASP2;RAPGEF2;TTC7A;TMED2;SLMAP;TTC7B;ROCK2;TMEM88;PRKCZ;ZFYVE27;F11R;FLOT1;TESC;CRB3;ZDHHC5;LRP6;ANK2;FZR1;PPIL2;RAB8A;MYO5A;INPP5K;ANK1;EMP2;PDZK1;ITGB1BP1
SpivsNC	GO_Biological_Process_2025	Protein N-linked Glycosylation (GO:0006487)	-1.67877767321	0.00276243093923	0.0445995010959	ST6GAL1;GFPT1;STT3A;UGGT1;RPN1;DDOST;STT3B;RPN2;PMM2;DOLPP1;PMM1;MOGS;MGAT4A;MGAT4B;ST3GAL1;FUT3;ALG11;ALG14;UBE2J1;TMEM165;DPAGT1;NUDT14;DPM1
SpivsNC	GO_Biological_Process_2025	Protein Targeting to ER (GO:0045047)	-1.69635348798	0.003367003367	0.0389478621702	ZFAND2A;SEC61A1;GET4;SEC63;SRPRB;UBL4A;SEC61G;SGTA;SRPRA;SPCS2;CHMP4B;ZFAND2B
SpivsNC	GO_Biological_Process_2025	Pyridine Nucleotide Catabolic Process (GO:0019364)	2.10019138098	0	0.00162153929711	ALDOC;ENO2;LDHA;TPI1;HKDC1;PFKL;PGK1;GAPDH;PGM1;SARM1;GNPDA1;ENO3
SpivsNC	GO_Biological_Process_2025	Receptor Metabolic Process (GO:0043112)	-1.74522105512	0.00850340136054	0.0279377617717	SMURF1;RAB43;SH3GLB1;BECN1;SNX16;TGFB1;PHETA1;NEDD4;KIF16B;LMTK2;NEDD4L
SpivsNC	GO_Biological_Process_2025	Reg of Endoplasmic Reticulum Stress-Induced Intrinsic Apoptotic Sgnlng Pway (GO:1902235)	-1.84058445107	0.00158227848101	0.0134626712261	XBP1;HERPUD1;BCL2L1;DDIT3;PMAIP1;PTPN1;BBC3;NCK2;NCK1
SpivsNC	GO_Biological_Process_2025	Regulation of Angiogenesis (GO:0045765)	-1.83264020184	0	0.0144211114902	THBS1;RHOB;XBP1;EPHA2;SARS1;ADM2;WARS1;CXCL8;HIF1A;TNFAIP3;HMOX1;RUNX1;APOH;ZC3H12A;QKI;SHC1;HSPB1;BTG1;GATA2;RNASEH1;CEMIP2;PDPK1;ITGB1;SERPINF1;GATA4;LRG1;GDNF;RGCC;HIPK2;VEGFA;ROCK2;NINJ1;STIM1;SPHK1;SIRT1;PPARG;ISM1;PRKCA
SpivsNC	GO_Biological_Process_2025	Regulation of Anoikis (GO:2000209)	-1.7473119308	0	0.0273597572109	MCL1;SRC;BCL2L1;ITGB1;TLE5;PTK2
SpivsNC	GO_Biological_Process_2025	Regulation of Autophagy (GO:0010506)	-1.71568050478	0	0.0342606442655	TRIB3;XBP1;SQSTM1;MCL1;BCL2L1;DDIT3;NUPR1;ERN1;FOXK2;HAX1;WAC;EEF1A1;KDM4A;DEPP1;TRIM8;RPTOR;PIP4K2A;STAT3;SH3BP4;TFEB;ZC3H12A;FOXO3;HSPB1;ATG13;TLK2;ATG101;EP300;SH3GLB1;RRAGC;AMBRA1;DRAM1;ABL2;ITPR1;EIF4G1;CAPN1;BECN1;DAPK1;ATP6V1E1;IRGQ;EXOC4;UBQLN1;ATP6V1H;ATP6V0E2;KAT8;KEAP1;GSK3B;VHL;SMCR8;ULK1;USP32;NEDD4;PRKCA;MTCL2;CCNY;TRIM27;ATP6V0B;CAPNS1
SpivsNC	GO_Biological_Process_2025	Regulation of B Cell Activation (GO:0050864)	-1.87292226258	0.00498338870432	0.010747677335	ZFP36L1;TNFAIP3;ZFP36L2;SH3KBP1;TNFSF4;FOXJ1;TNIP2;SUPT6H;CD22
SpivsNC	GO_Biological_Process_2025	Regulation of Behavior (GO:0050795)	-1.87938080775	0	0.0103660114272	RELN;NR1D1;ZFHX3;STAT3
SpivsNC	GO_Biological_Process_2025	Regulation of Biomineral Tissue Development (GO:0070167)	-1.73403360837	0.0100166944908	0.0297876258404	CEBPB;ENPP1;TXLNG;SOX9;ROCK2;TGFB1;SGMS2
SpivsNC	GO_Biological_Process_2025	Regulation of Blood Vessel Endothelial Cell Migration (GO:0043535)	-1.90348287869	0	0.00770786974295	THBS1;EPHA2;GADD45A;HIF1A;ATP5F1B;HSPB1;GATA2;PDPK1;TMSB4X;ATP5F1A;RGCC;VEGFA;TGFB1;SIRT1;PPARG;PRKCA;APOE
SpivsNC	GO_Biological_Process_2025	Regulation of Bone Resorption (GO:0045124)	-1.65751108204	0.0183333333333	0.0489416123221	SRC;TNFAIP3;UBASH3B;SLC4A2;PRKCA;PLEKHM1
SpivsNC	GO_Biological_Process_2025	Regulation of Catabolic Process (GO:0009894)	-1.67134192968	0.00139664804469	0.0462829053399	TRIB3;DDIT3;NUPR1;WAC;FURIN;DEPP1;RPTOR;PIP4K2A;HSPB1;EP300;ITGB1;DRAM1;ABL2;ITPR1;BECN1;DAPK1;KAT8;KEAP1;SMCR8;ULK1;USP32;MTCL2
SpivsNC	GO_Biological_Process_2025	Regulation of Cell Adhesion (GO:0030155)	-1.68393326434	0	0.0428770539474	EPHA2;SRC;CXCL8;NID1;TGM2;ZFHX3;STX3;FUT1;TFE3;PKP2;YTHDF2;NUAK1;PLXNC1;C1QBP;P4HB;ADGRG1;LAMB1;CD24;IL18;ABL2;SIPA1;PKP4;MYADM;PPP3CA;VEGFA;ROCK2;PRKCA;PTK2;RND1;TESC;DUSP12;PLXND1;SEMA4D;REXO2;LYN;MDK;PTPN11;DACT2;RIPOR2;FBLN1;FRMD5;LAMA1;TNXB;CBLL1;STX4;RAC2;RSU1;FES;PLXNB3;ITGB1BP1;LAMA2
SpivsNC	GO_Biological_Process_2025	Regulation of Cell Cycle (GO:0051726)	-1.66690375414	0	0.0470875131811	RHOB;JUN;PPP1R15A;MYC;GADD45A;PIM3;SND1;PTPRK;CALR;NUPR1;BMP4;PLK1;PROX1;PKD1;RBM38;STAT3;INO80;RASSF1;YY1;TTC28;RARA;TXLNG;EPC2;YEATS4;WDR12;CDK4;LONP1;SOX9;MAGI1;CDC20;TBRG1;ZNF703;RCC1;TBX3;INO80D;TADA3;CDK6;TSC22D2;GADD45B;JUND;TTLL12;RACK1;JADE2;PER2;SIPA1;RRP8;MX2;CYLD;MCRS1;JADE3;HIPK2;CSNK2A2;ANAPC13;MRFAP1L2;TGFB1;CDK9;JADE1;ASAH2;PES1;DCUN1D3;IRF1;SIRT1;RPRD1B;CDK7;PRKCA;CTBP1;RUVBL1;PUM1;KHDRBS1;CDKN1B;NEK6;MORF4L2;TBRG4;HSP90AB1;EP400;DAB2IP;EPC1;RPS6KA2;TP53BP2;ZZZ3;ING3;KAT2B;BIRC2;RAD23A;CDT1;ZBTB17;LRP6;SRPK2;RIPOR2;IPO5;BMAL1;EIF4G2;KAT5;CDK2;NR4A1;FZR1;TRRAP;RHEB;PPM1A;FZD9;MEAF6;PRR11;CDPF1;DR1;ANAPC10;PRDM11;SGF29;CDKN2A
SpivsNC	GO_Biological_Process_2025	Regulation of Cell Cycle G1/S Phase Transition (GO:1902806)	-1.71633985139	0.00416088765603	0.0342785985874	TCIM;PKD1;BCL7B;INO80;RASSF1;STXBP4;SMARCC1;AMBRA1;CDKN2B;PPP2CA;TMSB4X;TRIM39;DDRGK1;ID2;PSME3;ARID1A;CDK7;ARID1B;PSME1;BCL7A;CDKN1B;SMARCB1;TMEM14B
SpivsNC	GO_Biological_Process_2025	Regulation of Cell Differentiation (GO:0045595)	-1.81447554188	0	0.0161274800081	RELN;CEBPB;NR1D1;ZFP36L1;TGFBR2;ATF4;CSF1;ZFHX3;LIF;BCL7B;GATAD2A;RUNX1;RPS6KA3;CEBPD;QKI;YWHAH;MTA2;YWHAG;CD24;SMARCC1;CDK6;PA2G4;PPP2CA;GDNF;AREG;PPP3CA;CASZ1;CCN2;GSK3B;VHL;TGFB1;CDK9;ID2;ARID1A;BCL6;PRKCA;ARID1B;SINHCAF;PTK2;BCL7A;HDAC2;SUPT6H;CHD4;ANP32B;SMARCB1;SIX1;HSP90AB1;TRIP4;SERPINF2;MDK;SHH;SMARCA2;BIRC2;GATAD2B;CAMK1
SpivsNC	GO_Biological_Process_2025	Regulation of Cell Migration (GO:0030334)	-1.72492759582	0	0.0319556625734	THBS1;RELN;CLDN1;RHOB;XBP1;EPHA2;JAG1;SMOX;SRC;F2RL1;PTPRK;LMO4;AMOTL2;RNF41;DLC1;CSF1;HSPA5;LMNA;CARMIL1;CLIC4;PDGFRB;SRGAP1;STAT3;GRB7;SEMA4C;RFFL;PLXNC1;SGK1;SRGAP2B;DPEP1;DLG5;PARD6B;ADAM9;FOXO3;SPATA13;TMSB10;ZNF703;BCAR1;NGFR;MAZ;RCC2;MAGI2;SOCS4;ITGB1;LAMB1;TGFBR3;ROBO1;TJP1;ELP6;EGFR;TMSB4X;DUSP3;CD151;RACK1;EDN1;F7;MYADM;MAP4K4;RAP2B;PPP3CA;ZMYND8;VEGFA;MYLK;ROCK2;GSK3B;CCAR1;TGFB1;SPHK1;DAB2;DDRGK1;SEMA3A;CXCL16;HBEGF;ACVR1;SAP130;ADGRG3;PRKCA;CAMSAP3;SINHCAF;PTK2;RHOA;SEMA3F;CLDN4;GTPBP4;HDAC2;FUT3;PLXND1;SH3RF2;RICTOR;SRGAP2;SEMA4D;ULK4;PKN1;EMILIN1;IGF1R;MDK;SHH;FGF21;PDCD10;DUSP10;SEMA6B;ING3
SpivsNC	GO_Biological_Process_2025	Regulation of Cellular Response to Stress (GO:0080135)	-1.92735578645	0	0.00651829532772	AJUBA;NFE2L2;NUPR1;HAPSTR1;SF3B3;KMT5A;CREBBP;SLC38A2;CHCHD2;SOX4;INO80;YY1;RFWD3;EP300;POLR1B;AIFM2;INO80D;TADA3;ATXN7L3;EIF4G1;USP1;MCRS1;NPM1;ROCK2;GSK3B;VHL;CDK9;TAF5L;CORO2B;ATXN7;SIRT1;BABAM2;RAD51;PHF13;RUVBL1;DNAJB1;MANF;MAPKAPK2;DNAJB6;CRY1;TAF9;KAT2B
SpivsNC	GO_Biological_Process_2025	Regulation of Chemokine Production (GO:0032642)	-1.99005158637	0	0.00398556351733	EGR1;F2RL1;HIF1A;HMOX1;FOXP1;C5;IL18;TNFSF4;IL7;IL6R;APP
SpivsNC	GO_Biological_Process_2025	Regulation of Chemotaxis (GO:0050920)	-1.86856149255	0	0.01112125411	THBS1;F2RL1;STX3;PDGFRB;YTHDF1;DUSP3;TGFB1;MYCBP2;USP14;STX4;PTPN2;RARRES2
SpivsNC	GO_Biological_Process_2025	Regulation of DNA Binding (GO:0051101)	-1.6660723989	0.0076103500761	0.0472102218347	JUN;SMOX;CEBPG;EDF1;ZBTB7A;ILRUN;NME1
SpivsNC	GO_Biological_Process_2025	Regulation of ERAD Pathway (GO:1904292)	-1.71360339747	0.00658978583196	0.0346162893325	XBP1;NFE2L2;HERPUD1;UBQLN1;SGTA;STUB1;UBXN2A;USP25
SpivsNC	GO_Biological_Process_2025	Regulation of ERK1 and ERK2 Cascade (GO:0070372)	-2.09936918067	0	0.00104100539632	XBP1;EPHA2;FGB;FN1;SPRY4;NRP1;DUSP6;SPRY1;F2RL1;MOCOS;PLA2G2A;C5AR1;CNKSR3;PDGFRB;FGG;FGA;ICAM1;FGFR4;PTPN1;SHC1;CARD9;SPRED2;RAPGEF2;MFHAS1;THPO;TGFBR3;EGFR;RGS14;DUSP3;PPP3CA;NPNT;CCN2;VEGFA;SLC30A10;TGFB1;YWHAZ;PRKCA;PRKCZ;GAREM1;PHB1;APOE;APP;BRAF;EMILIN1;LYN;DAB2IP;SERPINF2;FGF21;DUSP10;PDE8A;PTPN11;CIB1
SpivsNC	GO_Biological_Process_2025	Regulation of Endothelial Cell Apoptotic Process (GO:2000351)	-2.03733058768	0	0.00245677273531	THBS1;XBP1;NFE2L2;FGB;TNFAIP3;IL11;FGG;FGA;ICAM1;GATA2;NGFR;PDPK1;RGCC;TGFB1;TNIP2
SpivsNC	GO_Biological_Process_2025	Regulation of Endothelial Cell Migration (GO:0010594)	-2.13485489588	0	0.000384371223256	THBS1;RHOB;EPHA2;NRP1;CALR;FUT1;PROX1;AGXT;PLPP3;FOXP1;ABL1;APOH;BCAS3;ZC3H12A;BCAR1;GFUS;EDN1;VEGFA;TMEM201;ROCK2;PRKCA;PTK2;APOE
SpivsNC	GO_Biological_Process_2025	Regulation of Epithelial Cell Proliferation (GO:0050678)	-1.93868306863	0	0.00597446575278	MYC;NR1D1;ZFP36L1;NUPR1;BMP4;C5AR1;FUT1;MAGED1;NME2;YAP1;SOX9;LAMB1;NME1;TGFBR3;CDK6;CDKN2B;EGFR;PRKDC;RAB33B;VEGFA;TGFB1;RCAN1;EREG;TGFA;SGPP2;CDKN1B;DAB2IP;TIE1;DUSP10
SpivsNC	GO_Biological_Process_2025	Regulation of Extrinsic Apoptotic Signaling Pathway (GO:2001236)	-1.66852659971	0.00558659217877	0.0465672182224	THBS1;SIAH2;SRC;TNFRSF12A;BMP4;AGXT;SH3RF1;AREG;CYLD;ZMYND11;PSME3;ACVR1;FADD;APP;LTBR
SpivsNC	GO_Biological_Process_2025	Regulation of Extrinsic Apoptotic Signaling Pathway via Death Domain Receptors (GO:1902041)	-1.97583967936	0	0.00481077387405	THBS1;FGB;BCL2L1;TNFAIP3;HMOX1;PMAIP1;FGG;RFFL;FGA;ICAM1;TMBIM1
SpivsNC	GO_Biological_Process_2025	Regulation of Fat Cell Differentiation (GO:0045598)	-1.88495039577	0	0.00958949676844	TRIB3;CEBPB;XBP1;NR1D1;ZFP36L1;ENPP1;ZC3H12A;YAP1;ZFP36L2;NOCT;TGFB1;ID2;SIRT1;PPARG;FTO;ASXL2;CREBL2
SpivsNC	GO_Biological_Process_2025	Regulation of Fibroblast Proliferation (GO:0048145)	-1.66000159253	0.0125	0.0483341226453	MYC;FN1;S100A6;CDK4;FTH1;CDK6;SPHK1;EREG;DAB2IP;PDGFC;FBLN1;CDPF1;LIG4;SKI;PARP10;COMMD3-BMI1;E2F1
SpivsNC	GO_Biological_Process_2025	Regulation of Hippo Signaling (GO:0035330)	-1.76948094466	0.00155763239875	0.0230370095591	AJUBA;SRC;STRN3;DLG5;WWC1;SHANK2;NUAK2;PPP2CA;SLMAP;MAP4K4;SIRT1;MARK3;STK4;VCP;MAP2K3
SpivsNC	GO_Biological_Process_2025	Regulation of Innate Immune Response (GO:0045088)	-1.83285014459	0.0014367816092	0.0144599927653	NFE2L2;TNFAIP3;AKIRIN2;DDX39A;PTPN1;LONP1;USP38;CDC37;TYRO3;POLR3D;IFI35;IRF1;EREG;YWHAZ;FADD;CPT1A;POLR3F;POLR3B;ATG5;REXO2;POLR3C;PTPN11;BIRC2;NMI;ZDHHC18;KAT5;TRIM56;LYAR
SpivsNC	GO_Biological_Process_2025	Regulation of Insulin Secretion (GO:0050796)	-1.7648295777	0.00143884892086	0.0238151473051	NR1D1;IRS1;NR1H4;SSTR5;HNF1A;SOX4;ADRA2C;STXBP4;EIPR1;PER2;MIDN;INHBB;PRKCA;FOXA2;ENSA;LRRC8A;SNAP25;CDK16;MCU;CLOCK;BMAL1;TCF7L2
SpivsNC	GO_Biological_Process_2025	Regulation of Interleukin-1 Beta Production (GO:0032651)	-1.87501936261	0	0.0108421694107	EGR1;FZD5;F2RL1;TNFAIP3;FOXP1;STAT3;RIPK2;ZC3H12A;HSPB1;INAVA;MYD88;TMEM106A
SpivsNC	GO_Biological_Process_2025	Regulation of Interleukin-10 Production (GO:0032653)	-1.7660765123	0.00154320987654	0.0235794918156	THBS1;TNFRSF21;F2RL1;STAT3;INAVA;TNFSF4;PRKCZ
SpivsNC	GO_Biological_Process_2025	Regulation of Interleukin-12 Production (GO:0032655)	-1.77306577073	0.00153609831029	0.0228115965106	THBS1;FOXP1;PLCB1;RIPK2;C1QBP;TNFSF4;MAST2;MDK
SpivsNC	GO_Biological_Process_2025	Regulation of Interleukin-17 Production (GO:0032660)	-2.00527380242	0	0.00338600702592	DDIT3;NR1H4;SLC7A5;ZBTB7B;IL18;PRNP;MYD88;TNFSF4;TGFB1;SPHK1;PHB1
SpivsNC	GO_Biological_Process_2025	Regulation of Interleukin-6 Production (GO:0032675)	-1.8605362946	0.00141843971631	0.0120649856189	XBP1;F2RL1;TNFAIP3;AKIRIN2;ARHGEF2;STAT3;ZC3H12A;CARD9;INAVA;MYD88;TNFSF4;TMEM106A;TGFB1;FOXJ1;EREG;POU2AF1;IL6R;MAVS;ORM1;APP;MAPKAPK2
SpivsNC	GO_Biological_Process_2025	Regulation of Intrinsic Apoptotic Signaling Pathway (GO:2001242)	-2.0602648495	0	0.00184882558386	SRC;HERPUD1;BCL2L1;DDIT3;NUPR1;PMAIP1;SIAH1;PPIF;P4HB;BBC3;SGMS1;RACK1;CYLD;BECN1;LCK;UBQLN1;FIS1
SpivsNC	GO_Biological_Process_2025	Regulation of JNK Cascade (GO:0046328)	-1.67771664162	0.00135869565217	0.0446831547035	DKK1;GADD45A;F2RL1;TRAF4;SH3RF1;TNFRSF19;PLCB1;ZNF622;CARD9;MFHAS1;PRMT1;TGFBR3;GADD45B;DUSP3;CYLD;EDN1;TAOK3;MAP4K4;HIPK2;CCN2;ZMYND11;WNT7B;SEMA3A;AMBP;SH3RF2;PHLPP1;APP;ULK4;LTBR;DAB2IP;IGF1R;SERPINF2;DUSP10
SpivsNC	GO_Biological_Process_2025	Regulation of Lipid Storage (GO:0010883)	-1.66424275189	0.0248344370861	0.0475742573596	APOB;NFKBIA;ZC3H12A;NFKB1;IKBKE;SIRT1;PPARG;C3;NR1H2;FTO
SpivsNC	GO_Biological_Process_2025	Regulation of Long-Term Synaptic Potentiation (GO:1900271)	-1.69215917191	0.00630914826498	0.0403895978444	RELN;SQSTM1;YTHDF1;GSK3B;APOE;APP
SpivsNC	GO_Biological_Process_2025	Regulation of MAP Kinase Activity (GO:0043405)	-1.81327138421	0	0.0161441566286	THBS1;TRIB3;TRIB1;AGXT;PDGFRB;PTPN1;CD24;ROBO1;RGS14;EDN1;APOE;DUSP12;RGS2;TSG101;LYN;DAB2IP;PDCD10;NEK10
SpivsNC	GO_Biological_Process_2025	Regulation of MAPK Cascade (GO:0043408)	-1.91102769149	0	0.00740908668276	GDF15;SH2B3;EPHA2;FN1;DUSP6;DUSP16;F2RL1;MOCOS;RNF41;IL11;LIF;STK40;AVPI1;BCAR3;ERP29;WWC1;ADRA2C;ZNF622;SHC1;SPRED2;DUSP8;DUSP5;MAP2K2;THPO;CD24;TGFBR3;INAVA;EGFR;DUSP3;EDN1;TAOK3;MAP4K4;TMEM106A;PPP3CA;VEGFA;ROCK2;PRKCD;TGFB1;DUSP13B;TGFA;PPARG;YWHAZ;STK4;PEBP1;DUSP12;IL6R;GRB2;PHLPP1;APP;ULK4;PKN1;LYN;DAB2IP;IGF1R;ADRA1D;FGF21
SpivsNC	GO_Biological_Process_2025	Regulation of Macromolecule Biosynthetic Process (GO:0010556)	-1.76634983851	0	0.0236134724065	MYC;KDM6B;ZFP36L1;ATP1B1;HIF1A;AHR;STX3;PROX1;KDM4A;KDM6A;FOXP1;TRIM11;ZC3H12A;CDK4;TRIM38;HNRNPAB;CDK6;GDNF;JADE2;JADE3;TAPBP;TRIM39;AFF4;VHL;JADE1;TCF19;APP;TOB2;KDM4C;UBAP2;YBX3;SHH;NFKBIZ;HMG20A;ALPK2;PEG3;COQ7;CDK2;FZR1;MEAF6;TRIM22;PRDM4;SETD2;CIAO3;HNRNPD;KDM4D
SpivsNC	GO_Biological_Process_2025	Regulation of Macrophage Derived Foam Cell Differentiation (GO:0010743)	-1.87125781789	0.00165562913907	0.0108636348859	APOB;CSF1;PLA2G2A;AGXT;NFKBIA;NFKB1;IL18;PPARG;NR1H2;PRKCH
SpivsNC	GO_Biological_Process_2025	Regulation of Myoblast Differentiation (GO:0045661)	-1.86631650549	0	0.0112645836102	ZFP36L1;ZFHX3;BMP4;AKIRIN1;RBM24;SOX4;PLCB1;SOX9;BTG1;TBX3;SMARCC1;TGFB1;ARID1A;ARID1B;SMARCB1;TRIP4;SMARCA2;LRRC8A;RIPOR2;KAT5
SpivsNC	GO_Biological_Process_2025	Regulation of Neuron Apoptotic Process (GO:0043523)	-1.77281080424	0	0.0227619833772	EGR1;DKK1;MCL1;TOX3;DDIT3;ATF4;CPEB4;NUPR1;IL6ST;EGLN2;CLCF1;FOXO3;BAX;TMBIM1;BBC3;TYRO3;PRNP;GDNF;AKT1S1;MAG;SET;GSK3B;ARMCX5-GPRASP2;PHB1;APP;SIX1;MDK;CASP4;CASP3
SpivsNC	GO_Biological_Process_2025	Regulation of Nuclear-Transcribed mRNA Catabolic Process, Deadenylation-Dependent Decay (GO:1900151)	-1.76083198885	0.00330578512397	0.0241013569356	ZFP36L1;CNOT1;ZFP36L2;TNRC6C;SYNCRIP;PABPC1;IGF2BP1
SpivsNC	GO_Biological_Process_2025	Regulation of Peptide Hormone Secretion (GO:0090276)	-1.7530730077	0.00307219662058	0.0257702680695	FGB;SSTR5;FGG;HNF1A;FGA;EIPR1;PER2;RASL10B;STK39;ENSA;TFR2;SNAP25;CLOCK;BMAL1
SpivsNC	GO_Biological_Process_2025	Regulation of Phosphatidylinositol 3-Kinase/Protein Kinase B Signal Transduction (GO:0051896)	-2.06727641258	0	0.00182175944356	THBS1;RELN;GDF15;SH2B3;XBP1;FN1;SRC;DDIT3;IRS1;AKR1C2;F2RL1;RNF41;IL1R1;HAX1;AKR1C3;PLK3;AGXT;PDGFRB;PIP5K1B;PIP5K1A;C1QBP;MFHAS1;MAZ;MAGI2;PDPK1;THPO;ITGB1;IL18;TYRO3;AMBRA1;EGFR;PPP2CA;RACK1;CBL;BECN1;VEGFA;TGFB1;STAMBP;SIRT1;NEDD4;HBEGF;PRKCA;PTK2;PHB1;PIK3AP1;RICTOR;PHLPP1;APP;SEMA4D;DAB2IP;IGF1R;PTPN11;AXL;CIB1;HIP1;MTDH
SpivsNC	GO_Biological_Process_2025	Regulation of Phosphorylation (GO:0042325)	-1.75462172937	0.00426136363636	0.0255732749237	THBS1;SESN2;FN1;GRB10;HSPB1;CD24;CDKN2B;NLRC5;EGFR;MCM7;AREG;SRPX2;SIRT1;EREG;PTK2;CDKN1B;KCTD20;LYN
SpivsNC	GO_Biological_Process_2025	Regulation of Platelet Aggregation (GO:0090330)	-1.8174602487	0.00170648464164	0.0158283600991	SH2B3;IL6ST;CD9;PRKCD;PRKCA;F11R;IL6R;EMILIN1;LYN
SpivsNC	GO_Biological_Process_2025	Regulation of Proteasomal Ubiquitin-Dependent Protein Catabolic Process (GO:0032434)	-1.90911372157	0	0.00748120282568	TRIB3;TRIB1;AXIN2;PLK3;WAC;PLK1;GIPC1;SH3RF1;HAMP;DESI2;CSNK1A1;RAD23B;TLK2;USP38;BAG2;RACK1;CSNK2A2;DVL1;KEAP1;TRIM39;GSK3B;GABARAP;STUB1;DAB2;DDRGK1;SIRT1;FHIT;ELOB;SH3RF2;VCP;UBXN1;DDA1;HSP90AB1;TAF9;RAD23A;USP7;EIF3H;RCHY1;SUMO2;RPL11;USP9X;CDK2;SMAD7
SpivsNC	GO_Biological_Process_2025	Regulation of Protein Binding (GO:0043393)	-1.84997045775	0	0.0126650318063	TRIB3;DKK1;BMP4;EPB41;BAMBI;ZFPM1;BAX;DTX3L;RAPGEF2;MARK2;RACK1;HIPK2;AKTIP;TLE5;GSK3B;GNL3L;GTF2F1;MARK3;HDAC4;SYMPK;FLOT1;NES;AURKA;CTNNBIP1
SpivsNC	GO_Biological_Process_2025	Regulation of Protein Kinase Activity (GO:0045859)	-1.72825287335	0	0.0315142951271	RELN;TRIB3;TRIB1;WARS1;TRAF4;MMD;HSPB1;RAPGEF2;YWHAG;DBNDD2;XRCC6;GNAQ;DNAJA3;AKT1S1;RAP2B;EREG;PTK2;TRIM27;JTB;REXO2;MAP2K3
SpivsNC	GO_Biological_Process_2025	Regulation of Protein Localization to Nucleus (GO:1900180)	-1.73885840532	0.00293255131965	0.0289196377172	SESN2;BMP4;PLK1;CREBBP;BYSL;LATS2;YAP1;OTUD7B;ILRUN;DTX3L;MFHAS1;NGFR;LIMK2;EDN1;GSK3B;TGFB1;YWHAZ;MARK3;APP;SHH;CTNNA1;LATS1;SUMO2
SpivsNC	GO_Biological_Process_2025	Regulation of Protein Metabolic Process (GO:0051246)	-1.72262999534	0.00269541778976	0.0323610722974	CSF1;FURIN;AGXT;RBM3;FOXO3;MSI2;RHOBTB3;NOLC1;ELP6;LDLR;EIF4G1;EDN1;TGFB1;NR1H2;KDELR2;FKBP1A;APOE;APP;SPOP;TCOF1;SHH;FAF1;EIF2A;TRAF3;MSI1;PCIF1;SNF8;EIF4E;PUM3;DUS3L;CHMP6;ATXN2
SpivsNC	GO_Biological_Process_2025	Regulation of Protein Phosphorylation (GO:0001932)	-1.7357333532	0.0012936610608	0.0295043505337	XBP1;SESN2;FN1;SMOX;ZBED3;BMP4;ODAM;ZC3H12A;HSPB1;FAM20A;PPP1R15B;THPO;EGFR;PRKDC;TERF2IP;KNDC1;RACK1;DNAJC10;ACVR2A;AKTIP;NPM1;VEGFA;ROCK2;SIRT1;C3;PTK2;STK4;FLOT1;SEMA4D;PKN1;LYN;CIB1;CDK2AP1;WDFY2;FBLN1;FGF19;INPP5K
SpivsNC	GO_Biological_Process_2025	Regulation of Protein Serine/Threonine Kinase Activity (GO:0071900)	-1.84999622625	0.00147275405007	0.0127632103474	TRIB3;GADD45A;TRIB1;SRC;PKMYT1;LONP1;MAP2K2;CDC37;CDKN2B;PPP2CA;RHOA;STK4;GTPBP4;CAB39;CDKN1B;TSG101;PRKCH;DAB2IP;PDCD10;CIB1;CAMK1;LRP6;CDC25A
SpivsNC	GO_Biological_Process_2025	Regulation of Reactive Oxygen Species Metabolic Process (GO:2000377)	-1.8527267739	0.0014064697609	0.0126110368011	THBS1;GADD45A;AKR1C1;TGFBR2;RNF41;AKR1C3;AGXT;PDGFRB;SLC25A33;ZC3H12A;SHC1;ARF4;EIF6;STK17A
SpivsNC	GO_Biological_Process_2025	Regulation of Response to Cytokine Stimulus (GO:0060759)	-1.67762850003	0.0119250425894	0.0445922809958	SH2B3;CD24;IRAK2;TLE5;IRAK1;MAVS;TAF9
SpivsNC	GO_Biological_Process_2025	Regulation of SMAD Protein Signal Transduction (GO:0060390)	-1.75348173548	0	0.0257466321656	GDF15;XBP1;DKK1;TGFBR2;BMP4;TGFBR3;ACVR2A;TGFB1;DAB2;PPARG
SpivsNC	GO_Biological_Process_2025	Regulation of Smooth Muscle Cell Migration (GO:0014910)	-1.73240815722	0.00853242320819	0.0302821474891	TRIB1;NRP1;PDGFRB;S100A11
SpivsNC	GO_Biological_Process_2025	Regulation of Smooth Muscle Cell Proliferation (GO:0048660)	-2.02891917891	0	0.00268768665959	THBS1;TRIB1;TNFAIP3;BMP4;HMOX1;FOXP1;PDGFRB;IL18;XRCC6;PRKDC;EDN1;TGFB1;ID2;EREG;PPARG;PHB1;APOE;IL6R;SERPINF2;ANG;PIK3R1
SpivsNC	GO_Biological_Process_2025	Regulation of Substrate Adhesion-Dependent Cell Spreading (GO:1900024)	-1.79823578259	0	0.0184772738037	FGB;SPRY4;NRP1;CALR;CARMIL1;FGG;PKP2;DOCK1;FGA;C1QBP;P4HB;AP1AR;RCC2;RREB1;MYADM;NCOA3;PTK2
SpivsNC	GO_Biological_Process_2025	Regulation of T Cell Proliferation (GO:0042129)	-1.687864641	0.00615384615385	0.0418903366124	CEBPB;SLC7A1;TNFRSF21;PLA2G2A;IL6ST;SDC4;DLG5;CLCF1;TNFSF4;NCK2;NCK1
SpivsNC	GO_Biological_Process_2025	Regulation of TOR Signaling (GO:0032006)	-1.68136329529	0.00136612021858	0.0435431872808	RELN;XBP1;SESN2;DDIT4;GPAT3;RPTOR;RFFL;SH3BP4;GOLPH3;RRAGC;TMEM127;SEC13;F7;GSK3B;SMCR8;SIRT1
SpivsNC	GO_Biological_Process_2025	Regulation of Toll-Like Receptor 4 Signaling Pathway (GO:0034143)	-1.85536993141	0.0017094017094	0.0127002658351	SQSTM1;NR1D1;F2RL1;TNFAIP3;ZNRF1;MFHAS1;IFI35;NINJ1;FLOT1;LYN;DAB2IP;TAX1BP1;PIK3R1
SpivsNC	GO_Biological_Process_2025	Regulation of Transforming Growth Factor Beta Receptor Signaling Pathway (GO:0017015)	-1.75527337394	0	0.0254717583552	THBS1;GDF15;XBP1;PEG10;SPRY1;BCL9L;SMURF1;CREBBP;BAMBI;GIPC1;LATS2;ZBTB7A;SPRED2;EP300;ZNF703;PDPK1;TGFBR3;CDKN2B;ADISSP;LRG1;TRIM33;HIPK2;STUB1;SIRT1;PPARG;SAP130;SINHCAF;FKBP1A;HDAC2;HSP90AB1;EMILIN1;ING3;RNF111
SpivsNC	GO_Biological_Process_2025	Regulation of Translation (GO:0006417)	-1.98216105491	0	0.00439937932705	THBS1;PPP1R15A;SHMT2;EIF1;CALR;ENC1;EIF4EBP1;EPRS1;CNOT1;OGFOD1;EIF1B;GSPT1;GRB7;RBM3;RPS6KA3;BCL3;EIF3B;TRAP1;ETF1;LARP4B;QKI;FOXO3;HSPB1;MSI2;LARP1;YTHDF1;EIF6;AIFM2;PRMT1;LARP1B;SYNCRIP;IFRD2;NOLC1;ELP6;EIF3C;EIF4G1;PRKDC;EIF4B;RACK1;EIF2B2;DAPK1;EEF2;CTIF;FXR2;CSNK2A2;NPM1;LARP4;RPL13A;RBM4;RPS3;KDELR2;UPF1;IGF2BP1;APP;MTG2;LSM14A;STK39;PRKCH;ELAVL1;SERBP1;TCOF1;DDX3X;CNOT9;RPS4X;EIF2A;NCBP1;EIF3H;SHFL;EIF4G2;MSI1;PCIF1;TRIM71;TYMS;EIF4A3;TSFM;EIF4E;PUM3;DUS3L
SpivsNC	GO_Biological_Process_2025	Regulation of Tumor Necrosis Factor Production (GO:0032680)	-1.93451696376	0	0.0060577957857	THBS1;FZD5;ARG2;ARFGEF2;TNFAIP3;NR1H4;ARHGEF2;FOXP1;STAT3;IFNGR1;RARA;ZC3H12A;HSPB1;ILRUN;TMEM106A;TGFB1;FADD;TRIM27;MAVS;ORM1;APP;MAPKAPK2;PTPN11;OAS3
SpivsNC	GO_Biological_Process_2025	Regulation of Type II Interferon Production (GO:0032649)	-1.97439392109	0	0.00481464995797	CEBPG;FZD5;DDIT3;F2RL1;PDE4D;NR1H4;SLC7A5;IL1R1;ZFPM1;RARA;ZC3H12A;C1QBP;IL18;PRNP;TNFSF4;FADD;HLA-A;TRIM27
SpivsNC	GO_Biological_Process_2025	Regulation of Vascular Associated Smooth Muscle Cell Proliferation (GO:1904705)	-1.66250632994	0.0129032258065	0.0476976425471	JUN;XBP1;ERN1;BMP4
SpivsNC	GO_Biological_Process_2025	Regulation of mRNA Stability (GO:0043488)	-1.68107956476	0.00138504155125	0.0435275451167	ZFP36L1;AXIN2;RBM24;YTHDF2;QKI;PDE12;ZFP36L2;LARP1;NOCT;PCBP4;YTHDF1;GDNF;FASTKD5;FXR2;NPM1;PABPC1;ROCK2;PRKCD;PRKCA;FTO;CSDC2;KHSRP;PUM1;IGF2BP1;MAPKAPK2;TBRG4;ELAVL1;MEX3D;SERBP1
SpivsNC	GO_Biological_Process_2025	Regulation of miRNA Transcription (GO:1902893)	-2.26678856775	0	0	EGR1;JUN;MYC;HIF1A;BMP4;FOSL1;NR3C1;STAT3;RARA;FOXO3;SOX9;GATA2;NFATC3;NGFR;FOS;MRTFA;TEAD1;EGFR;AREG;VEGFA;TGFB1;SREBF1;PPARG
SpivsNC	GO_Biological_Process_2025	Response to Calcium Ion (GO:0051592)	-1.70289852388	0.00271739130435	0.0372000538886	THBS1;FGB;AKR1C3;ITPR3;CLIC4;FGG;FGA;PPIF;DPEP1;ADAM9;ITPKC;CAMK2D;PPP3CA;AQP3;HOMER1;STIM1;SLC25A13;PEF1;NEDD4;ANXA11;BRAF;MICU1;CALM2;ADGRV1;RYR3;PDCD6;TTR;PRKAA2;SEC31A;MEF2A
SpivsNC	GO_Biological_Process_2025	Response to Cytokine (GO:0034097)	-2.086146844	0	0.00142766454352	MCL1;SHMT2;SRC;BCL2L1;SERPINA3;IFITM3;IL1R1;KYNU;IL6ST;HAX1;UBD;NFAT5;ADAM9;CALCOCO2;DDOST;OSMR;RELB;IRAK2;ITIH4;MYD88;TIMP1;MX2;DNAJA3;TLE5;IKBKE;CDK9;SPHK1;IFITM2;ASAH2;CXCL16;IRAK1;PRKCA;FOXA2;HDAC4;RHOA;KHSRP;IL6R;APP;MAPKAPK2;IFNAR2;CASP3;TAF9;GCH1;MAP2K7;SHFL;RELA;BST2;TRIM56
SpivsNC	GO_Biological_Process_2025	Response to Endoplasmic Reticulum Stress (GO:0034976)	-2.01542071661	0	0.00303378715498	THBS1;TRIB3;CEBPB;JUN;PPP1R15A;ATF3;XBP1;NFE2L2;HERPUD1;DDIT3;ATF4;CXCL8;CALR;HYOU1;ERN1;HSPA5;TNFRSF10B;PDIA4;PDIA3;GET4;ATP2A2;HSP90B1;SERP1;ECPAS;BHLHA15;PDIA6;RHBDD1;P4HB;PTPN1;BAX;GORASP2;PPP1R15B;BBC3;CANX;TOR1A;STT3B;TBL2;NPLOC4;ITPR1;FBXO2;DNAJC10;UBQLN1;SGTA;DNAJB12;GSK3B;STUB1;DDRGK1;RASGRF2;CHAC1;PDIA2;NCK1;FLOT1;VAPB;FAF2;VCP;TMEM117;UBE2J1;DAB2IP;AIFM1;UFM1;CASP4;SEC61B;FAF1;TMUB1;TRIM13;ERLEC1;SEL1L;UBXN8
SpivsNC	GO_Biological_Process_2025	Response to Glucocorticoid (GO:0051384)	-1.73440793862	0.0048231511254	0.0297171787478	ZFP36L1;NR3C1;SSTR5;IL1RN;ZFP36L2;GOLT1A
SpivsNC	GO_Biological_Process_2025	Response to Glucose (GO:0009749)	-1.94425345809	0	0.0059532496102	THBS1;XBP1;PCK2;SLC39A14;ERN1;ZBED3;ZBTB20;RPTOR;HNF1A;SOX4;RACK1;EIF2B2
SpivsNC	GO_Biological_Process_2025	Response to Insulin (GO:0032868)	-1.8741398209	0	0.0107271308362	TRIB3;XBP1;PCK2;SLC39A14;ZFP36L1;IRS1;ZBTB7B;EPRS1;ZBED3;RAB10;ENPP1;GRB10;SLC25A33;LPIN2;EIF6;PDPK1;PRKDC;GOLT1A;SIRT1;PPARG;INHBB;PRKCZ
SpivsNC	GO_Biological_Process_2025	Response to Interleukin-1 (GO:0070555)	-1.93770294285	0	0.005978345276	SRC;NR1D1;ANKRD1;CXCL8;HIF1A;IL1R1;ZC3H12A;NFKB1;SOX9;IRAK2;MYD88;TLE5;USP32;IRAK1;PRKCA;HDAC4;UPF1;APP;DAB2IP;TAF9
SpivsNC	GO_Biological_Process_2025	Response to Ketone (GO:1901654)	-1.76975647684	0.00493421052632	0.0230396099978	THBS1;ABHD2;YAP1;TGFBR3;GNAQ;TGFB1
SpivsNC	GO_Biological_Process_2025	Response to Lipopolysaccharide (GO:0032496)	-1.85189976119	0	0.0124823053302	XBP1;TRIB1;NR1D1;ANKRD1;CXCL8;TNFAIP3;FOXP1;RPS6KA3;HNRNPA0;ZC3H12A;NFKB1;ADAM9;NFKBIB;NOCT;IL18;MYD88;PELI1;ERBIN;SBNO2;TNFSF4;MMP3;TNIP2;IRAK1;RHOA;UPF1;PALM3;MAPKAPK2;S100A14;DAB2IP;AXL;TAB2;GCH1;NFKBIL1;NUGGC;RELA;CASP7;NR4A1
SpivsNC	GO_Biological_Process_2025	Response to Molecule of Bacterial Origin (GO:0002237)	-1.9588530562	0.00141843971631	0.00589248337539	TRIB1;FZD5;C4B;CXCL8;TNFAIP3;AHR;FOXP1;RPS6KA3;HNRNPA0;NOCT;CD24;INAVA;PELI1;ERBIN;IRAK1;PALM3;MAPKAPK2;S100A14;TAB2;GCH1
SpivsNC	GO_Biological_Process_2025	Response to Peptide Hormone (GO:0043434)	-1.78947239489	0.00147275405007	0.0199939483246	XBP1;SRC;ZFP36L1;IRS1;ZBTB7B;ZBED3;GRB10;STAT3;EIF6;TGFBR3;EIF2B2;ROCK2;TCF12;SIRT1
SpivsNC	GO_Biological_Process_2025	Response to Transforming Growth Factor Beta (GO:0071559)	-1.77692937408	0.00312012480499	0.0220118796215	ZFP36L1;ANKRD1;ZFHX3;SOX6;NR3C1;ZFP36L2;SOX9;PDE3A;ROCK2;TGFB1;SOX5
SpivsNC	GO_Biological_Process_2025	Response to Tumor Necrosis Factor (GO:0034612)	-1.91505916924	0	0.00728452932749	NFE2L2;TNFRSF21;NR1D1;ZFP36L1;ANKRD1;CXCL8;ARHGEF2;UBD;ZC3H12A;ADAM9;ZFP36L2;ERBIN;NPNT;SPHK1;SIRT1;CXCL16;RPS3;DAB2IP;YBX3;CASP3;CIB1;GCH1;MAP2K7;RELA
SpivsNC	GO_Biological_Process_2025	Retrograde Protein Transport, ER to Cytosol (GO:0030970)	-1.84991037819	0	0.0125778881015	HERPUD1;HSP90B1;HM13;RHBDD1;NPLOC4;FAF2;VCP;SEC61B;ERLEC1;SEL1L
SpivsNC	GO_Biological_Process_2025	Retrograde Vesicle-Mediated Transport, Golgi to Endoplasmic Reticulum (GO:0006890)	-1.90879297164	0.00145772594752	0.00734423587293	PLPP3;KDELR1;RAB6A;COPA;GOLPH3;ARF4;BNIP1;ATP9A;ERGIC1;STX18;TAPBP;KDELR3;STX5;KDELR2;COPB2;UBE2Z;KIF1C;SCYL1;NBAS;TMED10;LMAN2;COPG2;ARF3;COPZ1
SpivsNC	GO_Biological_Process_2025	Rho Protein Signal Transduction (GO:0007266)	-1.77069754568	0.00431654676259	0.0229297472982	RHOB;CDC42EP1;ARHGAP29;ARHGEF3;CELSR1;NGFR;ARHGAP35;CDC42EP2;LIMK1;ROCK2;RHOA;ARHGAP5;SHTN1;CTNNAL1;RTKN
SpivsNC	GO_Biological_Process_2025	Ribonucleoprotein Complex Biogenesis (GO:0022613)	-2.12480479584	0	0.000416402158527	RCL1;RRP7A;NOP16;RPS12;WDR43;UTP4;NOP14;BYSL;AIRIM;WDR46;ZNF622;RSL24D1;WDR12;IMP4;RRS1;RPS5;SNU13;LTO1;NIP7;NOP2;RPS23;EBNA1BP2;NOP58;RPS11;MRTO4;EMG1;RPS14;UTP11;FBL;DHX37;GTF3A;URB2;RPS16;RPS27A;NPM1;FSAF1;RPS9;GRWD1;PES1;RPS6;RPS3A;UTP15;RPS19BP1;UTP6;GTPBP4;RPF2;RPS13;RPS7;RPL38;PWP2;PNO1;UTP3;RPS27;RPS4X;NOL6;NGDN;HEATR1;RPL11;CINP
SpivsNC	GO_Biological_Process_2025	Ribosomal Large Subunit Biogenesis (GO:0042273)	-1.93508259213	0	0.00607253147852	NOP16;AIRIM;ZNF622;RSL24D1;WDR12;RRS1;LTO1;EIF6;NIP7;NOP2;EBNA1BP2;MRTO4;GTF3A;NPM1;MAK16;PES1;MDN1;GTPBP4;RPF2;RPL7A;RRP15;RPL11;CINP;BRIX1
SpivsNC	GO_Biological_Process_2025	Ribosomal Small Subunit Biogenesis (GO:0042274)	-1.94375547549	0	0.00588087971582	RCL1;RRP7A;RPS12;WDR43;UTP4;NOP14;WDR46;IMP4;RPS5;SNU13;RPS23;NOP58;FAU;RPS11;EMG1;RPS14;UTP11;FBL;DHX37;RPS16;RPS27A;NPM1;FSAF1;RPS9;RPS6;RPS3A;UTP15;RPS19BP1;UTP6;RPS13;RPS7;PWP2;RPSA;PNO1;UTP3;RPS27;RPS4X;NOL6;NGDN;HEATR1;MRPS7;RPS24;TSR3;RPS8;RPS28;SURF6;RPS19
SpivsNC	GO_Biological_Process_2025	Ribosome Assembly (GO:0042255)	-1.66113935884	0.00457317073171	0.0482135085781	RRP7A;NGRN;C1QBP;RRS1;RPS5;EIF6;SBDS;NOP2;FAU;RPS14;DHX37;NPM1;MDN1;PWP2;RPSA;DDX3X;RPS27;EIF2A;MPV17L2;RPL11;BRIX1;MRPS7;RPS28;RPS19
SpivsNC	GO_Biological_Process_2025	Ribosome Biogenesis (GO:0042254)	-1.9913003477	0	0.00405230393299	RCL1;RRP7A;NOP16;RPS12;WDR43;UTP4;NOP14;DKC1;BYSL;AIRIM;WDR46;ZNF622;RSL24D1;WDR12;IMP4;RRS1;RPS5;SNU13;LTO1;SBDS;NIP7;NOP2;RPS23;EBNA1BP2;NOP58;NOLC1;RPS11;MRTO4;EMG1;RPS14;UTP11;FBL;WDR18;DHX37;GTF3A;URB2;RPS16;RPS27A;NPM1;FSAF1;MRM1;RPS9;MYG1;GRWD1;PES1;RPS6;DDX49;RPS3A;UTP15;RPS19BP1;UTP6;GTPBP4;RPF2;RPS13;RPS7;PWP2;PNO1;UTP3;MRM3;RPS27;RPS4X;EIF2A;NOL6;NGDN;HEATR1;RPL11;WDR55;CINP;DDX27;LYAR;DDX10;RPS24;RPS8;RPS28;SURF6;RPS19;RPL35A;RPS17
SpivsNC	GO_Biological_Process_2025	Secondary Alcohol Biosynthetic Process (GO:1902653)	2.22866604836	0	0.000128986080452	FDFT1;DHCR7;MSMO1;MVD;INSIG2;HMGCR;TM7SF2;HMGCS1;CES1;NSDHL;NPC1L1;MVK;CYP51A1
SpivsNC	GO_Biological_Process_2025	Skin Development (GO:0043588)	-1.77368704991	0.00155279503106	0.0227404091429	EPHA2;JAG1;AKR1C3;CLIC4;PKD1;ERRFI1;PIP5K1A;ADAM9;TXNIP;KRT10;PPP3CA;EREG;BCR;CASP3;DACT2;DHCR24
SpivsNC	GO_Biological_Process_2025	Steroid Biosynthetic Process (GO:0006694)	1.99239630191	0	0.0105123655568	FDFT1;MSMO1;HMGCR;SQLE;SRD5A1;CYP19A1;CYP51A1
SpivsNC	GO_Biological_Process_2025	Sterol Biosynthetic Process (GO:0016126)	2.27581763514	0	0	FDFT1;DHCR7;MSMO1;MVD;INSIG2;HMGCR;SQLE;TM7SF2;HMGCS1;CES1;NSDHL;NPC1L1;MVK;CYP51A1
SpivsNC	GO_Biological_Process_2025	Transforming Growth Factor Beta Receptor Signaling Pathway (GO:0007179)	-1.87639771643	0	0.0107193812809	GDF15;JUN;SRC;TGFBR2;PTPRK;FURIN;BAMBI;STAT3;ZMIZ1;ADAM9;FOS;ITGB1;TGFBR3;LRG1;TGFBRAP1;TGFB1;DAB2;SIRT1;PTK2
SpivsNC	GO_Biological_Process_2025	Transforming Growth Factor Beta Receptor Superfamily Signaling Pathway (GO:0141091)	-1.83399063141	0.00129198966408	0.0143658744692	GDF15;JUN;SRC;TGFBR2;PTPRK;BMP4;SMURF1;FURIN;BAMBI;SLC39A5;STAT3;ZMIZ1;ADAM9;HIVEP1;FAM83G;FOS;ITGB1;TGFBR3;LRG1;ACVR2A;TGFBRAP1;TGFB1;DAB2;SIRT1;PPARG;INHBB;PTK2
SpivsNC	GO_Biological_Process_2025	Translation (GO:0006412)	-2.12465515724	0	0.000390377023619	GARS1;SARS1;WARS1;GTPBP2;MARS1;NARS1;EPRS1;EEF1A1;GSPT1;RPS12;RPLP0;RPLP2;MARS2;VARS1;FTSJ1;ETF1;RPL22L1;RSL24D1;RPL28;RPL34;RPS5;MRPL48;RPS23;IARS1;RPS21;FAU;RPS11;MRPL15;RPS14;EIF4G1;RPL19;MRPL46;MRPL30;RPL27A;RPS29;EIF5A2;MRPS18B;RACK1;RPS20;MRPS16;RPL37;MRPL12;APEH;MRPL1;RPS16;EEF2;RPS4Y1;RPS27A;RPL39;RPL8;RPS9;RPL23;RPL30;RPL13A;RPS6;SRBD1;UBA52;RPL18A;RPLP1;RPS3A;MRPS11;RPL10A;RPS3;TUFM;RPL6;MRPL23;EEF1D;RPS13;RPL7A;RPS7;RPL38;RPL9;MRPL11;RPSA;MRPL4;RPL41;RPL37A;RPS18;AURKAIP1;GATC;RPS2;RPS27;MRPS23;ZC3H15;RPS4X;RPL3;DTD1;RPL11;MRPS34;CHCHD1;MRPL54;WARS2;RPL32;PABPC4;TSFM;MRPL21;MRPS7;RPS24;RPS8;RPL23A;RPS28;RPL12;RPS19;MRPL45;RPL35A;QARS1;GTPBP1;RPS17;QRSL1;MRPS17;MRPS2;YARS2;MRPL13;RPL17-C18ORF32;FARSB;EEF1A2
SpivsNC	GO_Biological_Process_2025	Transport Across Blood-Brain Barrier (GO:0150104)	-1.9143501209	0	0.0072572947629	SLC7A1;SLC1A4;SLC38A1;SLC1A5;SLC38A5;SLC6A9;SLC7A5;SLC38A2;SLC13A3;ABCB1;FLVCR2;ABCC4;ABCG2;SLCO2B1
SpivsNC	GO_Biological_Process_2025	Ubiquitin-Dependent Protein Catabolic Process (GO:0006511)	-1.76335975113	0	0.0239847643312	XBP1;NFE2L2;SQSTM1;SIAH2;HERPUD1;AXIN2;DDIT3;ZNRF3;TNFAIP3;ZFAND2A;UBD;SMURF1;GET4;UBE2D2;UBE2S;SPSB1;UBE2D3;SIAH1;ZNRF1;UBE2R2;RFFL;KCTD5;MVB12B;TBL1X;CSNK1A1;OTUD7B;RAD23B;DTX3L;RNF213;DDB1;CDC34;RHOBTB3;SOCS4;VPS37B;TBL1XR1;KLHL18;UBE2W;AMBRA1;PSMB4;NPLOC4;UBE2H;RNF114;PSMC3;KLHL21;PSMD14;PELI1;UBE2G1;CBL;WWP1;PSMB3;UBL4A;PSMA6;ARIH1;UBE2B;PSMD8;UBQLN1;KEAP1;PSMD4;PSMD7;GSK3B;CCAR1;VHL;STUB1;UBXN2A;UBAP1;UBE3C;SIRT1;ASB2;PSMD12;KCTD2;NEDD4;KLHL2;KBTBD2;PSMB7;PSMC4;UBE2C;PSMB2;RNF34;BFAR;ATE1;UBE2K;SPSB2;VPS37C;PSMD11;PSMA7;MAGEF1;VCP;UBE2A;SPOP;KCTD21;TSG101;NEDD4L;UBXN1;HUWE1;PSMC5;CHMP4C;CHMP4B;KLHL29;PSMC2;FAF1;CHMP1B;PEX12;RNF111;ZFAND2B;TRIM13;PSMA5;BIRC2;TRIP12;RAD23A;RNF6;MKRN2;TOLLIP;RNF4;RNF19B;ARK2N;KBTBD8;RCHY1;RNF187;KCMF1;CLOCK;AGAP3;PSMD2;PSMD13;BMAL1;UBE2I;USP9X;KAT5;PEX10;FBXW11;PSMB1;RNF25;VPS4A;COPS3;OTUD7A;TRIM71;RNF216;ARIH2;ITCH
SpivsNC	GO_Biological_Process_2025	Vascular Endothelial Growth Factor Receptor Signaling Pathway (GO:0048010)	-1.83474857875	0.0016155088853	0.014401063384	XBP1;SRC;NRP1;SLC31A1;HSPB1;BCAR1;VEGFA;PTK2;MAPKAPK2;DAB2IP
SpivsNC	GO_Biological_Process_2025	Vascular Transport (GO:0010232)	-1.94056573377	0	0.00611354078201	SLC7A1;SLC1A4;SLC38A1;SLC1A5;SLC38A5;SLC6A9;SLC7A5;SLC38A2;SLC13A3;ABCB1;FLVCR2;ABCC4;ABCG2;SLCO2B1
SpivsNC	GO_Biological_Process_2025	Zinc Ion Transmembrane Transport (GO:0071577)	-1.78008693772	0.00798722044728	0.0217223126032	SLC39A14;SLC39A5;SLC39A1;SLC39A3;SLC39A7;SLC30A10;SLC39A11
SpivsNC	GO_Biological_Process_2025	Zinc Ion Transport (GO:0006829)	-1.74061877804	0.00787401574803	0.0287060451014	SLC39A14;SLC30A1;SLC39A5;SLC39A1;SLC39A3;SLC39A7;SLC30A10;SLC39A11
SpivsNC	GO_Biological_Process_2025	protein-DNA Complex Disassembly (GO:0032986)	-1.70709932696	0.014950166113	0.0363478787411	MYC;HMGA1;SMARCC1;SET;RPL23;GRWD1;SMARCB1
SpivsNC	GO_Biological_Process_2025	rRNA Metabolic Process (GO:0016072)	-1.90884816832	0	0.00742583849374	MYC;MARS1;RRP7A;NOP14;DKC1;BYSL;IMP4;SBDS;NOP2;EBNA1BP2;NOP58;NOLC1;MRTO4;EMG1;EXOSC6;FBL;WDR18;GTF3A;RPS16;TRIR;MRM1;MYG1;PES1;RPS6;DDX49;UTP15;EXOSC8;NIFK;POLR1G;RPS7;MRM3;RPS27;NOL6;HEATR1;RPL11;WDR55;DDX27;LYAR;BRF1;DDX10;RPS24;RPS28;RPS19;RPL35A;RPS17
SpivsNC	GO_Biological_Process_2025	rRNA Processing (GO:0006364)	-1.82343255702	0	0.0149280173832	RCL1;RRP7A;UTP4;NOP14;DKC1;BYSL;TFB1M;IMP4;SNU13;EIF6;SBDS;NOP2;EBNA1BP2;NOP58;NOLC1;MRTO4;SDE2;EMG1;RPS14;PRKDC;FBL;WDR18;RPS16;MRM1;MYG1;MAK16;PES1;RPS6;DDX49;UTP15;RPL7A;RPS7;MRM3;RPS27;NOL6;RRP15;RPL11;WDR55;DDX27;LYAR;DDX10;RPS24;TSR3;RPS28;RPS19;RPL35A;RPS17
SpivsNC	GO_Biological_Process_2025	tRNA Aminoacylation (GO:0043039)	-1.79404223146	0.00332225913621	0.0193423328746	GARS1;MARS1;NARS1;EPRS1;MARS2;VARS1;IARS1
SpivsNC	GO_Biological_Process_2025	tRNA Aminoacylation for Protein Translation (GO:0006418)	-2.09490661763	0	0.0011867461518	GARS1;SARS1;CARS1;WARS1;MARS1;YARS1;TARS1;NARS1;EPRS1;FARSA;MARS2;VARS1;IARS1
SpivsNC	KEGG_2021_Human	AGE-RAGE signaling pathway in diabetic complications	-1.97892091485	0	0.0010522619222	EGR1;JUN;FN1;PIM1;TGFBR2;CXCL8;PLCD3;STAT3;PLCB1;ICAM1;NFKB1;CDK4;BAX;NOS3;EDN1;RAC1;VEGFA;PRKCD;TGFB1;PRKCE;PRKCA;PRKCZ
SpivsNC	KEGG_2021_Human	Acute myeloid leukemia	-1.77345077094	0.0028901734104	0.00613819454615	MYC;PIM1;DUSP6;EIF4EBP1;STAT3;RUNX1;IKBKG;RARA;NFKB1;MAP2K2;PER2;TCF7
SpivsNC	KEGG_2021_Human	Adherens junction	-1.58616132018	0.0117647058824	0.0246590310903	SRC;TGFBR2;MET;CREBBP;PARD3;PTPN1;EP300;TJP1;EGFR;ACP1;WASF2;TCF7;RAC1;CSNK2A2;NECTIN2;CDH1;RHOA;IGF1R;LMO7;PTPRM;WASL;CTNNA1;WASF1;TCF7L2;SORBS1;RAC2
SpivsNC	KEGG_2021_Human	Adipocytokine signaling pathway	-1.69600325448	0.0014367816092	0.0119117799716	PCK2;IRS1;ACSL1;STAT3;NFKBIA;IKBKG;SOCS3;NFKB1;ACSL3;TNFRSF1A;NFKBIB;ACSL5;PRKAB1;CPT1A;ACACB
SpivsNC	KEGG_2021_Human	Alanine, aspartate and glutamate metabolism	-1.84021403442	0.00437317784257	0.00320400264771	GPT2;ASNS;ASS1;GFPT1;ABAT;GLUD1;AGXT;GOT1;ASL;CPS1
SpivsNC	KEGG_2021_Human	Aldosterone-regulated sodium reabsorption	-1.72096731853	0.00981996726678	0.0102735631457	IRS1;ATP1B1;ATP1A1;SFN;SGK1;PDPK1;PRKCA;NEDD4L;PIK3R1
SpivsNC	KEGG_2021_Human	Alzheimer disease	-1.58263202856	0	0.0248900416212	XBP1;DKK1;AXIN2;FZD5;DDIT3;ATF4;IRS1;CSF1;ERN1;ITPR3;TUBB2A;ATP2A2;PPP3R1;PLCB1;PPIF;WIPI1;ATP5F1B;NFKB1;CSNK1A1;TNFRSF1A;ATG13;ATG101;ITPR2;MAP2K2;GRIN2D;AMBRA1;PSMB4;TUBB2B;ITPR1;NDUFC2;PSMC3;PSMD14;GNAQ;PSMB3;CAPN1;TUBA1A;BECN1;ATP5F1A;PSMA6;PSMD8;PPP3CA;CSNK2A2;DVL1;PSMD4;PSMD7;GSK3B;WNT7B;ADRM1;ULK1;NRBF2;PSMD12;PSMB7;PSMC4;PSMB2;NDUFV2;FRAT2;FADD;NDUFS2;APOE;PSMD11;PSMA7;APP;BRAF;UQCRQ;UQCR11;PSMC5;TUBB6;PSMC2;FRAT1;CASP3;PSMA5;NDUFS8;COX4I1;TUBA1C;UQCR10;PIK3R1;MCU;LRP6;WNT6;CALM2;TUBA4A;MAP2K7;PSMD2;PSMD13;ATP5F1E;RELA;CASP7;PSMB1
SpivsNC	KEGG_2021_Human	Aminoacyl-tRNA biosynthesis	-2.16145212334	0	0	GARS1;SARS1;CARS1;WARS1;AARS1;MARS1;YARS1;TARS1;NARS1;EPRS1;FARSA;MARS2;VARS1;IARS1
SpivsNC	KEGG_2021_Human	Amoebiasis	-1.77625335852	0	0.00623738967456	FN1;ARG2;CXCL8;IL1R1;PLCB1;NFKB1;SERPINB9;HSPB1;LAMB1;C8B;GNAQ;RAB5C;LAMC3;RAB7A;TGFB1;ARG1;PRKCA;PTK2;CASP3;GNA11;PIK3R1;IL1R2;COL4A4;RELA;GNAL;LAMA1;LAMB3;RAB7B;C8A;LAMA2;CXCL2;LAMA3
SpivsNC	KEGG_2021_Human	Apelin signaling pathway	-1.87659680036	0	0.00225484697614	SPP1;EGR1;JAG1;ITPR3;MEF2B;PLCB1;ITPR2;MAP2K2;NOS3;ITPR1;GNAQ;BECN1;GNG5;CCN2;MYLK;GABARAP;SPHK1;ADCY9;PRKCE;RPS6;PRKAB1;CDH1;MEF2D;HDAC4;GNB1;RRAS2;GNG4
SpivsNC	KEGG_2021_Human	Apoptosis	-1.79936611451	0	0.00483019895724	JUN;GADD45A;MCL1;BCL2L1;DDIT3;ATF4;ERN1;LMNA;ITPR3;TNFRSF10B;PMAIP1;NFKBIA;IKBKG;NFKB1;TNFRSF1A;BAX;ITPR2;MAP2K2;NGFR;FOS;BBC3;PDPK1;TNFRSF10A;GADD45B;ITPR1;CAPN1;TUBA1A;BECN1
SpivsNC	KEGG_2021_Human	Arginine and proline metabolism	-1.61222898435	0.00583090379009	0.0213477932162	SMOX;PYCR1;ARG2;ALDH18A1;GOT1;ALDH1B1;NOS3;SRM;ODC1;GAMT;PYCR2;LAP3;CNDP2;MAOA;ARG1;ALDH3A2;SAT1
SpivsNC	KEGG_2021_Human	Arginine biosynthesis	-2.03598464518	0	0.000867248836975	GPT2;ARG2;ASS1;NAGS;GLUD1;GOT1;ASL;CPS1;NOS3
SpivsNC	KEGG_2021_Human	Autophagy	-1.53696632407	0.00257731958763	0.0357532146548	SQSTM1;DDIT4;BCL2L1;IRS1;HIF1A;ERN1;RPTOR;VMP1;WIPI1;ATG13;ATG101;MAP2K2;SH3GLB1;RRAGC;PDPK1;AMBRA1;ITPR1;PPP2CA;RAB33B;MTMR14;BECN1;DAPK1;AKT1S1;RAB1A;RAB7A;PRKCD;GABARAP;SMCR8;CTSD;ULK1;NRBF2
SpivsNC	KEGG_2021_Human	B cell receptor signaling pathway	-1.68810959975	0.00293255131965	0.0123149334851	JUN;NFKBIA;PPP3R1;IKBKG;NFKB1;NFKBIB;NFATC3;MAP2K2;FOS;RAC1;PPP3CA;GSK3B;GRB2;PIK3AP1;CD22;LYN;NFKBIE;PIK3R1;NFATC2;RELA;RAC2;CD79A
SpivsNC	KEGG_2021_Human	Bacterial invasion of epithelial cells	-1.61413052707	0.00666666666667	0.0211880794289	FN1;SRC;MET;DOCK1;ARPC5L;SHC1;BCAR1;ITGB1;CBL;WASF2;ACTR3;RAC1;ARPC2;CDH1;CLTA;CLTB;PTK2;ARPC1B;RHOA;SEPTIN6;ARPC4;ELMO1;SEPTIN9;ACTR3B;WASL;ARHGEF26;PIK3R1;CTNNA1;CRK;WASF1
SpivsNC	KEGG_2021_Human	Biosynthesis of unsaturated fatty acids	1.62258142789	0.0209973753281	0.0428928031502	SCD;FADS1;ACOT1;ACOT2;FADS2;SCP2
SpivsNC	KEGG_2021_Human	Bladder cancer	-1.98659833105	0	0.00102735631457	THBS1;MYC;SRC;CXCL8;RASSF1;CDKN1A;CDK4;MAP2K2;EGFR;DAPK1;VEGFA;HBEGF;CDH1;E2F3;BRAF;E2F2
SpivsNC	KEGG_2021_Human	Breast cancer	-1.84559567105	0	0.00312735186667	JUN;MYC;JAG1;GADD45A;AXIN2;HES1;FZD5;CDKN1A;CDK4;CSNK1A1;SHC1;BAX;MAP2K2;FOS;CDK6;GADD45B;EGFR;NFKB2;TCF7;DVL1;NCOA1;GSK3B;WNT7B;NCOA3;FRAT2;E2F3;GRB2;BRAF;IGF1R;E2F2;FGF21;FRAT1;PIK3R1;LRP6;WNT6;BRCA2;FGF19;TCF7L2;FZD9
SpivsNC	KEGG_2021_Human	C-type lectin receptor signaling pathway	-1.8743462578	0	0.00217709363213	JUN;SRC;PLK3;ITPR3;NFKBIA;BCL3;PPP3R1;IKBKG;NFKB1;CARD9;NFATC3;ITPR2;RELB;ITPR1;NFKB2;CYLD;PPP3CA;IKBKE;PRKCD;IRF1;MAP3K14;RHOA;IRF9;RRAS2;MAPKAPK2;PTPN11;EGR3;PIK3R1;CALM2;NFATC2;RELA
SpivsNC	KEGG_2021_Human	Cell adhesion molecules	-1.50630474193	0.00953678474114	0.0449424608236	CLDN1;MPZ;NRCAM;SDC4;PVR;ICAM1;ESAM;ITGB1;CDH2;CLDN11;OCLN;MAG;NECTIN2;CDH1;CLDN2;F11R;CLDN4;HLA-A;CD22;CLDN6;VCAN;NEGR1;PTPRM
SpivsNC	KEGG_2021_Human	Cellular senescence	-1.66181078802	0	0.014597691918	SQSTM1;MYC;GADD45A;ZFP36L1;TGFBR2;CXCL8;EIF4EBP1;ITPR3;MYBL2;PPP3R1;CDKN1A;NFKB1;CDK4;ZFP36L2;FOXO3;NFATC3;ITPR2;MAP2K2;CDK6;GATA4;CDKN2B;GADD45B;ITPR1;CAPN1;HIPK2;PPP3CA;TGFB1;E2F4;SIRT1;RAD1;HLA-A;E2F3;RRAS2;MAPKAPK2;MAP2K3;E2F2;PIK3R1;MCU;CALM2;NFATC2;CDC25A;RELA;SMAD2;FBXW11;CDK2
SpivsNC	KEGG_2021_Human	Chagas disease	-1.88591566154	0	0.00206854907782	JUN;TGFBR2;CXCL8;CALR;NFKBIA;IFNGR1;PLCB1;IFNGR2;IKBKG;NFKB1;TNFRSF1A;FOS;MYD88;PPP2CA;PPP2R2A;GNAQ;TGFB1;IRAK1;C3;FADD
SpivsNC	KEGG_2021_Human	Chemical carcinogenesis	-1.60183743743	0.00125628140704	0.022326839503	JUN;MYC;JAG1;SRC;ATF4;AKR1C2;EIF4EBP1;AHR;SULT2A1;KPNB1;KPNA4;KLF5;STAT3;HSP90B1;RPS6KA3;NFKB1;GSTA1;GSTA2;UGT2A3;MAP2K2;FOS;EGFR;IKBKE;VEGFA;ADCY9;BCL6;PRKCA
SpivsNC	KEGG_2021_Human	Chemokine signaling pathway	-1.56636038597	0.00786369593709	0.0281581243219	SRC;CXCL8;CCL20;PARD3;STAT3;NFKBIA;PLCB1;IKBKG;NFKB1;SHC1;FOXO3;GRK3;NFKBIB;BCAR1;GNAQ;RAC1;GNG5;ROCK2;GSK3B;PRKCD;ADCY9;CXCL16;PRKCZ;PTK2;RHOA;RAP1B;GNB1;GRB2;GNG4;BRAF;ELMO1;LYN;GRK6
SpivsNC	KEGG_2021_Human	Chronic myeloid leukemia	-1.92168026457	0.00275482093664	0.00221403526616	MYC;GADD45A;BCL2L1;TGFBR2;RUNX1;NFKBIA;ABL1;IKBKG;CDKN1A;NFKB1;CDK4;SHC1;BAX;MAP2K2;CDK6;GADD45B;CBL;TGFB1;CTBP1;HDAC2;E2F3;GRB2;CDKN1B;BRAF;BCR;E2F2;PTPN11;PIK3R1;CRK;RELA
SpivsNC	KEGG_2021_Human	Colorectal cancer	-1.84068091975	0	0.00326085562703	JUN;MYC;GADD45A;AXIN2;TGFBR2;PMAIP1;CDKN1A;BAX;MAP2K2;FOS;BBC3;GADD45B;EGFR;AREG;TCF7;RAC1;GSK3B;TGFB1;EREG;TGFA;RALA;RHOA;GRB2;BRAF
SpivsNC	KEGG_2021_Human	Complement and coagulation cascades	-1.85161538566	0	0.00305495396767	FGB;C4B;C4A;C4BPA;CFI;C5AR1;C2;FGG;C1S;C5;SERPINA5;FGA;MBL2;CD55;A2M;PROS1;CFB;C8B;F7;CPB2;F5;C3;C1R;C6;SERPINF2;C4BPB;F3;SERPING1
SpivsNC	KEGG_2021_Human	Coronavirus disease	-2.32592179383	0	0	JUN;FGB;NRP1;C4B;CXCL8;C4A;IL6ST;C5AR1;C2;RPS12;FGG;STAT3;RPLP0;C1S;C5;NFKBIA;RPLP2;FGA;IKBKG;MBL2;RPL22L1;NFKB1;RSL24D1;RPL28;RPL34;TNFRSF1A;NFKBIB;RPS5;FOS;RPS23;RPS21;FAU;RPS11;EGFR;RPL10;RPS14;CFB;RPL19;RPL27A;RPS29;MYD88;RPS20;C8B;MX2;RPL37;RPS16;MMP3;RPS4Y1;RPS27A;TMPRSS2;IKBKE;RPL39;RPL8;RPS9;RPL23;IRF3;IRAK1;RPL30;RPL36A-HNRNPH2;RPL13A;HBEGF;RPS6;UBA52;C3;PRKCA;C1R;RPL18A;RPLP1;RPS3A;RPL10A;RPS3;RPL6;IL6R;RPS13;MAVS;RPL7A;IRF9;RPS7;RPL38;RPL9;C6;RPSA;RPL41;RPL37A;RPS18;IFNAR2;RPS2;RPS27;OAS3;RPS4X;TAB2;RPL3;PIK3R1;RELA;RPL11;F13B;TRAF3
SpivsNC	KEGG_2021_Human	Cushing syndrome	-1.65984159832	0.0025706940874	0.0146379910439	AXIN2;RASD1;FZD5;ATF4;AHR;ITPR3;PLCB1;CDKN1A;CDK4;ITPR2;MAP2K2;CDK6;CDKN2B;LDLR;EGFR;ITPR1;CAMK2D;GNAQ;TCF7;DVL1;GSK3B;WNT7B;ADCY9;RAP1B;E2F3;PDE11A;CDKN1B;BRAF;NR5A1;E2F2;PDE8A;GNA11;ARMC5;WNT6;CDK2;NR4A1;STAR;TCF7L2;FZD9
SpivsNC	KEGG_2021_Human	Cytokine-cytokine receptor interaction	-1.97916854777	0	0.00112742348807	INHBE;GDF15;TNFRSF21;TGFBR2;CXCL8;CSF1;IL1R1;CCL20;TNFRSF12A;IL11;BMP4;LIF;IL6ST;TNFRSF10B;IL4R;TNFRSF19;IL1RN;IFNGR1;IFNGR2;IL32;CLCF1;TNFRSF1A;NGFR;OSMR;THPO;IL18;TNFRSF10A;TNFSF4;ACVR2A;EDA;TGFB1;CXCL16;ACVR1;INHBB
SpivsNC	KEGG_2021_Human	ECM-receptor interaction	-1.85196406818	0	0.0031163141542	SPP1;THBS1;RELN;FN1;FRAS1;SDC4;ITGB1;LAMB1;ITGA10;NPNT;LAMC3
SpivsNC	KEGG_2021_Human	Endometrial cancer	-1.77016634576	0	0.00631357153318	MYC;GADD45A;AXIN2;CDKN1A;FOXO3;BAX;MAP2K2;PDPK1;GADD45B;EGFR;TCF7;GSK3B;CDH1;GRB2;BRAF
SpivsNC	KEGG_2021_Human	Epithelial cell signaling in Helicobacter pylori infection	-1.63013794053	0	0.0190595999609	JUN;SRC;CXCL8;MET;NFKBIA;IKBKG;NFKB1;TJP1;EGFR;ATP6V1E1;RAC1;ATP6V1H;ATP6V0E2;HBEGF;F11R;MAP3K14;CSK;ATP6V0B;LYN;ATP6V0C;CASP3;PTPN11;ATP6V1B2;RELA
SpivsNC	KEGG_2021_Human	Epstein-Barr virus infection	-1.91500812362	0	0.00215848599425	JUN;MYC;GADD45A;HES1;CALR;TNFAIP3;PDIA3;STAT3;NFKBIA;ICAM1;IKBKG;CDKN1A;NFKB1;CDK4;NFKBIB;BAX;CDK6;GADD45B;RELB;PSMC3;MYD88;PSMD14;NFKB2;PSMD8;RAC1;TAPBP;IKBKE;PSMD4;PSMD7;ADRM1;IRF3;PSMD12;IRAK1;NEDD4;PSMC4;FADD;MAP3K14;HLA-A;HDAC2;E2F3;PSMD11;MAVS;CDKN1B;IRF9;PSMC5;LYN;MAP2K3;E2F2;IFNAR2;PSMC2;CASP3;OAS3;NFKBIE;TAP2;TAB2;PIK3R1;USP7;MAP2K7;PSMD2;PSMD13;RELA;NCOR2;TRAF3;CDK2
SpivsNC	KEGG_2021_Human	ErbB signaling pathway	-1.84417000658	0	0.00310679142187	JUN;MYC;SRC;EIF4EBP1;ABL1;CDKN1A;SHC1;MAP2K2;ABL2;EGFR;CBL;AREG;CAMK2D;GSK3B;EREG;TGFA;NCK2;HBEGF;PRKCA;NCK1;PTK2;GRB2;CDKN1B;BRAF;PAK2;PIK3R1;MAP2K7;CRK
SpivsNC	KEGG_2021_Human	Estrogen signaling pathway	-1.7627291183	0	0.00688017410667	JUN;SRC;ATF4;KRT18;KRT23;KRT19;ITPR3;HSP90B1;PLCB1;RARA;SHC1;ITPR2;MAP2K2;FOS;NOS3;EGFR;FKBP4;ITPR1;GNAQ;KRT10;NCOA1;PRKCD;CTSD;NCOA3;ADCY9;TGFA;HBEGF;FKBP5;GRB2
SpivsNC	KEGG_2021_Human	Ferroptosis	-2.01912160593	0	0.000662262748236	SLC7A11;SLC39A14;MAP1LC3B;SLC3A2;GCLC;HMOX1;GCLM;ACSL1;PCBP1;ACSL3;FTH1;PRNP;ACSL5
SpivsNC	KEGG_2021_Human	Fluid shear stress and atherosclerosis	-1.93932108343	0	0.00166945401118	JUN;NFE2L2;SQSTM1;DUSP1;SRC;ASS1;IL1R1;ARHGEF2;BMP4;HMOX1;HSP90B1;SDC4;ICAM1;IKBKG;NFKB1;TNFRSF1A;GSTA1;GSTA2;FOS;NOS3;NQO1;TXN;EDN1;ACVR2A;RAC1;VEGFA;KEAP1;ACVR1;PRKCZ;PTK2;RHOA;SUMO3;HSP90AB1;PIK3R1;IL1R2;CALM2;TXN2;MAP2K7;SUMO2;RELA;NCF2
SpivsNC	KEGG_2021_Human	Focal adhesion	-1.83208477561	0	0.00351464002353	SPP1;THBS1;RELN;JUN;FN1;SRC;MET;PDGFRB;VASP;PIP5K1B;DOCK1;PIP5K1A;SHC1;BCAR1;FLNB;PDPK1;ITGB1;LAMB1;EGFR;ARHGAP35;ITGA10;RAC1;VEGFA;LAMC3;MYLK;ROCK2;GSK3B;MYL12B;PRKCA;PTK2;RHOA;ARHGAP5;RAP1B;GRB2;BRAF;PARVA;IGF1R;ITGB5;BIRC2;PAK2;PIK3R1;TLN1;COL4A4;PDGFC;CRK;TLN2;LAMA1;LAMB3;TNXB;RASGRF1
SpivsNC	KEGG_2021_Human	Folate biosynthesis	-1.61888439816	0.0214521452145	0.0208122200696	PAH;MOCOS;AKR1C3;GPHN;PTS;AKR1B10;FPGS;AKR1B1;PCBD1;GCH1
SpivsNC	KEGG_2021_Human	FoxO signaling pathway	-1.67446912	0.0012836970475	0.0134592789016	GADD45A;PCK2;TGFBR2;IRS1;PLK3;PLK1;CREBBP;STAT3;SGK1;CDKN1A;FOXO3;EP300;FBXO25;MAP2K2;PRMT1;PDPK1;SGK2;CDKN2B;GADD45B;EGFR;HOMER1;TGFB1;GABARAP;SIRT1;PRKAB1;BCL6;STK4;GRB2;CDKN1B;BRAF
SpivsNC	KEGG_2021_Human	Fructose and mannose metabolism	1.6303525521	0.0195530726257	0.0455380267636	PFKFB4;PFKFB3;ALDOC;TKFC;ENOSF1;TPI1;HKDC1;PFKL;ALDOA;FCSK;FPGT
SpivsNC	KEGG_2021_Human	GABAergic synapse	-1.55343845312	0.015873015873	0.0310503518025	SLC38A1;SRC;SLC38A5;ABAT;SLC38A2;SLC6A11;GPHN;SLC6A12;GNG5;GABARAP;ADCY9;PRKCA;GABRR3;GNB1;GNG4
SpivsNC	KEGG_2021_Human	Gap junction	-1.58337560747	0.014164305949	0.0251669526534	SRC;ITPR3;TUBB2A;PDGFRB;PLCB1;ITPR2;MAP2K2;TJP1;TUBB2B;EGFR;ITPR1;GNAQ;TUBA1A;ADCY9;PRKCA;GRB2;TUBB6;GNA11;TUBA1C;TUBA4A;PDGFC
SpivsNC	KEGG_2021_Human	Gastric acid secretion	-1.53018155949	0.0315638450502	0.0376385995247	ATP1B1;ITPR3;ATP1A1;PLCB1;ITPR2;KCNJ10;SLC4A2;ITPR1;CAMK2D;GNAQ;MYLK;ADCY9;PRKCA
SpivsNC	KEGG_2021_Human	Gastric cancer	-1.72967522331	0.0013037809648	0.00967402089762	MYC;GADD45A;AXIN2;FZD5;TGFBR2;MET;CDKN1A;CSNK1A1;SHC1;BAX;ABCB1;MAP2K2;CDKN2B;GADD45B;EGFR;TCF7;DVL1;GSK3B;TGFB1;WNT7B;CDH1;FRAT2;E2F3;GRB2;CDKN1B;BRAF;E2F2;SHH;FGF21;FRAT1;PIK3R1;LRP6;WNT6;CTNNA1;SMAD2;CDK2;FGF19;TCF7L2;FZD9
SpivsNC	KEGG_2021_Human	Glioma	-1.51535787101	0.018544935806	0.0423494952072	GADD45A;PDGFRB;CDKN1A;CDK4;SHC1;BAX;MAP2K2;CDK6;GADD45B;EGFR;CAMK2D;TGFA;PRKCA;E2F3;GRB2;BRAF;IGF1R;E2F2;CAMK1;PIK3R1;CALM2
SpivsNC	KEGG_2021_Human	Glycine, serine and threonine metabolism	-1.60761639272	0.00751879699248	0.021773727467	PSAT1;CTH;SHMT2;PSPH;AGXT;CBS;GCAT;GLDC;GAMT;ALAS1;PHGDH;GRHPR;MAOA
SpivsNC	KEGG_2021_Human	GnRH secretion	-1.67153333986	0.0074294205052	0.0137505960176	SPP1;ITPR3;PLCB1;ITPR2;MAP2K2;ITPR1;GNAQ
SpivsNC	KEGG_2021_Human	GnRH signaling pathway	-1.71717159323	0.00135501355014	0.0102309855444	EGR1;JUN;SRC;ATF4;ITPR3;PLCB1;ITPR2;MAP2K2;EGFR;ITPR1;CAMK2D;GNAQ;PRKCD;ADCY9;HBEGF;PRKCA
SpivsNC	KEGG_2021_Human	Growth hormone synthesis, secretion and action	-1.60500555473	0	0.0219454481401	JUNB;ATF4;IRS1;ITPR3;SSTR5;CREBBP;STAT3;PLCB1;SOCS3;SHC1;EP300;BCAR1;ITPR2;MAP2K2;FOS;ITPR1;GNAQ;GSK3B;ADCY9;PRKCA;PTK2
SpivsNC	KEGG_2021_Human	Hematopoietic cell lineage	-1.6101610545	0.010447761194	0.0215161100881	CSF1;IL1R1;IL11;IL4R;CD55;THPO;CD24;CD9;IL7;CD7;IL6R;CD22
SpivsNC	KEGG_2021_Human	Hepatitis B	-1.76916172936	0	0.006309235289	JUN;MYC;SRC;TGFBR2;ATF4;CXCL8;CREBBP;STAT3;NFKBIA;IKBKG;CDKN1A;NFKB1;BAX;NFATC3;EP300;DDB1;MAP2K2;FOS;MYD88;IKBKE;YWHAB;TGFB1;IRF3;IRAK1;YWHAZ;PRKCA;FADD;E2F3;MAVS;GRB2;BRAF;MAP2K3;E2F2;DDX3X;CASP3;TAB2;EGR3;PIK3R1;MAP2K7;NFATC2;RELA;TRAF3;CDK2;BIRC5
SpivsNC	KEGG_2021_Human	Hepatitis C	-1.74198279318	0	0.00855974602095	CLDN1;MYC;STAT3;NFKBIA;IKBKG;SOCS3;CDKN1A;NFKB1;CDK4;TNFRSF1A;YWHAH;BAX;MAP2K2;YWHAG;CDK6;LDLR;EGFR;PPP2CA;CLDN11;PPP2R2A;MX2;OCLN;IKBKE;YWHAB;GSK3B;IRF3;PSME3;YWHAZ;FADD;CLDN2;CLDN4;E2F3;MAVS;GRB2;IRF9;BRAF;CLDN6;E2F2;IFNAR2;CASP3;OAS3;PIK3R1;RELA;TRAF3;CDK2
SpivsNC	KEGG_2021_Human	Hepatocellular carcinoma	-1.77389686899	0	0.0062081926179	NFE2L2;MYC;GADD45A;TXNRD1;AXIN2;BCL2L1;FZD5;TGFBR2;MET;HMOX1;CDKN1A;CDK4;CSNK1A1;SHC1;GSTA1;BAX;GSTA2;MAP2K2;SMARCC1;CDK6;GADD45B;EGFR;NQO1;TCF7;DVL1;KEAP1;GSK3B;TGFB1;WNT7B;ARID1A;TGFA;PRKCA;ARID1B;FRAT2;E2F3;GRB2;BRAF;SMARCB1;IGF1R;E2F2;FRAT1;SMARCA2;PIK3R1;LRP6;WNT6
SpivsNC	KEGG_2021_Human	Hippo signaling pathway	-1.77988032395	0	0.00614359076113	AJUBA;MYC;AXIN2;FZD5;TGFBR2;BMP4;AFP;PARD3;RASSF1;LATS2;DLG5;WWC1;PARD6B;YAP1;YWHAH;BBC3;YWHAG;TEAD1;TEAD2;PPP2CA;PPP2R2A;AREG;TCF7;DVL1;CCN2;YWHAB;GSK3B;TGFB1;WNT7B;ID2;YWHAZ;CDH1;PRKCZ;ID1;TP53BP2;TEAD4;BIRC2;WNT6;CTNNA1;LATS1;SMAD2;FBXW11;SMAD7;BIRC5;TCF7L2;PATJ;FZD9
SpivsNC	KEGG_2021_Human	Human T-cell leukemia virus 1 infection	-1.68485428353	0	0.0124995018273	EGR1;JUN;MYC;NRP1;BCL2L1;TGFBR2;ATF4;CALR;IL1R1;FOSL1;CREBBP;NFKBIA;PPP3R1;ICAM1;IKBKG;CDKN1A;NFKB1;CDK4;TNFRSF1A;BAX;NFATC3;EP300;CDC20;MAP2K2;FOS;CANX;MAD1L1;CDKN2B;RELB;NFKB2;LCK;PPP3CA;TGFB1;ADCY9;MAP3K14;TSPO;HLA-A;E2F3;LTBR;E2F2;KAT2B;PIK3R1;IL1R2;TLN1;NFATC2;MMP7;RELA;SMAD2;KAT5;CDK2;TLN2;ETS2;TRRAP;SLC2A1
SpivsNC	KEGG_2021_Human	Human cytomegalovirus infection	-1.72662071527	0	0.00961833163258	MYC;SRC;ATF4;CXCL8;CALR;IL1R1;EIF4EBP1;ITPR3;PDIA3;STAT3;NFKBIA;PPP3R1;PLCB1;IKBKG;CDKN1A;NFKB1;CDK4;TNFRSF1A;BAX;NFATC3;BCAR1;ITPR2;MAP2K2;CDK6;EGFR;ITPR1;GNAQ;RAC1;PPP3CA;GNG5;TAPBP;VEGFA;ROCK2;GSK3B;ADCY9;IRF3;PRKCA;FADD;PTK2;RHOA;GNB1;HLA-A;E2F3;IL6R;GRB2;GNG4;AKAP13;E2F2;CASP3;GNA11;TAP2;PIK3R1;CALM2;NFATC2;CRK;RELA
SpivsNC	KEGG_2021_Human	Human papillomavirus infection	-1.64353347866	0	0.0173016142977	SPP1;THBS1;RELN;JAG1;FN1;AXIN2;HES1;FZD5;EIF4EBP1;CREBBP;PARD3;PDGFRB;IKBKG;PPP2R5E;CDKN1A;NFKB1;PARD6B;CDK4;CSNK1A1;TNFRSF1A;BAX;MAGI1;EP300;MAP2K2;PPP2R5A;TADA3;ITGB1;LAMB1;CDK6;EGFR;PPP2CA;PPP2R2A;MX2;ITGA10;ATP6V1E1;TCF7;ATP6V1H;ATP6V0E2;IKBKE;DVL1;VEGFA;LAMC3;GSK3B;WNT7B;IRF1;IRF3;PRKCZ;FADD;PTK2;HLA-A;HDAC2;GRB2;CDKN1B;ATP6V0B;IRF9;CHD4
SpivsNC	KEGG_2021_Human	IL-17 signaling pathway	-1.69098177484	0.00434782608696	0.0121894106271	CEBPB;JUN;CXCL8;TNFAIP3;CCL20;FOSL1;TRAF4;HSP90B1;NFKBIA;IKBKG;NFKB1;FOS;JUND;MMP3;IKBKE;GSK3B;USP25;FADD
SpivsNC	KEGG_2021_Human	Inflammatory bowel disease	-1.62648388768	0.0166414523449	0.0193148705264	JUN;IL4R;STAT3;IFNGR1;IFNGR2;NFKB1;IL18;TGFB1
SpivsNC	KEGG_2021_Human	Influenza A	-1.50891861134	0.0116429495472	0.0442160332237	CXCL8;TNFRSF10B;CREBBP;NFKBIA;IFNGR1;IFNGR2;ICAM1;IKBKG;SOCS3;NFKB1;CDK4;CALCOCO2;TNFRSF1A;NFKBIB;BAX;EP300;MAP2K2;NXT1;IL18;CDK6;TNFRSF10A;MYD88;DNAJC3;MX2;NUP98;TMPRSS2;IKBKE;IRF3;PRKCA;FADD;RAE1;HNRNPUL1;DNAJB1;MAVS;IRF9
SpivsNC	KEGG_2021_Human	Insulin resistance	-1.5981914584	0.00136425648022	0.0223250164574	TRIB3;PCK2;IRS1;GFPT1;STAT3;RPS6KA3;NFKBIA;SOCS3;NFKB1;SLC2A2;PTPN1;TNFRSF1A;NOS3;PDPK1;PYGB;MLX;GSK3B;PRKCD;SREBF1;PRKCE;PRKAB1;PRKCZ;NR1H2;CPT1A;ACACB
SpivsNC	KEGG_2021_Human	JAK-STAT signaling pathway	-1.89577031903	0	0.00226273105647	MYC;PIM1;MCL1;BCL2L1;SOCS6;IL11;LIF;IL6ST;CREBBP;IL4R;PDGFRB;STAT3;IFNGR1;IFNGR2;SOCS3;CDKN1A;EP300;SOCS4;OSMR;THPO;EGFR
SpivsNC	KEGG_2021_Human	Kaposi sarcoma-associated herpesvirus infection	-1.82806269563	0	0.00376697315343	JUN;MYC;SRC;CXCL8;HIF1A;IL6ST;ITPR3;CREBBP;STAT3;NFKBIA;PPP3R1;IFNGR1;ICAM1;IKBKG;CDKN1A;NFKB1;CDK4;TNFRSF1A;BAX;NFATC3;EP300;ITPR2;MAP2K2;FOS;CDK6;ITPR1;BECN1;TCF7;RAC1;PPP3CA;RPS27A;GNG5;IKBKE;VEGFA;GSK3B;GABARAP;RCAN1;IRF3;UBA52;C3;FADD;GNB1;HLA-A;E2F3;IRF9;GNG4;ATG3;MAPKAPK2;LYN;E2F2;IFNAR2;CASP3;PIK3R1;CALM2;MAP2K7;NFATC2;RELA;TRAF3
SpivsNC	KEGG_2021_Human	Leishmaniasis	-1.70689512884	0	0.0108931339833	JUN;EEF1A1;NFKBIA;IFNGR1;IFNGR2;NFKB1;NFKBIB;FOS;ITGB1;MYD88;TGFB1;IRAK1;C3
SpivsNC	KEGG_2021_Human	Lipid and atherosclerosis	-1.82542872159	0	0.00385492108036	JUN;XBP1;NFE2L2;APOB;SRC;BCL2L1;DDIT3;ATF4;CXCL8;ERN1;HSPA5;VLDLR;TNFRSF10B;STAT3;HSP90B1;NFKBIA;PPP3R1;PLCB1;ICAM1;IKBKG;NFKB1;TNFRSF1A;BAX;NFATC3;FOS;NOS3;PDPK1;IL18;TNFRSF10A;LDLR;ITPR1;MYD88;CAMK2D;MMP3;RAC1;PPP3CA;IKBKE;ROCK2;GSK3B;IRF3;IRAK1;PPARG;PRKCA;PTK2;HSPA4;RHOA;RAP1B;HSP90AB1;LYN;MAP2K3;CASP3;TAB2;PIK3R1;CALM2;MAP2K7;NFATC2;RELA;NCF2;CASP7;TRAF3
SpivsNC	KEGG_2021_Human	Long-term potentiation	-1.69687964135	0.00716332378223	0.0119585298534	ATF4;ITPR3;CREBBP;RPS6KA3;PPP3R1;PLCB1;EP300;ITPR2;MAP2K2;GRIN2D;ITPR1;CAMK2D;GNAQ;PPP3CA;PRKCA;RAP1B;BRAF;RPS6KA2
SpivsNC	KEGG_2021_Human	Lysosome	1.96338172173	0	0.00609405946396	AP1G2;NEU1;ABCA2;TCIRG1;GM2A;GGA3;GNS;CTSZ;CD164;ENTPD4;IDS;ABCB9;SMPD1;NAGA;GGA2;CTSV;SGSH;CLN5;FUCA1;HYAL2;CTSL;HGSNAT;SCARB2;CLTCL1;GNPTAB;NPC2;MFSD8;ARSB;SORT1;ATP6AP1;AP3M2;LIPA;CTSK
SpivsNC	KEGG_2021_Human	MAPK signaling pathway	-1.77622463165	0	0.00611743987313	JUN;EPHA2;MYC;GADD45A;DUSP1;DUSP6;TGFBR2;DDIT3;ATF4;DUSP16;CSF1;IL1R1;MET;PDGFRB;RPS6KA3;PPP3R1;IKBKG;FGFR4;NFKB1;HSPB1;TNFRSF1A;NFATC3;DUSP8;DUSP5;RAPGEF2;MAP2K2;NGFR;FLNB;FOS;GADD45B;JUND;EGFR;RELB;MYD88;DUSP3;NFKB2;AREG;TAOK3;MAX;RAC1;MAP4K4;PPP3CA;VEGFA;TGFB1;EREG;TGFA;IRAK1;RASGRF2;PRKCA;ECSIT;MAP3K14;STK4;MAP3K8;RAP1B;GRB2;RRAS2;BRAF;MAPKAPK2;IGF1R;MAP2K3;RPS6KA2;FGF21;DUSP10;CASP3;PAK2;TAB2;MAP2K7;PDGFC;EFNA2;CRK;RELA;CACNB4
SpivsNC	KEGG_2021_Human	Malaria	-1.82208165833	0	0.00378362515853	THBS1;CXCL8;MET;ICAM1;IL18;MYD88;TGFB1
SpivsNC	KEGG_2021_Human	Maturity onset diabetes of the young	-1.51294189274	0.042345276873	0.0429095452339	HES1;FOXA3;HNF1A;BHLHA15;SLC2A2;HNF4G;MNX1;FOXA2
SpivsNC	KEGG_2021_Human	Measles	-1.49177748114	0.0140127388535	0.0498921584767	JUN;BCL2L1;TNFAIP3;STAT3;NFKBIA;IKBKG;NFKB1;CDK4;NFKBIB;BAX;FOS;BBC3;CDK6;MYD88;RACK1;MX2;CSNK2A2;IKBKE;GSK3B;IRF3;IRAK1;FADD;MAVS;CDKN1B;IRF9;IFNAR2;CASP3;OAS3;TAB2;PIK3R1;EIF3H;RCHY1;RELA;TRAF3;CDK2
SpivsNC	KEGG_2021_Human	Melanoma	-1.66712815205	0	0.0142228809264	GADD45A;MET;PDGFRB;CDKN1A;CDK4;BAX;MAP2K2;CDK6;GADD45B;EGFR;CDH1;E2F3;BRAF;IGF1R;E2F2;FGF21;PIK3R1;PDGFC;FGF19
SpivsNC	KEGG_2021_Human	MicroRNAs in cancer	-1.78071071046	0	0.00621941308802	THBS1;SLC7A1;MYC;DDIT4;PIM1;MCL1;IRS1;MET;HMOX1;CYP24A1;CREBBP;FOXP1;PDGFRB;RPTOR;STAT3;SOX4;ABL1;RASSF1;CDKN1A;NFKB1;SHC1;EP300;ABCB1;MAP2K2;CDK6;EGFR;DNMT3A;BCL2L2;VEGFA;SIRT1;PRKCE;PRKCA;HDAC4;RHOA;HDAC2;E2F3;GRB2;IGF2BP1;CDKN1B;HNRNPK;E2F2;CASP3;BMF;PIK3R1;CDC25A;MARCKS;EFNA2;CRK;UBE2I
SpivsNC	KEGG_2021_Human	Mismatch repair	1.61809328339	0.0177664974619	0.0394811715699	MLH3;RFC5;MSH6;RPA1;POLD3;PCNA
SpivsNC	KEGG_2021_Human	Mitophagy	-1.66377391467	0.00142045454545	0.0144709544309	JUN;SQSTM1;SRC;BCL2L1;ATF4;HIF1A;TFE3;TFEB;FOXO3;CALCOCO2;AMBRA1;BECN1;PGAM5;CSNK2A2;RPS27A;RAB7A;GABARAP;FIS1;ULK1;UBA52;BCL2L13;RRAS2;ATG5
SpivsNC	KEGG_2021_Human	NF-kappa B signaling pathway	-1.63302870079	0.00422535211268	0.0187745679802	GADD45A;BCL2L1;CXCL8;TNFAIP3;IL1R1;NFKBIA;ICAM1;IKBKG;ERC1;NFKB1;TNFRSF1A;GADD45B;RELB;MYD88;NFKB2;CYLD;LCK;CSNK2A2;EDA;IRAK1;MAP3K14;LTBR;LYN;BIRC2;TAB2;RELA;UBE2I;TRAF3
SpivsNC	KEGG_2021_Human	NOD-like receptor signaling pathway	-1.61631032645	0.0012836970475	0.0212111720547	JUN;BCL2L1;CXCL8;TNFAIP3;TRPV2;ITPR3;NFKBIA;PLCB1;RIPK2;IKBKG;NFKB1;CARD9;NFKBIB;TXNIP;ITPR2;IL18;ITPR1;MYD88;ERBIN;TXN;IKBKE;PRKCD;GABARAP;IRF3;FADD;ANTXR2;RHOA;MAVS;IRF9;ATG5;HSP90AB1;PKN1;CASP4;IFNAR2;OAS3;BIRC2;TAB2;MCU;TXN2;RELA;TRAF3
SpivsNC	KEGG_2021_Human	Neurotrophin signaling pathway	-1.84675961255	0	0.00307331306603	JUN;SH2B3;ATF4;IRS1;MAGED1;RPS6KA3;NFKBIA;ABL1;RIPK2;NFKB1;SHC1;FOXO3;NFKBIB;BAX;MAP2K2;NGFR;PDPK1;IRAK2;CAMK2D;RAC1;GSK3B;PRKCD;IRAK1;RHOA;RAP1B;GRB2;BRAF;MAPKAPK2;ZNF274;RPS6KA2;PTPN11;NFKBIE;PIK3R1;CALM2;MAP2K7;CRK;RELA
SpivsNC	KEGG_2021_Human	Non-small cell lung cancer	-1.67757676734	0.00143061516452	0.0129659054516	GADD45A;MET;EML4;STAT3;RASSF1;CDKN1A;CDK4;FOXO3;BAX;MAP2K2;PDPK1;CDK6;GADD45B;EGFR;TGFA;FHIT;PRKCA;STK4;E2F3;GRB2;BRAF;E2F2
SpivsNC	KEGG_2021_Human	One carbon pool by folate	-1.73585843522	0.00477707006369	0.0090364485374	MTHFD2;SHMT2;MTHFD1L;GART;ALDH1L2;ATIC;ALDH1L1
SpivsNC	KEGG_2021_Human	Osteoclast differentiation	-2.05768893263	0	0.000404716123922	JUN;SQSTM1;JUNB;TGFBR2;CSF1;IL1R1;FOSL1;NFKBIA;PPP3R1;IFNGR1;IFNGR2;IKBKG;SOCS3;NFKB1;TNFRSF1A;FOS;JUND;RELB;NFKB2;CYLD;LCK;RAC1;PPP3CA;TGFB1;PPARG;MAP3K14;GRB2;IRF9;IFNAR2;TAB2;PIK3R1;MAP2K7;NFATC2;RELA;NCF2
SpivsNC	KEGG_2021_Human	Other glycan degradation	1.92373329656	0	0.0070316070738	ENGASE;NEU1;GBA2;MAN2C1;HEXD;FUCA1
SpivsNC	KEGG_2021_Human	PD-L1 expression and PD-1 checkpoint pathway in cancer	-1.72010889411	0.00278164116829	0.0101730916604	JUN;HIF1A;EML4;STAT3;NFKBIA;PPP3R1;IFNGR1;IFNGR2;IKBKG;NFKB1;NFKBIB;NFATC3;MAP2K2;FOS;EGFR;MYD88;LCK;PPP3CA;CSNK2A2
SpivsNC	KEGG_2021_Human	PI3K-Akt signaling pathway	-2.02862833318	0	0.000809432247844	SPP1;THBS1;RELN;EPHA2;MYC;DDIT4;PCK2;FN1;MCL1;BCL2L1;ATF4;IRS1;CSF1;EIF4EBP1;MET;IL4R;PDGFRB;RPTOR;HSP90B1;SGK1;IKBKG;FGFR4;PPP2R5E;CDKN1A;NFKB1;CDK4;FOXO3;YWHAH;MAGI1;MAP2K2;NGFR;PPP2R5A;MAGI2;YWHAG;NOS3;PDPK1;OSMR;PHLPP2;ITGB1;LAMB1;CDC37;SGK2;CDK6;EGFR;EIF4B;PPP2CA;PPP2R2A;AREG;ITGA10;RAC1;GNG5;VEGFA;LAMC3;YWHAB;GSK3B;EREG;TGFA;YWHAZ;RPS6;PRKCA;PTK2;IL7;GNB1;IL6R;GRB2;PIK3AP1;CDKN1B;GNG4;PHLPP1;HSP90AB1;PKN1;LPAR6;IGF1R;ITGB5;IFNAR2;FGF21
SpivsNC	KEGG_2021_Human	Pancreatic cancer	-1.60703148001	0.00560224089636	0.021671403013	GADD45A;BCL2L1;TGFBR2;STAT3;IKBKG;CDKN1A;NFKB1;CDK4;BAX;CDK6;GADD45B;EGFR;RAC1;VEGFA;TGFB1;TGFA;RAD51;RALA;E2F3;BRAF;E2F2;PIK3R1;RELA;SMAD2;BRCA2
SpivsNC	KEGG_2021_Human	Pancreatic secretion	-1.66066810489	0.0058651026393	0.0146525633047	ATP1B1;PLA2G2A;ITPR3;ATP1A1;ATP2A2;PLCB1;ITPR2;ATP2B1;SLC4A2;ITPR1;GNAQ;RAC1;ADCY9;CPB2;PRKCA;RHOA;RAP1B
SpivsNC	KEGG_2021_Human	Pantothenate and CoA biosynthesis	-1.78085314214	0.00336134453782	0.00632368943628	BCAT1;ENPP1;DPYD;COASY;ALDH1B1;PPCDC;ALDH3A2
SpivsNC	KEGG_2021_Human	Parathyroid hormone synthesis, secretion and action	-1.71995942772	0.00141043723554	0.0100212544714	EGR1;ATF4;PDE4D;ITPR3;CYP24A1;PLCB1;CDKN1A;ITPR2;FOS;JUND;EGFR;ITPR1;GNAQ;ADCY9;HBEGF;PRKCA;MEF2D;RHOA;AKAP13;BRAF
SpivsNC	KEGG_2021_Human	Parkinson disease	-1.56012385765	0.00117647058824	0.0295409322849	XBP1;NFE2L2;DUSP1;BCL2L1;DDIT3;ATF4;ERN1;HSPA5;ITPR3;TUBB2A;TRAP1;PPIF;ATP5F1B;BAX;ITPR2;PSMB4;TUBB2B;ITPR1;NDUFC2;PSMC3;PSMD14;UBE2G1;CAMK2D;PSMB3;TUBA1A;ATP5F1A;TXN;PSMA6;PSMD8;RPS27A;PSMD4;PSMD7;ADRM1;MAOA;PSMD12;UBA52;PSMB7;PSMC4;PSMB2;NDUFV2;NDUFS2;PSMD11;PSMA7;UBE2J1;UQCRQ;UQCR11;PSMC5;TUBB6;PSMC2;CASP3;PSMA5;NDUFS8;COX4I1;TUBA1C;UQCR10;MCU;CALM2;TXN2;TUBA4A;PSMD2;PSMD13;ATP5F1E;GNAL
SpivsNC	KEGG_2021_Human	Pathogenic Escherichia coli infection	-1.98726171701	0	0.00111296934079	CLDN1;JUN;MYO10;SRC;CXCL8;IL1R1;ARF6;ARHGEF2;TNFRSF10B;TUBB2A;BAIAP2L1;NFKBIA;MYO1C;ABL1;ARPC5L;IKBKG;NFKB1;TNFRSF1A;MYH9;NFKBIB;BAX;FOS;ITGB1;IL18;TNFRSF10A;TJP1;TUBB2B;MYD88;CLDN11;WASF2;TUBA1A;MYO5B;ACTR3;RAC1;OCLN;RAB1A;ARPC2;ROCK2;IRAK1;NCK2;NCK1;FADD;CLDN2;ARPC1B;RHOA;RPS3;CLDN4;ARF1;ARPC4;MYO1G;ACTR3B;TMED10;CLDN6;TUBB6;CASP4;CASP3;PTPN11;PAK2;TUBA1C;TAB2;WASL;MYO1B;TUBA4A;RELA;CASP7;MYH11;WASF1;MYH14;WIPF2;MYO5A;MYO1A;NCL;ARHGEF12;ABCF2
SpivsNC	KEGG_2021_Human	Pathways in cancer	-1.83764883518	0	0.00321585244414	JUN;NFE2L2;MYC;JAG1;GADD45A;FN1;TXNRD1;PIM1;AXIN2;HES1;BCL2L1;FZD5;TGFBR2;CXCL8;HIF1A;MET;BMP4;IL6ST;HMOX1;TRAF4;CREBBP;PMAIP1;EML4;IL4R;PDGFRB;STAT3;HSP90B1;RUNX1;NFKBIA;IFNGR1;PLCB1;IFNGR2;ABL1;RASSF1;EGLN2;IKBKG;FGFR4;RARA;CDKN1A;NFKB1;CDK4;GSTA1;BAX;GSTA2;EP300;MAP2K2;FOS;BBC3;ITGB1;LAMB1;CDK6;CDKN2B;GADD45B;EGFR;NQO1;TFG;NFKB2;CBL;CAMK2D;GNAQ;DAPK1;EDN1;MAX;TCF7;RAC1;GNG5;DVL1;VEGFA;KEAP1;LAMC3;TPM3;ROCK2;NCOA1;GSK3B;VHL;TGFB1;WNT7B;NCOA3;ADCY9;TGFA;PPARG;RAD51;ELOB;PRKCA;CDH1;RALA;FRAT2;FADD;CTBP1;PTK2;RHOA;IL7;STK4;GNB1;HDAC2;E2F3;IL6R;GRB2;CDKN1B;GNG4;BRAF;EPAS1;HSP90AB1;BCR;LPAR6;IGF1R;E2F2;SHH;IFNAR2;FGF21;FRAT1;CASP3;BIRC2;GNA11;ZBTB17;PIK3R1;LRP6;WNT6;CALM2;CTNNA1;COL4A4;CRK;RELA;SMAD2;CASP7;BRCA2;TRAF3;CDK2;BIRC5;FGF19;LAMA1;LAMB3;TCF7L2;SLC2A1
SpivsNC	KEGG_2021_Human	Pathways of neurodegeneration	-1.60141853337	0	0.0221777009925	XBP1;DKK1;SQSTM1;AXIN2;BCL2L1;FZD5;DDIT3;ATF4;CSF1;ERN1;ATXN1;HSPA5;ITPR3;TUBB2A;GPX2;ATP2A2;PPP3R1;TRAP1;PLCB1;PPIF;WIPI1;ATP5F1B;NFKB1;CSNK1A1;TNFRSF1A;ATG13;DCTN2;BAX;ATG101;ITPR2;MAP2K2;TOMM40L;GRIN2D;AMBRA1;PRNP;PSMB4;TUBB2B;ITPR1;NDUFC2;PSMC3;PSMD14;UBE2G1;CAMK2D;GNAQ;PSMB3;CAPN1;TUBA1A;BECN1;ATP5F1A;PSMA6;PSMD8;RAC1;RAB1A;PPP3CA;CSNK2A2;RPS27A;DVL1;PSMD4;PSMD7;GSK3B;WNT7B;GABARAP;ADRM1;SMCR8;ULK1;NRBF2;PSMD12;ATXN2L;UBA52;PSMB7;PSMC4;PRKCA;PSMB2;NDUFV2;FRAT2;FADD;NDUFS2;VAPB;PSMD11;PSMA7;VCP;APP;BRAF;TOMM40;UBE2J1;UQCRQ;UQCR11;PSMC5;DCTN5;TUBB6;MAP2K3;PSMC2;FRAT1;CASP3;PSMA5;NDUFS8;COX4I1;TUBA1C;UQCR10;HIP1;MCU;LRP6;WNT6;CALM2;TUBA4A;MAP2K7;PSMD2;PSMD13;ATP5F1E;RELA
SpivsNC	KEGG_2021_Human	Pentose phosphate pathway	1.65814250287	0.0136612021858	0.0398457734182	G6PD;ALDOC;H6PD;PFKL;GLYCTK;PGD;ALDOA;PGM2;RBKS;PGM1;RPE;DERA
SpivsNC	KEGG_2021_Human	Pertussis	-2.02265357327	0	0.000728489023059	JUN;C4B;CXCL8;C4A;C4BPA;C2;C1S;C5;NFKB1;FOS;ITGB1;MYD88;IRF1;IRF3;IRAK1;C3;C1R;RHOA;CASP3;C4BPB;SERPING1;CALM2;RELA;CASP7
SpivsNC	KEGG_2021_Human	Prolactin signaling pathway	-1.5826919814	0.0127840909091	0.0251064767657	SRC;SOCS6;STAT3;SOCS3;NFKB1;SLC2A2;SHC1;FOXO3;MAP2K2;FOS;SOCS4;GSK3B;IRF1;GRB2;SOCS7;ELF5;PIK3R1;RELA
SpivsNC	KEGG_2021_Human	Prostate cancer	-1.68090020484	0.00137741046832	0.0128945630875	ATF4;CREBBP;PDGFRB;HSP90B1;NFKBIA;IKBKG;CDKN1A;NFKB1;EP300;MAP2K2;PDPK1;EGFR;ETV5;TCF7;MMP3;TMPRSS2;GSK3B;TGFA;E2F3;GRB2;CDKN1B;BRAF;HSP90AB1;IGF1R;E2F2;PIK3R1;IL1R2;PDGFC;RELA;CDK2;TCF7L2
SpivsNC	KEGG_2021_Human	Proteasome	-1.81728799137	0	0.00400117077059	PSMB4;PSMC3;PSMD14;PSMB3;PSMA6;PSMD8;PSMD4;PSMD7;ADRM1;PSME4;PSME3;PSMD12;PSMB7;PSMC4;PSMB2;PSME1;PSMD11;PSMA7;PSMC5;PSMC2;PSMA5;PSMD2;PSMD13;PSMB1
SpivsNC	KEGG_2021_Human	Protein export	-1.67775282689	0.0181818181818	0.0131279792697	SEC11C;HSPA5;SEC61A1;SEC63;SRPRB;SEC61G;IMMP2L;SRPRA;SPCS2;SEC61B;SRP19;IMMP1L
SpivsNC	KEGG_2021_Human	Protein processing in endoplasmic reticulum	-2.03321549675	0	0.000910611278824	PPP1R15A;XBP1;NFE2L2;HERPUD1;DDIT3;ATF4;CALR;HYOU1;ERN1;HSPA5;STT3A;UGGT1;RPN1;PDIA4;PDIA3;SEC61A1;UBE2D2;SSR3;PREB;UBE2D3;HSP90B1;ERP29;DNAJA2;PDIA6;P4HB;SEC63;RAD23B;BAX;DDOST;SEC23B;TXNDC5;CANX;CKAP4;STT3B;RPN2;BAG2;SSR4;NPLOC4;SEC13;UBE2G1;FBXO2;DNAJC3;CAPN1;DNAJC10;UBQLN1;SIL1;SEC61G;MOGS;DNAJB12;STUB1;UBXN2A;DNAJB11;SSR2;DNAJB1;CRYAA;VCP;UBE2J1;UBXN1;HSP90AB1;LMAN2;SEC61B;ERLEC1;SEL1L;RAD23A;UBXN8
SpivsNC	KEGG_2021_Human	Proteoglycans in cancer	-1.64746121019	0	0.0165577816413	THBS1;MYC;FN1;SRC;FZD5;GPC3;HIF1A;MET;ITPR3;CD63;STAT3;SDC4;CDKN1A;ITPR2;MAP2K2;FLNB;PDPK1;ITGB1;EGFR;ITPR1;EIF4B;CBL;CAMK2D;RAC1;VEGFA;ROCK2;TGFB1;WNT7B;HBEGF;RPS6;NUDT16L1;PRKCA;PTK2;RHOA;GRB2;RRAS2;BRAF;IGF1R;ITGB5;SHH;CASP3;PTPN11;TWIST2;PIK3R1;WNT6;TFAP4;SMAD2;ANK2
SpivsNC	KEGG_2021_Human	Proximal tubule bicarbonate reclamation	-1.63553998563	0.0112179487179	0.0184576385452	PCK2;ATP1B1;GLUD1;ATP1A1
SpivsNC	KEGG_2021_Human	Rap1 signaling pathway	-1.65349277357	0	0.0156220423834	THBS1;EPHA2;SRC;CSF1;MET;DOCK4;PARD3;PDGFRB;SIPA1L1;VASP;PLCB1;FGFR4;PFN1;PARD6B;MAGI1;BCAR1;RAPGEF2;MAP2K2;NGFR;MAGI2;ITGB1;EGFR;RGS14;GNAQ;SIPA1;RAC1;RAPGEF5;VEGFA;ADCY9;PRKCA;CDH1;PRKCZ;RALA;RHOA;RAP1B;BRAF;ID1;IGF1R;MAP2K3;FGF21;PIK3R1;CALM2;TLN1;PDGFC;EFNA2;CRK;TLN2;FGF19
SpivsNC	KEGG_2021_Human	Relaxin signaling pathway	-1.64049230874	0.00400534045394	0.017690011223	JUN;SRC;TGFBR2;ATF4;NFKBIA;PLCB1;NFKB1;SHC1;MAP2K2;FOS;NOS3;EGFR;EDN1;GNG5;VEGFA;TGFB1;ADCY9;PRKCA;PRKCZ;GNB1;GRB2;GNG4;PIK3R1;MAP2K7;COL4A4;RELA;SMAD2
SpivsNC	KEGG_2021_Human	Renal cell carcinoma	-1.71211934081	0.0014064697609	0.0105930046348	JUN;HIF1A;MET;CREBBP;TFE3;EGLN2;CDKN1A;EP300;MAP2K2;RAC1;VEGFA;VHL;TGFB1;TGFA;ELOB;RAP1B;GRB2;BRAF;EPAS1;PTPN11;PAK2;PIK3R1;CRK
SpivsNC	KEGG_2021_Human	Rheumatoid arthritis	-1.72913846199	0	0.00955900940311	JUN;CXCL8;CSF1;CCL20;IL11;ICAM1;FOS;IL18;ATP6V1E1;MMP3;ATP6V1H;ATP6V0E2;VEGFA;TGFB1
SpivsNC	KEGG_2021_Human	Ribosome	-2.16718971635	0	0	RPS12;RPLP0;RPLP2;RPL22L1;RSL24D1;RPL28;RPL34;RPS5;RPS23;RPS21;FAU;RPS11;MRPL15;RPL10;RPS14;RPL19;MRPL30;RPL27A;RPS29;RPS20;MRPS16;RPL37;MRPL12;MRPL1;RPS16;RPS4Y1;RPS27A;RPL39;RPL8;RPS9;RPL23;RPL30;RPL36A-HNRNPH2;RPL13A;RPS6;UBA52;RPL18A;RPLP1;RPS3A;MRPS11;RPL10A;RPS3;RPL6;MRPL23;MRPL2;RPS13;RPL7A;RPS7;RPL38;RPL9;MRPL11;RPSA;MRPS12;MRPL4;RPL41;RPL37A;RPS18;RPS2;RPS27;RPS4X;RPL3;RPL11;RPL32;MRPL27;MRPL21;MRPS7;RPS24;RPS8;RPL23A;RPS28;RPL12;RPS19;RPL35A;RPS17;MRPS17;MRPS2;MRPL13;RPL17-C18ORF32;MRPS21;RPS15A
SpivsNC	KEGG_2021_Human	Ribosome biogenesis in eukaryotes	-1.71127376171	0.00138504155125	0.0104763659507	RCL1;RRP7A;WDR43;UTP4;DKC1;IMP4;SNU13;EIF6;SBDS;NXT1;NOP58;GAR1;EMG1;FBL;CSNK2A2;GNL3L;NOP10;UTP15;MDN1;UTP6;GTPBP4;POP1;PWP2;REXO2;TCOF1;NOL6;HEATR1
SpivsNC	KEGG_2021_Human	Salmonella infection	-1.62778802067	0	0.0192511360389	RHOB;JUN;MYC;CXCL8;ARF6;TNFRSF10B;KPNA4;TUBB2A;HSP90B1;NFKBIA;RIPK2;ARPC5L;IKBKG;NFKB1;PFN1;TNFRSF1A;DCTN2;BAX;DYNC1H1;DYNC1LI1;MAP2K2;FLNB;FOS;IL18;TNFRSF10A;TUBB2B;MYD88;TUBA1A;RAB5C;TXN;ACTR3;TCF7;EXOC4;RAC1;ARPC2;RAB7A;ROCK2;MYL12B;PIK3C2B;DYNLL2;IRAK1;PLEKHM1;RALA;FADD;VPS33A;ARPC1B;RHOA;RPS3;ARF1;ARPC4;ELMO1;ACTR3B;HSP90AB1;PKN1;DCTN5;TUBB6;MAP2K3;CASP4;CASP3;BIRC2;TUBA1C;ARL8B;TAB2;WASL;ARHGEF26;TXN2;TUBA4A;MAP2K7
SpivsNC	KEGG_2021_Human	Selenocompound metabolism	-1.57389432219	0.0252951096121	0.026425582209	TXNRD1;CTH;MARS1;MARS2;PAPSS1;SCLY
SpivsNC	KEGG_2021_Human	Shigellosis	-1.76233324609	0	0.00678248400779	JUN;SQSTM1;SRC;BCL2L1;CXCL8;IL1R1;ARF6;ARHGEF2;PLCD3;ITPR3;UBE2D2;UBE2D3;RPTOR;NFKBIA;DOCK1;PLCB1;RIPK2;ARPC5L;WIPI1;IKBKG;NFKB1;PFN1;FOXO3;CALCOCO2;TNFRSF1A;NFKBIB;BAX;BCAR1;ITPR2;RRAGC;ITGB1;IL18;EGFR;ITPR1;MYD88;WASF2;CAPN1;BECN1;ACTR3;AKT1S1;RAC1;RPS27A;ARPC2;ROCK2;GSK3B;PRKCD;GABARAP;MYL12B;IRF3;PRKCE;UBA52;C3;PTK2;ARPC1B;RHOA;ARF1;SEPTIN6;ARPC4;CAPNS1;ATG5;ELMO1;SEPTIN9;ACTR3B;CAST;CASP4;TAB2;H3-3B;WASL;PIK3R1;TLN1;CRK;RELA;WASF1;FBXW11;TLN2
SpivsNC	KEGG_2021_Human	Signaling pathways regulating pluripotency of stem cells	-1.58713863591	0.00262467191601	0.0246298669701	INHBE;MYC;AXIN2;FZD5;ZFHX3;BMP4;LIF;IL6ST;STAT3;FGFR4;MAP2K2;TBX3;PCGF1;TCF7;ACVR2A;DVL1;GSK3B;WNT7B;ID2;ACVR1;INHBB;GRB2;ID1;IGF1R;KAT6A;PIK3R1;WNT6;ACVR1B;SMAD2;SKIL;FZD9;INHBC
SpivsNC	KEGG_2021_Human	Small cell lung cancer	-1.80544467313	0	0.00442489628821	MYC;GADD45A;FN1;BCL2L1;TRAF4;NFKBIA;IKBKG;CDKN1A;NFKB1;CDK4;BAX;ITGB1;LAMB1;CDK6;CDKN2B;GADD45B;MAX;LAMC3;FHIT;PTK2;E2F3;CDKN1B;E2F2;CASP3;BIRC2;ZBTB17;PIK3R1;COL4A4;RELA;TRAF3;CDK2;LAMA1;LAMB3
SpivsNC	KEGG_2021_Human	Sphingolipid signaling pathway	-1.57701560158	0.00676589986468	0.0257955082035	CERS2;PLCB1;SPTLC3;PPP2R5E;NFKB1;TNFRSF1A;BAX;MAP2K2;PPP2R5A;SGMS1;NOS3;PDPK1;PPP2CA;PPP2R2A;GNAQ;CERS6;RAC1;ROCK2;SPHK1;CTSD;ASAH2;PRKCE;PRKCA;SGPL1;PRKCZ;RHOA;SGPP2;SGMS2;SGPP1
SpivsNC	KEGG_2021_Human	Spinocerebellar ataxia	-1.88966184114	0	0.00232711771255	RELN;XBP1;ERN1;ATXN1;VLDLR;ITPR3;ATP2A2;PLCB1;PPIF;WIPI1;ATG13;ATG101;ITPR2;GRIN2D;AMBRA1;PSMB4;ITPR1;PSMC3;PSMD14;GNAQ;PSMB3;BECN1;PSMA6;PSMD8;PSMD4;PSMD7;ADRM1;ULK1;TWNK;NRBF2;PSMD12;ATXN2L;PSMB7;PSMC4;PRKCA;PSMB2;NFYA;PSMD11;PUM1;PSMA7;PSMC5;PSMC2;PSMA5;PIK3R1;MCU;PSMD2;PSMD13;KAT5;PSMB1
SpivsNC	KEGG_2021_Human	Spliceosome	1.68066453981	0	0.0378769234375	FUS;HSPA1B;SRSF4;ACIN1;NCBP2;SNRPA1;HSPA1A;HSPA8;PRPF38A;SF3B1;PRPF40B;PRPF3;SRSF1;THOC1;CRNKL1;TCERG1;PRPF40A;U2SURP;SRSF5;DDX42;DHX38;SNRPD3;DDX23;SNRNP27;ISY1-RAB43;THOC2;SYF2;XAB2;CWC15;RBM8A;TRA2A;SRSF10;CHERP;ALYREF;LSM3;RBM25
SpivsNC	KEGG_2021_Human	Staphylococcus aureus infection	-2.18291194162	0	0	C4B;KRT18;C4A;KRT23;CFI;KRT19;C5AR1;C2;FGG;C1S;C5;ICAM1;MBL2;CFB;KRT10;C3;C1R
SpivsNC	KEGG_2021_Human	Steroid biosynthesis	1.92038593177	0	0.00515651185412	FDFT1;DHCR7;MSMO1;SC5D;SQLE;TM7SF2;LSS;NSDHL;CYP51A1;LIPA;EBP;CYP2R1
SpivsNC	KEGG_2021_Human	T cell receptor signaling pathway	-1.61544246792	0.00439238653001	0.0211814795154	JUN;NFKBIA;PPP3R1;IKBKG;NFKB1;CDK4;NFKBIB;NFATC3;MAP2K2;FOS;PDPK1;LCK;PPP3CA;GSK3B;NCK2;NCK1;MAP3K14;RHOA;MAP3K8;GRB2;PAK2;NFKBIE;PIK3R1;MAP2K7;NFATC2;RELA
SpivsNC	KEGG_2021_Human	TGF-beta signaling pathway	-1.91280170941	0	0.00204488146824	INHBE;THBS1;MYC;TGFBR2;BMP4;SMURF1;CREBBP;FST;BAMBI;HAMP;TGIF1;EP300;TGIF2;CDKN2B;PPP2CA;ACVR2A;TGFB1;E2F4;ID2;ACVR1;INHBB;RHOA
SpivsNC	KEGG_2021_Human	TNF signaling pathway	-2.13462438288	0	0	CEBPB;JUN;JAG1;JUNB;ATF4;TNFAIP3;CSF1;CCL20;LIF;NFKBIA;BCL3;ICAM1;IKBKG;SOCS3;NFKB1;TNFRSF1A;FOS;PGAM5;EDN1;MMP3;IRF1;FADD;MAP3K14;MAP3K8;DAB2IP;MAP2K3;CASP3;BIRC2;TAB2;PIK3R1;MAP2K7;RELA;CASP7;TRAF3
SpivsNC	KEGG_2021_Human	Terpenoid backbone biosynthesis	1.86716997438	0.00285714285714	0.0070316070738	FDPS;MVD;IDI1;HMGCR;PCYOX1;ACAT2;HMGCS1;MVK
SpivsNC	KEGG_2021_Human	Th1 and Th2 cell differentiation	-1.70297586163	0.00420168067227	0.0112308724388	JUN;JAG1;IL4R;NFKBIA;PPP3R1;IFNGR1;IFNGR2;IKBKG;NFKB1;NFKBIB;NFATC3;FOS;LCK;PPP3CA
SpivsNC	KEGG_2021_Human	Th17 cell differentiation	-1.82500986228	0	0.00382012536482	JUN;TGFBR2;HIF1A;IL1R1;AHR;IL6ST;IL4R;STAT3;RUNX1;NFKBIA;PPP3R1;IFNGR1;IFNGR2;IKBKG;RARA;NFKB1;NFKBIB;NFATC3;FOS;LCK;PPP3CA;TGFB1
SpivsNC	KEGG_2021_Human	Thyroid cancer	-1.69598931468	0.00947867298578	0.0117529562387	MYC;GADD45A;CDKN1A;BAX;MAP2K2;GADD45B;TFG;TCF7;TPM3;PPARG;CDH1;BRAF
SpivsNC	KEGG_2021_Human	Thyroid hormone synthesis	-1.904464727	0	0.00242829674353	ATF4;ATP1B1;HSPA5;ASGR2;ITPR3;SERPINA7;PDIA4;GPX2;ATP1A1;HSP90B1;PLCB1;GSR;ITPR2;CANX;ITPR1;GNAQ;ADCY9;PRKCA
SpivsNC	KEGG_2021_Human	Tight junction	-1.82246626779	0	0.00387371147182	CLDN1;JUN;SRC;AMOTL2;ARHGEF2;PARD3;VASP;RUNX1;ARPC5L;PARD6B;CDK4;MYH9;MAGI1;RAPGEF2;ITGB1;TJP1;GATA4;TJP3;PPP2CA;CLDN11;PPP2R2A;TUBA1A;ACTR3;RAC1;OCLN;ARPC2;MARVELD2;ROCK2;MYL12B;NEDD4;PRKCE;PRKAB1;PRKCZ;CLDN2;ARPC1B;F11R;HSPA4;RHOA;SYMPK;CLDN4;ARPC4;NEDD4L;ACTR3B;CLDN6;YBX3;ARHGEF18;TUBA1C;MARVELD3;CRB3;SYNPO;TUBA4A;MAP2K7;ARHGAP17;MYH11;MYH14;RAB8A;PATJ
SpivsNC	KEGG_2021_Human	Toll-like receptor signaling pathway	-1.90030686069	0.00140252454418	0.0023704801544	SPP1;JUN;CXCL8;NFKBIA;IKBKG;NFKB1;MAP2K2;FOS;MYD88;RAC1;IKBKE;IRF3;IRAK1;FADD;MAP3K8;MAP2K3;IFNAR2;TAB2;TOLLIP;PIK3R1;MAP2K7;RELA;TRAF3
SpivsNC	KEGG_2021_Human	Transcriptional misregulation in cancer	-1.88623667562	0	0.00214810865774	CEBPB;MYC;GADD45A;DUSP6;BCL2L1;TGFBR2;DDIT3;CXCL8;NUPR1;MET;KDM6A;TFE3;RUNX1;KLF3;ETV4;RARA;CDKN1A;NFKB1;BAX;ETV6;NGFR;GADD45B;ETV5;PER2;MAX;MMP3;ATF1;TMPRSS2;CDK9;ID2;PPARG;BCL6;MLLT1;PTK2;HDAC2;EWSR1;CDKN1B;TSPAN7;SIX1;IGF1R;NFKBIZ;BIRC2;H3-3B;ZBTB17;IL1R2
SpivsNC	KEGG_2021_Human	Tuberculosis	-1.79435449074	0	0.00503742409562	CEBPB;CEBPG;SRC;HSPA9;PLK3;CREBBP;PPP3R1;IFNGR1;IFNGR2;RIPK2;NFKB1;CARD9;TNFRSF1A;BAX;EP300;IL18;IRAK2;MYD88;CAMK2D;NFYC;RAB5C;PPP3CA;ATP6V1H;RAB7A;TGFB1;SPHK1;CTSD;IRAK1;C3;FADD;CORO1A;RHOA;NFYA;ATP6V0B;RFXAP;ATP6V0C;EEA1;CASP3
SpivsNC	KEGG_2021_Human	Tyrosine metabolism	-1.57731116895	0.0263565891473	0.0259640959501	TAT;HGD;GOT1;ADH6;ADH4;FAH;ADH5;MAOA;FAHD1;HPD;DDC;GSTZ1;ALDH3A1;AOC2;GOT2
SpivsNC	KEGG_2021_Human	Wnt signaling pathway	-1.89325862685	0	0.00221714050496	JUN;DKK1;MYC;AXIN2;FZD5;ZNRF3;FOSL1;CREBBP;BAMBI;LGR5;SIAH1;PPP3R1;PLCB1;TBL1X;CSNK1A1;NFATC3;EP300;TBL1XR1;SERPINF1;CAMK2D;TCF7;RAC1;PPP3CA;CSNK2A2;DVL1;ROCK2;TLE3;GSK3B;WNT7B;PRKCA;FRAT2;CTBP1;RHOA;RUVBL1
SpivsNC	KEGG_2021_Human	Yersinia infection	-1.88943348972	0	0.00223403300405	JUN;FN1;SRC;CXCL8;ARF6;PIP5K1B;RPS6KA3;NFKBIA;DOCK1;ARPC5L;PIP5K1A;IKBKG;ARHGEF28;NFKB1;NFATC3;BCAR1;MAP2K2;FOS;ITGB1;IL18;MYD88;WASF2;GNAQ;LCK;ACTR3;RAC1;LIMK1;ARPC2;ROCK2;GSK3B;IRF3;IRAK1;PTK2;ARPC1B;RHOA;ARPC4;ELMO1;ACTR3B;PKN1;MAP2K3;RPS6KA2;TAB2;WASL;PIK3R1;MAP2K7;NFATC2;CRK;RELA
SpivsNC	KEGG_2021_Human	beta-Alanine metabolism	-1.59867707917	0.018320610687	0.0224617448777	SMOX;ABAT;DPYD;HADHA;ALDH1B1;CNDP2;ALDH3A2
SpivsNC	KEGG_2021_Human	cGMP-PKG signaling pathway	-1.66645378547	0.00132275132275	0.0141412575064	ATF4;IRS1;ATP1B1;ITPR3;ATP1A1;ATP2A2;MEF2B;VASP;PPP3R1;PLCB1;PPIF;ADRA2C;NFATC3;ITPR2;MAP2K2;ATP2B1;NOS3;PDE3A;GATA4;ITPR1;GTF2IRD1;GNAQ;PPP3CA;MYLK;ROCK2;ADCY9;PRKCE;MEF2D;RHOA
SpivsNC	KEGG_2021_Human	mTOR signaling pathway	-1.49966556608	0.0076726342711	0.0473517864989	SESN2;DDIT4;SLC3A2;FZD5;IRS1;SLC7A5;EIF4EBP1;GRB10;RPTOR;RPS6KA3;SGK1;CLIP1;TNFRSF1A;LPIN2;MAP2K2;RRAGC;PDPK1;EIF4B;SEC13;ATP6V1E1;AKT1S1;ATP6V1H;DVL1;GSK3B;WNT7B;PRR5;ULK1;RPS6;PRKCA;RHOA;CAB39;GRB2;RICTOR;BRAF;WDR59;IGF1R;RPS6KA2
SpivsNC	KEGG_2021_Human	p53 signaling pathway	-1.75633435538	0.00137551581843	0.00736720537444	THBS1;SESN2;GADD45A;BCL2L1;TNFRSF10B;PMAIP1;SIAH1;SFN;CDKN1A;CDK4;BAX;BBC3;AIFM2;CDK6;TNFRSF10A;GADD45B;COP1
SpivsNC	MSigDB_Hallmark_2020	Allograft Rejection	-2.03876803413	0	0.000213073730613	WARS1;AARS1;BCAT1;HIF1A;CSF1;IL11;LIF;C2;IL4R;BCL3;IFNGR1;IFNGR2;RIPK2;ICAM1;MBL2;EIF5A;NME1;IL18;EIF3J;EGFR;TIMP1;LCK;ACVR2A;TAPBP;NPM1;EIF3A;TGFB1;RPL39;RPS9;EREG;INHBB;NCK1;RPS3A;IL7;CSK;IGSF6;CD7;HLA-A;RPL9;LYN;IFNAR2
SpivsNC	MSigDB_Hallmark_2020	Androgen Response	-1.52674399657	0.00555555555556	0.0169926300164	H1-0;VAPA;KRT19;ARID5B;SLC38A2;ABHD2;ZMIZ1;KRT8;ELL2;RPS6KA3;SGK1;GSR;MERTK;ACSL3;ZBTB10;CDK6;RRP12;XRCC6;PA2G4;ABCC4;TMPRSS2;ADRM1;AKAP12;AZGP1;FKBP5;SAT1;UBE2J1;TNFAIP8;STK39
SpivsNC	MSigDB_Hallmark_2020	Angiogenesis	-2.07130378882	0	0.000130211724264	SPP1;JAG1;TNFRSF21;NRP1;SERPINA5;APOH;S100A4;TIMP1;VEGFA;PTK2;APP
SpivsNC	MSigDB_Hallmark_2020	Apoptosis	-2.17691121819	0	0	RHOB;JUN;IER3;ATF3;SQSTM1;GADD45A;H1-0;CTH;MCL1;BCL2L1;DDIT3;IFITM3;KRT18;TNFRSF12A;HMOX1;LMNA;DPYD;CREBBP;PMAIP1;SLC20A1;PDGFRB;PPP3R1;IFNGR1;GSR;RARA;ETF1;CDKN1A;HSPB1;TXNIP;DAP;BAX;TGFBR3;IL18;GADD45B;BCL2L2;DNAJC3;TIMP1;CYLD;IRF1;EREG;PTK2;TSPO;DAP3;CDKN1B;SAT1;APP;CASP4;ISG20;CASP3;MGMT;EGR3;FDXR;BMF;GCH1;PEA15;RELA;CASP7;CDK2;SMAD7
SpivsNC	MSigDB_Hallmark_2020	Cholesterol Homeostasis	1.52212219258	0.0188679245283	0.0456857167486	SCD;FDFT1;ALDOC;DHCR7;ABCA2;FDPS;PDK3;MVD;SC5D;ACTG1;IDI1;LGALS3;HMGCR;STARD4;SQLE;FADS2;FASN;TM7SF2;SREBF2;LSS;ACAT2;HMGCS1;ACSS2;NSDHL
SpivsNC	MSigDB_Hallmark_2020	Coagulation	-1.41829027916	0.024358974359	0.0425181970885	THBS1;FN1;DUSP6;MAFF;CFI;C2;FURIN;FGG;C1S;DPP4;FGA;MBL2;ADAM9;A2M;ARF4;PROS1;CFB;CD9;C8B;TIMP1;DUSP14;MMP3;RAC1;PEF1;CPB2;ITIH1;C3;C1R;WDR1
SpivsNC	MSigDB_Hallmark_2020	Complement	-1.70643876786	0	0.00262283616017	CEBPB;SH2B3;FN1;PIM1;SRC;DUSP6;TNFAIP3;MAFF;KYNU;HSPA5;C2;DOCK4;C1S;DPP4;PFN1;ADAM9;CD55;DUSP5;BRPF3;CFB;L3MBTL4;LAP3;TIMP1;LCK;F7;ANXA5;PRKCD;CTSD;IRF1;ITIH1;F5;C3;MSRB1;C1R;GRB2;PDP1;LYN;CASP4;CASP3;C4BPB;TFPI2;RNF4;ANG;PPP4C;F3;SERPING1;GMFB;USP14;CASP7;APOBEC3F;CDA;STX4;CTSC;CP;NOTCH4;PRDM4;DGKG;RHOG;GNB4;FDX1;DOCK9;ZEB1
SpivsNC	MSigDB_Hallmark_2020	Epithelial Mesenchymal Transition	-1.92511376268	0	0.00050224522216	SPP1;THBS1;RHOB;JUN;DKK1;GADD45A;FN1;MATN3;CXCL8;TGM2;TNFAIP3;TNFRSF12A;SERPINH1;PPIB;PDGFRB;PLOD3;COPA;SDC4;CCN1;PVR;IL32;ITGB1;TGFBR3;GADD45B;CDH2;MCM7;AREG;DST;TIMP1;MMP3;CCN2;VEGFA;MYLK;TGFB1;DAB2;TPM4;ID2
SpivsNC	MSigDB_Hallmark_2020	Estrogen Response Early	-1.90700315354	0	0.000546889241907	XBP1;SLC1A4;MYC;STC2;SIAH2;KLF10;HES1;TGM2;KRT18;SLC7A5;DLC1;IL6ST;KRT19;ABAT;NRIP1;PMAIP1;ESRP2;ABHD2;KRT8;PDLIM3;SFN;ELF1;PPIF;MED13L;CHPT1;RARA;WWC1;TMPRSS3;CELSR1;RHOBTB3;FLNB;FOS;DHRS3;NXT1;TGIF2;RRP12;TJP3;TUBB2B;FKBP4;AREG;TIPARP;RBBP8;AQP3;MREG;LAD1;ADCY9;ELOVL2;INHBB;ANXA9
SpivsNC	MSigDB_Hallmark_2020	Estrogen Response Late	-1.56549895035	0.00237529691211	0.011371823919	XBP1;SLC1A4;SIAH2;SERPINA3;ASS1;SLC2A8;SLC7A5;IL6ST;KRT19;NRIP1;NAB2;LARGE1;ABHD2;PDLIM3;SERPINA5;SFN;SGK1;IMPA2;PPIF;CHPT1;DLG5;TMPRSS3;CDC20;FLNB;FOS;NXT1;CYP4F11;DNAJC12;TJP3;FKBP4;UGDH;CD9;AREG;RBBP8;IDH2;ID2;CDH1;ANXA9;ALDH3A2;FKBP5;HMGCS2;XRCC3;RPS6KA2;MDK;AGR2;ITPK1;ISG20
SpivsNC	MSigDB_Hallmark_2020	Hedgehog Signaling	-1.63406277936	0.0230061349693	0.00566421000547	NRP1;VLDLR;NRCAM;MYH9;CELSR1;ADGRG1;CDK6;VEGFA;OPHN1;TLE3
SpivsNC	MSigDB_Hallmark_2020	Hypoxia	-1.60739141243	0.00121065375303	0.00712518555171	KLF6;JUN;IER3;PPP1R15A;ATF3;STC2;DDIT4;DUSP1;SIAH2;PIM1;NFIL3;DDIT3;TES;TGM2;GPC3;TNFAIP3;MAFF;PLIN2;HDLBP;HSPA5;HMOX1;NR3C1;VLDLR;LARGE1;ERRFI1;SDC4;CCN1;CDKN1A;FOXO3;MYH9;BTG1;NOCT;FOS;GALK1;S100A4;EGFR;NDST1;CHST3;TIPARP;CCN2;VEGFA;GRHPR;VHL;AKAP12;PRDX5;KDELR3;HEXA;PRKCA
SpivsNC	MSigDB_Hallmark_2020	IL-2/STAT5 Signaling	-2.27717811107	0	0	SPP1;KLF6;PHLDA1;RHOB;XBP1;MYC;MXD1;PIM1;SPRY4;SLC1A5;NFIL3;TNFRSF21;NRP1;BCL2L1;IFITM3;TGM2;MAFF;CSF1;TTC39B;PLIN2;AHR;LIF;ENPP1;FURIN;IL4R;IFNGR1;MYO1C;ETV4;SH3BGRL2;PUS1;SPRED2;ABCB1;CDC42SE2;NOP2;DHRS3;CKAP4;LCLAT1;ODC1;PRNP;GADD45B
SpivsNC	MSigDB_Hallmark_2020	IL-6/JAK/STAT3 Signaling	-2.2679785674	0	0	INHBE;JUN;PIM1;TNFRSF21;CSF1;IL1R1;PLA2G2A;TNFRSF12A;IL6ST;HAX1;HMOX1;IL4R;STAT3;IFNGR1;IFNGR2;SOCS3;PTPN1;TNFRSF1A;A2M;OSMR;MYD88;CD9;CBL;TGFB1;IRF1;IL7;MAP3K8;GRB2;IRF9;LTBR
SpivsNC	MSigDB_Hallmark_2020	Inflammatory Response	-2.2032495465	0	0	KLF6;SLC7A1;MYC;MXD1;FZD5;CXCL8;GPC3;HIF1A;SLC31A1;CSF1;IL1R1;CCL20;MET;AHR;LIF;C5AR1;IL4R;ATP2A2;NFKBIA;IFNGR2;PVR;RIPK2;ICAM1;CDKN1A;NFKB1;CD55;ATP2B1;OSMR;IL18;LDLR;IRAK2;TIMP1;LCK;EDN1;ACVR2A;TAPBP;ADRM1;SPHK1;IRF1;EREG;HBEGF
SpivsNC	MSigDB_Hallmark_2020	Interferon Alpha Response	-1.5996412834	0.00276243093923	0.00770753244776	WARS1;IFITM3;CSF1;NCOA7;IL4R;CNP;C1S;ELF1;RIPK2;TXNIP;IFI35;LAP3;OGFR;IFITM2;IRF1;LGALS3BP;PSME1;TMEM140;IL7;IRF9;LPAR6;ISG20;TRIM14;NMI;IFI30
SpivsNC	MSigDB_Hallmark_2020	Interferon Gamma Response	-2.03343385166	0	0.000195317586395	MTHFD2;PIM1;WARS1;IFITM3;APOL6;HIF1A;TNFAIP3;ARID5B;MVP;IL4R;STAT3;C1S;NFKBIA;RIPK2;ICAM1;LATS2;SOCS3;CDKN1A;NFKB1;PTPN1;TXNIP;BTG1;RNF213;NLRC5;CFB;MYD88;IFI35;PELI1;LAP3;MX2;ARL4A;OGFR;TAPBP;IFITM2;NCOA3;IRF1;C1R;PSMB2;LGALS3BP;PSME1;IL7;UPP1;HLA-A;IRF9;CASP4;IFNAR2;ISG20;CASP3;OAS3;TRIM14;NMI;IFI30;ZNFX1;SERPING1;GCH1
SpivsNC	MSigDB_Hallmark_2020	KRAS Signaling Up	-1.89229133007	0	0.000482549331095	SPP1;RELN;PPP1R15A;TRIB1;NRP1;DUSP6;SERPINA3;F2RL1;TNFAIP3;NR1H4;ST6GAL1;CCL20;LIF;YRDC;ETV4;MMD;SOX9;ABCB1;CFB;ETV5;CBL;NR0B2;ARG1;ID2;AKAP12;EREG;HBEGF;RBM4
SpivsNC	MSigDB_Hallmark_2020	Myc Targets V1	-1.90159470208	0	0.000512708664288	MYC;IFRD1;EIF2S2;HNRNPC;DDX21;EPRS1;KPNB1;XPOT;SF3B3;GSPT1;NOP16;CNBP;RPLP0;EIF3B;PCBP1;PPM1G;ETF1;C1QBP;CDK4;RPL34;RAD23B;RPS5;CDC20;SRSF3;CANX;IARS1;SYNCRIP;NME1;SRM;NOLC1;SMARCC1;ODC1;EIF3J;XRCC6;ACP1;MCM7;FBL;PA2G4;PSMD14;USP1;MRPS18B;RACK1;PSMB3;PSMA6;PSMD8;CCT3;SET;NPM1;PABPC1;PSMD7;HNRNPA1;MCM5;CDC45;RPS6;PSMC4;FAM120A;PSMB2;RPS3;TUFM;RPL6;STARD7;MRPL23;HDAC2;PSMA7;ERH;HDGF;HSP90AB1;SRSF2;HDDC2;SERBP1;ILF2;RPS2;SNRPG;NCBP1;SNRPD1
SpivsNC	MSigDB_Hallmark_2020	Myc Targets V2	-2.06930882158	0	0.000117190551837	MYC;RCL1;PLK1;FARSA;NOP16;WDR43;BYSL;PUS1;IMP4;CDK4;NIP7;NOP2;SRM;NOLC1;MRTO4;RRP12;PA2G4;NPM1;GRWD1;PES1;MCM5;NDUFAF4;PPRC1;PPAN;RABEPK;TBRG4;IPO4;TCOF1
SpivsNC	MSigDB_Hallmark_2020	PI3K/AKT/mTOR  Signaling	-1.77043073063	0	0.00185037713427	TRIB3;SQSTM1;DDIT3;CALR;UBE2D3;RPTOR;HSP90B1;RPS6KA3;SFN;PLCB1;CDKN1A;PFN1;CDK4;TNFRSF1A;NFKBIB;ITPR2;EGFR;MYD88;DUSP3;LCK;ACTR3;AKT1S1;RAC1;ATF1;YWHAB;GSK3B;NCK1;PRKAR2A;ECSIT;ARF1;CAB39;GRB2;CDKN1B
SpivsNC	MSigDB_Hallmark_2020	Pancreas Beta Cells	-1.5237012574	0.0546357615894	0.0170532458191	SCGN;HNF1A;DPP4;SLC2A2;SRPRB;FOXA2
SpivsNC	MSigDB_Hallmark_2020	Reactive Oxygen Species Pathway	-1.69359012132	0.00448430493274	0.00303630066124	SRXN1;TXNRD1;JUNB;PDLIM1;GCLC;GCLM;GLRX2;EGLN2;GSR;PRNP;NQO1;SBNO2;TXN;MSRA;NDUFS2
SpivsNC	MSigDB_Hallmark_2020	TGF-beta Signaling	-2.13790698379	0	0	THBS1;PPP1R15A;JUNB;KLF10;SMURF1;FURIN;SLC20A1;TGIF1;UBE2D3;IFNGR2;BCAR3;SPTBN1;TJP1;TRIM33;HIPK2;TGFB1;CDK9;ID2;ACVR1;CDH1;RHOA;FKBP1A
SpivsNC	MSigDB_Hallmark_2020	TNF-alpha Signaling via NF-kB	-2.69050243286	0	0	EGR1;KLF6;PHLDA1;RHOB;CEBPB;JUN;IER3;PPP1R15A;ATF3;NFE2L2;SQSTM1;MYC;JAG1;GADD45A;KDM6B;TRIB1;DUSP1;MXD1;IER2;MCL1;JUNB;NFIL3;KLF10;HES1;EIF1;F2RL1;TNFAIP3;MAFF;CSF1;CCL20;KYNU;KLF9;LIF;IL6ST;YRDC;FOSL1;NFAT5;PLPP3;TUBB2A;TGIF1;SPSB1;NFKBIA;BCL3;SDC4;SGK1;CCN1;IFNGR2;RIPK2;ICAM1;SOCS3;CLCF1;CDKN1A;ZC3H12A;NFKB1;CEBPD;SIK1;BTG1;DUSP5;FOS;ATP2B1;ZBTB10;IL18;DRAM1;GADD45B;LDLR;LITAF;RELB;NFKB2;AREG;EDN1;TIPARP;VEGFA;NINJ1;B4GALT5;SPHK1;RCAN1;IRF1;ID2;TNIP2;HBEGF;BCL6
SpivsNC	MSigDB_Hallmark_2020	UV Response Dn	-1.8702499218	0.00128865979381	0.000651058621318	SLC7A1;MYC;DUSP1;MAP1B;NRP1;TGFBR2;IRS1;DLC1;ATXN1;MET;NR3C1;VLDLR;SYNE1;PLPP3;PDGFRB;SIPA1L1;ZMIZ1;RUNX1;CCN1;CDC42BPA;NFKB1;MAGI2;ATP2B1;APBB2;TGFBR3;TJP1;LDLR;DYRK1A;ACVR2A;DAB2;PPARG;PRKCE;PRKCA;CDKN1B;SPOP;ID1;IGF1R;DMAC2L;CAP2
SpivsNC	MSigDB_Hallmark_2020	UV Response Up	-1.68482443702	0.00122699386503	0.00336285931359	RHOB;ATF3;SQSTM1;ASNS;JUNB;CEBPG;TARS1;DDX21;IL6ST;HMOX1;FURIN;RPN1;CNP;PDLIM3;NFKBIA;PPIF;ICAM1;HSPA13;BTG1;CYB5B;CDC34;ABCB1;RAB27A;FOS;MARK2;TYRO3;CDKN2B;FKBP4;ALAS1;PSMC3;SLC6A12;TGFBRAP1;AQP3;PRKCD;MAOA;IRF1;UROD;CLTB;MRPL23;DNAJB1;EIF2S3;EPCAM;LYN;CASP3;GRPEL1;C4BPB;ACAA1;GCH1;TUBA4A;WIZ;H2AX
SpivsNC	MSigDB_Hallmark_2020	Unfolded Protein Response	-2.44725685503	0	0	CEBPB;ATF3;XBP1;SLC1A4;STC2;MTHFD2;DDIT4;ASNS;PSAT1;CEBPG;HERPUD1;ATF4;CALR;HYOU1;SLC7A5;TARS1;ERN1;EIF4EBP1;HSPA9;HSPA5;XPOT;TUBB2A;PREB;ALDH18A1;HSP90B1;SERP1;NOP14;DKC1;WIPI1;PDIA6;SHC1;DCP1A;IARS1;NOLC1;SRPRB;RPS14;EIF4G1;PDIA5;DNAJC3;EEF2;NPM1;VEGFA;LSM1;SRPRA;YIF1A;KDELR3;YWHAZ;CHAC1;GOSR2;NFYA;KHSRP;IGFBP1
SpivsNC	MSigDB_Hallmark_2020	Wnt-beta Catenin Signaling	-1.50489943321	0.0313432835821	0.0189017019092	DKK1;MYC;JAG1;AXIN2
SpivsNC	MSigDB_Hallmark_2020	Xenobiotic Metabolism	-1.76291692046	0	0.00181645355348	EPHA2;SMOX;SHMT2;SLC1A5;PYCR1;ARG2;AKR1C2;BCAT1;IL1R1;GART;GCLC;KYNU;PC;AKR1C3;HMOX1;TAT;SSR3;ATP2A2;ASL;GSR;MBL2;LONP1;TNFRSF1A;BCAR1;LPIN2;PROS1;HSD17B2;ALAS1;CFB;NQO1;ACP1;ITIH4;UGDH;PTS;PMM1;NMT1;SLC6A12;CNDP2;NINJ1;FAH;ADH5;MAOA;ARG1;ID2;ITIH1;UPP1;APOE;MTHFD1;NDRG2;IGFBP1
SpivsNC	MSigDB_Hallmark_2020	heme Metabolism	-1.51223707608	0.00609013398295	0.0182035990521	SLC7A11;H1-0;ASNS;SMOX;SLC6A9;MOCOS;NUDT4;GCLC;SLC30A1;PC;EPB41;RCL1;CDR2;NR3C1;GCLM;SEC14L1;RBM38;ELL2;KLF3;MOSPD1;TCEA1;FOXO3;LPIN2;MFHAS1;PGLS;ALDH1L1;SLC25A38;VEZF1;LRP10;AQP3;ABCG2;SLC30A10;KDM7A;UROD;C3;MARK3;TOP1
SpivsNC	MSigDB_Hallmark_2020	mTORC1 Signaling	-1.99559021855	0	0.000270439735009	SLC7A11;TRIB3;PPP1R15A;XBP1;SLC1A4;SQSTM1;MTHFD2;DDIT4;IFRD1;ASNS;PSAT1;TXNRD1;CTH;SHMT2;SLC1A5;NFIL3;WARS1;DDIT3;PSPH;BCAT1;TES;CALR;EIF2S2;SLC7A5;NUPR1;HSPA9;SERPINH1;EPRS1;GCLC;HSPA5;PLK1;VLDLR;RPN1;DDX39A;ATP2A2;UBE2D3;HSP90B1;SERP1;GOT1;ARPC5L;TCEA1;GSR;ETF1;CDKN1A;ACSL3;NFKBIB;CYB5B;EEF1E1;CANX;LDLR;PSMD14;CD9;PHGDH;NMT1;NFYC;ACTR3;SDF2L1;RAB1A
SpivsNC	MSigDB_Hallmark_2020	p53 Pathway	-2.20772580196	0	0	SLC7A11;TRIB3;JUN;IER3;PPP1R15A;ATF3;EPHA2;DDIT4;GADD45A;MXD1;ZFP36L1;SLC3A2;DDIT3;AEN;NUPR1;LIF;PLK3;ABAT;HMOX1;OSGIN1;TRAF4;SEC61A1;GPX2;RPS12;PTPN14;SFN;ELP1;CDKN1A;FOXO3;PVT1;TXNIP;BAX;BTG1;FOS;HINT1;S100A4;CSRNP2;CDKN2B;DRAM1;SERTAD3;STOM;PMM1;RACK1;WWP1;RRP8;RAP2B;CDKN2AIP;NINJ1;TGFB1;SPHK1;CTSD;TGFA;IRAK1;HBEGF;PRKAB1;INHBB
SpivsNC	Reactome_2022	ATF4 Activates Genes In Response To Endoplasmic Reticulum Stress R-HSA-380994	-2.13229206314	0	0.000147604056354	CEBPB;ATF3;ASNS;CEBPG;HERPUD1;DDIT3;ATF4;CXCL8;EXOSC6;NFYC;EXOSC8;NFYA;KHSRP;IGFBP1
SpivsNC	Reactome_2022	AUF1 (hnRNP D0) Binds And Destabilizes mRNA R-HSA-450408	-1.6772468766	0.0027972027972	0.0291210502849	HSPB1;PSMB4;EIF4G1;PSMC3;PSMD14;PSMB3;PSMA6;PSMD8;RPS27A;PSMD4;PABPC1;PSMD7;PSME4;PSME3;PSMD12;UBA52;PSMB7;PSMC4;PSMB2;PSME1;PSMD11;PSMA7;PSMC5;PSMC2;PSMA5;PSMD2;PSMD13;PSMB1;PSMD5
SpivsNC	Reactome_2022	Activation Of BAD And Translocation To Mitochondria R-HSA-111447	-1.62583801472	0.0238500851789	0.0428947435929	PPP3R1;YWHAH;YWHAG;YWHAB;YWHAZ;REXO2
SpivsNC	Reactome_2022	Activation Of NF-kappaB In B Cells R-HSA-1169091	-1.78485621378	0	0.0141826314241	NFKBIA;IKBKG;NFKB1;NFKBIB;PSMB4;PSMC3;PSMD14;PSMB3;PSMA6;PSMD8;RPS27A;PSMD4;PSMD7;PSME4;PSME3;PSMD12;UBA52;PSMB7;PSMC4;PSMB2;PSME1;PSMD11;PSMA7;PSMC5;PSMC2;PSMA5;NFKBIE;PSMD2;PSMD13;RELA;FBXW11;PSMB1;PSMD5
SpivsNC	Reactome_2022	Amino Acid Transport Across Plasma Membrane R-HSA-352230	-2.31042911389	0	0	SLC7A11;SLC7A1;SLC1A4;SLC38A1;SLC1A5;SLC38A5;SLC3A2;SLC7A5;SLC43A1;SLC7A6;SLC38A2
SpivsNC	Reactome_2022	Antigen processing-Cross Presentation R-HSA-1236975	-1.82701739087	0	0.0100800546603	FGB;CALR;PDIA3;SEC61A1;FGG;FGA;IKBKG;PSMB4;PSMC3;MYD88;PSMD14;PSMB3;PSMA6;PSMD8;SEC61G;RPS27A;TAPBP;PSMD4;PSMD7;PSME4;PSME3;PSMD12;UBA52;PSMB7;PSMC4;PSMB2;PSME1;HLA-A;PSMD11;PSMA7;PSMC5;ITGB5;SEC61B;PSMC2;PSMA5;PSMD2;PSMD13;NCF2;PSMB1;PSMD5
SpivsNC	Reactome_2022	Apoptosis R-HSA-109581	-1.7701419212	0	0.0152905502045	H1-0;BCL2L1;GAS2;KPNB1;LMNA;TNFRSF10B;MAGED1;PMAIP1;STAT3;PPP3R1;C1QBP;YWHAH;BAX;BBC3;YWHAG;TNFRSF10A;TJP1;PSMB4;PSMC3;PSMD14;NMT1;PSMB3;DAPK1;PSMA6;PSMD8;OCLN;RPS27A;PSMD4;PSMD7;YWHAB;PRKCD;PSME4;AVEN;PSME3;PSMD12;DYNLL2;YWHAZ;UBA52;PSMB7;PSMC4;PSMB2;FADD;PTK2;PSME1;PSMD11;PSMA7;REXO2;PSMC5;TP53BP2;PSMC2;CASP3;PSMA5;BIRC2;BMF;PSMD2;PSMD13;CASP7;PSMB1;FZR1;PSMD5;DBNL;H1-4
SpivsNC	Reactome_2022	Autodegradation Of E3 Ubiquitin Ligase COP1 R-HSA-349425	-1.65537542437	0.00988700564972	0.0339976423	PSMB4;PSMC3;PSMD14;PSMB3;PSMA6;PSMD8;RPS27A;PSMD4;PSMD7;PSME4;PSME3;PSMD12;UBA52;PSMB7;PSMC4;PSMB2;PSME1;PSMD11;PSMA7;PSMC5;PSMC2;PSMA5;PSMD2;PSMD13;PSMB1;PSMD5
SpivsNC	Reactome_2022	Axon Guidance R-HSA-422475	-1.83825906077	0	0.00922573275608	RELN;RHOB;EPHA2;MYO10;SIAH2;SRC;NRP1;VLDLR;GSPT1;GRB10;SRGAP1;RPS12;SIAH1;RPLP0;NRCAM;GRB7;VASP;RPS6KA3;PLXNC1;RPLP2;DOCK1;ABL1;ETF1;RPL22L1;ARHGEF28;PFN1;RSL24D1;SPTBN1;RPL28;EPHB4;SHC1;RPL34;MYH9;RPS5;SH3KBP1;SCN1A;MAP2K2;NTN4;RPS23;RPS21;ITGB1;LIMK2;LAMB1;FAU;CD24;RPS11;ROBO1;PRNP;ABL2;PSMB4;EGFR;RPS14;EIF4G1;RPL19;RPL27A;PSMC3;RPS29;DOK6;PSMD14;ARHGAP35;GDNF;RPS20;PSMB3;ITGA10;PSMA6;RPL37;ACTR3;SCN9A;RPS16;PSMD8;RPS4Y1;CSNK2A2;RPS27A;LIMK1;ARPC2;PSMD4;PABPC1;ROCK2;PSMD7;GSK3B;RPL39;MYL12B;RPL8;RPS9;RPL23;PSME4;SEMA3A;PSME3;PSMD12;RPL30;NCK2;RPL13A;RPS6;UBA52;ELOB;PSMB7;PSMC4;PRKCA;NCK1;PSMB2;RPL18A;CLTA;RPLP1;RPS3A;PRKAR2A;CLTB;PTK2;RND1;ARPC1B;RHOA;RPL10A;PSME1;RPS3;SHTN1;RPL6;PITPNA;RPS13;PSMD11;PLXND1;PSMA7;GRB2;RPL7A;SRGAP2;RPS7;SEMA4D;RPL38;RPL9;RPSA;HSP90AB1;PKN1;RPL41;PSMC5;RPL37A;LYN;RPS6KA2;LYPLA2;PSMC2;RPS2;PTPN11;RPS27;PSMA5;RPS4X;NCBP1;ABLIM3;RPL3;WASL;PIK3R1;TLN1;PSMD2;PSMD13;COL4A4;EFNA2;RPL11;CACNB4;ANK2;MYH11;MYH14;PSMB1;MSI1;PSMD5;RPL32;LAMA1;EIF4A3;ANK1;ENAH;ARHGEF12;RPS24;FES;ELOC;PLXNB3;COL9A3;GAB2;RPS8;RPL23A;SCN2A;RPS28;ARHGAP39;RPL12;RPS19;AP2A1
SpivsNC	Reactome_2022	Basigin Interactions R-HSA-210991	-1.79860757171	0.00819672131148	0.0128633922785	SLC7A11;SLC3A2;ATP1B1;SLC7A5;SLC7A6;ITGB1;MAG
SpivsNC	Reactome_2022	C-type Lectin Receptors (CLRs) R-HSA-5621481	-1.87463722649	0	0.00621242764878	SRC;ITPR3;CREBBP;UBE2D2;NFKBIA;PPP3R1;IKBKG;NFKB1;CARD9;NFATC3;EP300;CDC34;ITPR2;PDPK1;PSMB4;RELB;ITPR1;PSMC3;PSMD14;NFKB2;PSMB3;PSMA6;PSMD8;PPP3CA;RPS27A;PSMD4;PSMD7;PRKCD;PSME4;UBE2M;PSME3;PSMD12;UBA52;PSMB7;PSMC4;PRKCA;PSMB2;MAP3K14;PSME1;PSMD11;PSMA7;PKN1;PSMC5;LYN;PSMC2;PSMA5;TAB2;PSMD2;NFATC2;PSMD13;RELA;FBXW11;PSMB1;PSMD5
SpivsNC	Reactome_2022	CD28 Co-Stimulation R-HSA-389356	-1.89526544721	0.0032310177706	0.00478900109959	TRIB3;SRC;PDPK1;LCK;PRR5;MAP3K14;MAP3K8;GRB2;RICTOR;PKN1;LYN;PIK3R1;MLST8
SpivsNC	Reactome_2022	CD28 Dependent PI3K/Akt Signaling R-HSA-389357	-1.77197814589	0.00497512437811	0.0151114304081	TRIB3;PDPK1;LCK;PRR5;MAP3K14;MAP3K8;RICTOR;PIK3R1;MLST8
SpivsNC	Reactome_2022	CLEC7A (Dectin-1) Signaling R-HSA-5607764	-2.00717826244	0	0.000626438643931	SRC;ITPR3;UBE2D2;NFKBIA;PPP3R1;IKBKG;NFKB1;CARD9;NFATC3;CDC34;ITPR2;PDPK1;PSMB4;RELB;ITPR1;PSMC3;PSMD14;NFKB2;PSMB3;PSMA6;PSMD8;PPP3CA;RPS27A;PSMD4;PSMD7;PRKCD;PSME4;UBE2M;PSME3;PSMD12;UBA52;PSMB7;PSMC4;PSMB2;MAP3K14;PSME1;PSMD11;PSMA7;PSMC5;PSMC2;PSMA5;TAB2;PSMD2;NFATC2;PSMD13;RELA;FBXW11;PSMB1;PSMD5
SpivsNC	Reactome_2022	COPI-mediated Anterograde Transport R-HSA-6807878	-1.68603312698	0.00275862068966	0.027891361997	KDELR1;COPA;COPG1;COPE;SPTBN1;CD55;DCTN2;ARF4;DYNC1H1;DYNC1LI1;TMED2;RAB1A;GOSR1;DYNLL2;BET1L;KDELR3;GOSR2;STX5;KDELR2;COPB2;RAB1B;ARFGAP2;DCTN5;ARFGAP3;COPG2;ARCN1;CAPZB;ARF3;ANK2;COPZ1;ANK1;TMED9
SpivsNC	Reactome_2022	Cap-dependent Translation Initiation R-HSA-72737	-2.29579036741	0	0	EIF2S2;EIF4EBP1;RPS12;RPLP0;EIF3B;RPLP2;RPL22L1;RSL24D1;RPL28;RPL34;RPS5;EIF3I;RPS23;RPS21;FAU;RPS11;EIF3J;EIF3K;EIF3C;RPS14;EIF4G1;RPL19;RPL27A;RPS29;EIF4B;RPS20;EIF2B2;RPL37;RPS16;RPS4Y1;RPS27A;PABPC1;EIF3A;RPL39;RPL8;RPS9;RPL23;RPL30;RPL13A;RPS6;EIF3M;UBA52;RPL18A;RPLP1;RPS3A;RPL10A;RPS3;RPL6;RPS13;RPL7A;EIF2S3;RPS7;RPL38;EIF2B3;RPL9;RPSA;RPL41;RPL37A;RPS2;RPS27;RPS4X;RPL3;EIF3H;RPL11;RPL32;EIF4E;RPS24;RPS8;RPL23A;RPS28;RPL12;RPS19;EIF2B5;RPL35A;RPS17
SpivsNC	Reactome_2022	Cell Junction Organization R-HSA-446728	-1.75534844465	0	0.0167747503052	CLDN1;FBLIM1;PARD3;VASP;PVR;PARD6B;ITGB1;CDH2;CD151;CLDN11;SDK1;DST;NECTIN2;CLDN2;F11R;CLDN4;PARVA;CLDN6;CLDN12;CRB3;ANG;CTNNA1;FZR1;LAMB3;PATJ;RSU1
SpivsNC	Reactome_2022	Cell Surface Interactions At Vascular Wall R-HSA-202733	-1.79787645899	0	0.0128605625161	SLC7A11;FN1;APOB;SRC;SLC3A2;ATP1B1;SLC7A5;TNFRSF10B;SLC7A6;GRB7;SDC4;MERTK;ESAM;SHC1;PROS1;ITGB1;TNFRSF10A;LCK;MAG;TGFB1;F11R;GRB2;TSPAN7;CXADR;EPCAM;LYN
SpivsNC	Reactome_2022	Cell-Cell Communication R-HSA-1500931	-1.83552156535	0	0.00939453692426	CLDN1;SRC;FBLIM1;PARD3;VASP;PVR;PARD6B;SPTBN1;MAGI2;ITGB1;CASK;CDH2;CD151;CLDN11;SDK1;DST;NECTIN2;NCK2;NCK1;CLDN2;PTK2;F11R;CLDN4;GRB2;PARVA;CLDN6;PTPN11;CLDN12;CRB3;ANG;WASL;PIK3R1;CTNNA1;FZR1;LAMB3;PATJ;RSU1
SpivsNC	Reactome_2022	Cell-cell Junction Organization R-HSA-421270	-1.67622254125	0.00749625187406	0.0290668110283	CLDN1;PARD3;PVR;PARD6B;CDH2;CLDN11;SDK1;NECTIN2;CLDN2;F11R;CLDN4;CLDN6;CLDN12;CRB3;ANG;CTNNA1;FZR1;PATJ
SpivsNC	Reactome_2022	Cellular Response To Chemical Stress R-HSA-9711123	-2.16059685157	0	4.39973629517e-05	SLC7A11;NFE2L2;SESN2;SQSTM1;MYC;SRXN1;TXNRD1;MAP1LC3B;MAFG;MAFK;ATF4;GCLC;HMOX1;TALDO1;GCLM;CREBBP;GPX2;STAT3;HM13;GSR;TBL1X;P4HB;GSTA1;TXNIP;EP300;TKT;TBL1XR1;PSMB4;NPLOC4;NQO1;PSMC3;PSMD14;PHGDH;PSMB3;UBL4A;PSMA6;PSMD8;CSNK2A2;RPS27A;KEAP1;PSMD4;PSMD7;NCOA1;GSK3B;PRKCD;PSME4;PSME3;PSMD12;PRDX5;UBA52;PSMB7;PSMC4;PSMB2;PSME1;PSMD11;PSMA7;VCP;COX14;PSMC5;COX18;CARM1;PSMC2;ALB;PSMA5;COX4I1;COX20;TXN2;PRDX2;PSMD2;PSMD13;NCF2;NCOR2;PSMB1;PSMD5
SpivsNC	Reactome_2022	Cellular Response To Hypoxia R-HSA-1234174	-1.76878080548	0	0.0151687168563	AJUBA;HIF1A;CREBBP;UBE2D2;UBE2D3;EP300;PSMB4;PSMC3;PSMD14;PSMB3;PSMA6;PSMD8;RPS27A;VEGFA;PSMD4;PSMD7;VHL;PSME4;PSME3;PSMD12;UBA52;ELOB;PSMB7;PSMC4;PSMB2;PSME1;PSMD11;PSMA7;EPAS1;PSMC5;HIGD1A;PSMC2;PSMA5;PSMD2;PSMD13;PSMB1;PSMD5
SpivsNC	Reactome_2022	Cellular Response To Starvation R-HSA-9711097	-2.20703882898	0	5.19968834884e-05	TRIB3;CEBPB;ATF3;SESN2;ASNS;CEBPG;DDIT3;ATF4;EIF2S2;RPS12;RPTOR;RPLP0;SH3BP4;RPLP2;RPL22L1;RSL24D1;RPL28;RPL34;RPS5;RPS23;RRAGC;RPS21;FAU;RPS11;RPS14;RPL19;RPL27A;RPS29;SEC13;GDNF;RPS20;ATP6V1E1;RPL37;RPS16;ATP6V1H;RPS4Y1;RPS27A;ATP6V0E2;RPL39;RPL8;RPS9;RPL23;RPL30;RPL13A;RPS6;UBA52;RPL18A;RPLP1;RPS3A;RPL10A;RPS3;RPL6;RPS13;ATP6V0B;RPL7A;EIF2S3;RPS7;RPL38;RPL9;RPSA;RPL41;RPL37A;WDR59;ATP6V0C;RPS2;RPS27;RPS4X;RPL3;ATP6V1B2;RPL11;MLST8;RPL32;RHEB;RPS24;ATP6V1A;RPS8;RPL23A;ATP6V0D1;FLCN;RPS28;RPL12;RPS19
SpivsNC	Reactome_2022	Cellular Senescence R-HSA-2559583	-1.62436715869	0.00123762376238	0.0430969518029	CEBPB;JUN;KDM6B;H1-0;CBX4;CXCL8;PHC2;HMGA1;UBE2S;STAT3;RPS6KA3;SCMH1;ETF1;CDKN1A;NFKB1;CDK4;TNRC6C;ASF1A;FOS;CDK6;CDKN2B;TERF2IP;HIRA;MAP4K4;RPS27A;UBA52;UBE2C;E2F3;CDKN1B;H2AC14;MAPKAPK2;ID1;EP400;MAP2K3;E2F2;RPS6KA2;H3-3B;TXN2;MAP2K7;H2AX;RELA;KAT5;RING1;CDK2;FZR1
SpivsNC	Reactome_2022	Cholesterol Biosynthesis R-HSA-191273	2.37799481881	0	0	FDFT1;DHCR7;MSMO1;FDPS;MVD;SC5D;IDI1;HMGCR;SQLE;TM7SF2;SREBF2;HMGCS1;NSDHL;MVK;CYP51A1
SpivsNC	Reactome_2022	Circadian Clock R-HSA-400253	-1.67203055509	0.00282485875706	0.02992788162	NFIL3;NR1D1;HIF1A;NRIP1;NR3C1;CREBBP;KLF15;TBL1X;EP300;NOCT;TBL1XR1;GDNF;PER2;F7;RPS27A;NCOA1;FBXL3;SREBF1;SIRT1;UBA52;MEF2D;RBM4;CPT1A;CRY1;CARM1;HSD17B4;CREM;NPAS2;CLOCK;BMAL1
SpivsNC	Reactome_2022	Common Pathway Of Fibrin Clot Formation R-HSA-140875	-1.68378111588	0.0130505709625	0.0283504341073	FGB;FGG;SERPINA5;FGA;PROS1;F5
SpivsNC	Reactome_2022	Complement Cascade R-HSA-166658	-1.93406539678	0	0.00291590366229	AKR1C1;C4B;C4A;C4BPA;CFI;HNRNPC;C5AR1;C1S;C5;MBL2;CD55;PROS1;CFB;C8B;CPB2;C3;C1R;PSMA7
SpivsNC	Reactome_2022	Costimulation By CD28 Family R-HSA-388841	-1.73389028427	0.00460122699387	0.0193163187574	TRIB3;SRC;PPP2R5E;PPP2R5A;PDPK1;PPP2CA;LCK;PRR5;MAP3K14;MAP3K8;CSK;GRB2;RICTOR;PKN1;LYN;PTPN11;PIK3R1;MLST8
SpivsNC	Reactome_2022	Cross-presentation Of Soluble Exogenous Antigens (Endosomes) R-HSA-1236978	-1.86639315318	0	0.00684651501693	PSMB4;PSMC3;PSMD14;PSMB3;PSMA6;PSMD8;PSMD4;PSMD7;PSME4;PSME3;PSMD12;PSMB7;PSMC4;PSMB2;PSME1;PSMD11;PSMA7;PSMC5;PSMC2;PSMA5;PSMD2;PSMD13;PSMB1;PSMD5
SpivsNC	Reactome_2022	Cyclin A:Cdk2-associated Events At S Phase Entry R-HSA-69656	-1.69892621528	0	0.0253560187103	MYC;CDKN1A;CDK4;PSMB4;CABLES1;PSMC3;PSMD14;PSMB3;PSMA6;MAX;PSMD8;RPS27A;PSMD4;PSMD7;E2F4;PSME3;PSMD12;UBA52;PSMB7;PSMC4;CDK7;PSMB2;PSME1;PSMD11;PSMA7;CDKN1B;PSMC5;PSMC2;PSMA5;PSMD2;PSMD13;CDC25A;CCNH;CDK2;PSMB1;FZR1;PSMD5
SpivsNC	Reactome_2022	Cyclin E Associated Events During G1/S Transition R-HSA-69202	-1.70198053704	0.00134589502019	0.0247102808568	MYC;CDKN1A;CDK4;PSMB4;CABLES1;PSMC3;PSMD14;PSMB3;PSMA6;MAX;PSMD8;RPS27A;PSMD4;PSMD7;E2F4;PSME3;PSMD12;UBA52;PSMB7;PSMC4;CDK7;PSMB2;PSME1;PSMD11;PSMA7;CDKN1B;PSMC5;PSMC2;PSMA5;PSMD2;PSMD13;CDC25A;CCNH;CDK2;PSMB1;PSMD5
SpivsNC	Reactome_2022	Cytoprotection By HMOX1 R-HSA-9707564	-1.61736897353	0.00578871201158	0.0454266717793	NFE2L2;MAFK;HMOX1;CREBBP;STAT3;HM13;TBL1X;TXNIP;TBL1XR1;NCOA1;COX14;COX18;CARM1;ALB;COX4I1;COX20;NCOR2;ABCC1;NCOA6;COX8A;COX5A;HBA1;TACO1;NCOA2;PTK6;COX7C;COX5B;COX7A2L;FABP1
SpivsNC	Reactome_2022	Cytosolic tRNA Aminoacylation R-HSA-379716	-2.28597200729	0	0	GARS1;SARS1;CARS1;WARS1;AARS1;MARS1;YARS1;TARS1;NARS1;EPRS1;FARSA;AIMP1;VARS1;EEF1E1;IARS1
SpivsNC	Reactome_2022	Dectin-1 Mediated Noncanonical NF-kB Signaling R-HSA-5607761	-1.85541502082	0	0.00754676989519	PSMB4;RELB;PSMC3;PSMD14;NFKB2;PSMB3;PSMA6;PSMD8;RPS27A;PSMD4;PSMD7;PSME4;UBE2M;PSME3;PSMD12;UBA52;PSMB7;PSMC4;PSMB2;MAP3K14;PSME1;PSMD11;PSMA7;PSMC5;PSMC2;PSMA5;PSMD2;PSMD13;RELA;FBXW11;PSMB1;PSMD5
SpivsNC	Reactome_2022	Defective CFTR Causes Cystic Fibrosis R-HSA-5678895	-1.6484262248	0.00561797752809	0.0358788741761	PSMB4;PSMC3;PSMD14;PSMB3;PSMA6;PSMD8;RPS27A;PSMD4;PSMD7;PSME4;PSME3;PSMD12;UBA52;PSMB7;PSMC4;PSMB2;PSME1;PSMD11;PSMA7;VCP;PSMC5;PSMC2;PSMA5;ERLEC1;SEL1L;PSMD2;PSMD13;PSMB1;PSMD5
SpivsNC	Reactome_2022	Defective Intrinsic Pathway For Apoptosis R-HSA-9734009	-1.63565760382	0.0181219110379	0.0399773933683	JUN;LMNA;C1QBP;FOXO3;CAPN1;APP;CAPNS1;PRDX2;CDC25A;CDKN2A;CDK5R1
SpivsNC	Reactome_2022	Degradation Of AXIN R-HSA-4641257	-1.78961071147	0.00139470013947	0.0138493446759	AXIN2;PSMB4;PSMC3;PSMD14;PSMB3;PSMA6;PSMD8;RPS27A;PSMD4;PSMD7;PSME4;PSME3;PSMD12;UBA52;PSMB7;PSMC4;PSMB2;PSME1;PSMD11;PSMA7;PSMC5;PSMC2;PSMA5;PSMD2;PSMD13;PSMB1;PSMD5
SpivsNC	Reactome_2022	Degradation Of Beta-Catenin By Destruction Complex R-HSA-195253	-1.94384189677	0	0.00245128165017	MYC;AXIN2;PPP2R5E;CSNK1A1;PPP2R5A;PSMB4;PSMC3;PSMD14;PPP2CA;PSMB3;PSMA6;TCF7;PSMD8;RPS27A;TLE5;PSMD4;TLE3;PSMD7;GSK3B;PSME4;PSME3;PSMD12;UBA52;PSMB7;PSMC4;PSMB2;FRAT2;CTBP1;PSME1;PSMD11;PSMA7;PSMC5;PSMC2;FRAT1;PSMA5;PSMD2;PSMD13;PSMB1;PSMD5;TCF7L2
SpivsNC	Reactome_2022	Degradation Of DVL R-HSA-4641258	-1.61619411107	0.01414427157	0.0456789060015	PSMB4;PSMC3;PSMD14;PSMB3;PSMA6;PSMD8;RPS27A;PSMD4;PSMD7;PSME4;PSME3;PSMD12;UBA52;PSMB7;PSMC4;PSMB2;PSME1;PSMD11;PSMA7;PSMC5;PSMC2;PSMA5;PSMD2;PSMD13;PSMB1;PSMD5
SpivsNC	Reactome_2022	Degradation Of GLI1 By Proteasome R-HSA-5610780	-1.64191527481	0.00556328233658	0.0376613175914	PSMB4;PSMC3;PSMD14;PSMB3;PSMA6;PSMD8;RPS27A;PSMD4;PSMD7;PSME4;PSME3;PSMD12;UBA52;PSMB7;PSMC4;PRKCA;PSMB2;PSME1;PSMD11;PSMA7;PSMC5;PSMC2;PSMA5;PSMD2;PSMD13;PSMB1;PSMD5;ITCH
SpivsNC	Reactome_2022	Degradation Of GLI2 By Proteasome R-HSA-5610783	-1.74370691973	0.00137931034483	0.0183029029879	CSNK1A1;PSMB4;PSMC3;PSMD14;PSMB3;PSMA6;PSMD8;RPS27A;PSMD4;PSMD7;GSK3B;PSME4;PSME3;PSMD12;UBA52;PSMB7;PSMC4;PRKCA;PSMB2;PSME1;PSMD11;PSMA7;PSMC5;PSMC2;PSMA5;PSMD2;PSMD13;PSMB1;PSMD5
SpivsNC	Reactome_2022	Deregulated CDK5 Triggers Neurodegenerative Pathways In Alzheimers Disease Models R-HSA-8862803	-1.705252523	0.00831946755408	0.0243622731438	JUN;LMNA;FOXO3;CAPN1;APP;CAPNS1;PRDX2;CDC25A
SpivsNC	Reactome_2022	Diseases Associated With TLR Signaling Cascade R-HSA-5602358	-1.68025359291	0.0114006514658	0.0286920507905	FGB;FGG;NFKBIA;FGA;IKBKG;NFKB1;MYD88;NFKB2
SpivsNC	Reactome_2022	Diseases Of Signal Transduction By Growth Factor Receptors And Second Messengers R-HSA-5663202	-1.80383553263	0	0.0120407628548	CEBPB;DKK1;SQSTM1;MYC;JAG1;FGB;FN1;SND1;SRC;CARS1;DUSP6;BCL2L1;TGFBR2;IRS1;DUSP16;LMNA;CREBBP;EML4;PDGFRB;FGG;STAT3;PRKAR1A;FGA;TRIM24;FGFR4;TBL1X;PPP2R5E;CDKN1A;QKI;SPTBN1;CSNK1A1;SHC1;FOXO3;LONP1;MYH9;SPRED2;ATIC;EP300;DUSP8;RNF213;MAP2K2;ETV6;PPP2R5A;PTPN12;PDPK1;CDC37;TBL1XR1;PSMB4;EGFR;TFG;PSMC3;PSMD14;PPP2CA;CBL;ERBIN;AREG;CAMK2D;PSMB3;LCK;PSMA6;PSMD8;AKT1S1;RPS27A;NPM1;PSMD4;TPM3;PSMD7;YWHAB;GSK3B;TGFB1;PAPSS1;PRR5;PSME4;TPM4;KDM7A;PSME3;PSMD12;EREG;TGFA;CUX1;HBEGF;RPS6;UBA52;PSMB7;PSMC4;GTF2F1;PSMB2;POLR2D;CTBP1;MARK3;HDAC4;PHB1;PSME1;CSK;RAP1B;FKBP1A;PEBP1;HDAC2;PSMD11;PSMA7;GRB2;PIK3AP1;CDKN1B;RICTOR;VCP;BRAF;HHAT;PSMC5;CPSF6;LYN;CCNC;SHH;DUSP10;PSMC2;PTPN11;KAT2B;PSMA5;ERLEC1;LRRFIP1;SEL1L;HIP1;NCBP1;LMO7;PIK3R1;LRP6;TLN1;PSMD2;PSMD13;AP3B1;SMAD2;NCOR2;MLST8;PSMB1;NR4A1;PSMD5;FGF19
SpivsNC	Reactome_2022	Downstream Signaling Events Of B Cell Receptor (BCR) R-HSA-1168372	-1.79000981887	0	0.0138505423959	NFKBIA;PPP3R1;IKBKG;NFKB1;NFKBIB;NFATC3;PSMB4;PSMC3;PSMD14;PSMB3;PSMA6;PSMD8;PPP3CA;RPS27A;PSMD4;PSMD7;PSME4;PSME3;PSMD12;UBA52;PSMB7;PSMC4;PSMB2;PSME1;FKBP1A;PSMD11;PSMA7;PSMC5;PSMC2;PSMA5;NFKBIE;PSMD2;NFATC2;PSMD13;RELA;FBXW11;PSMB1;PSMD5
SpivsNC	Reactome_2022	Downstream TCR Signaling R-HSA-202424	-1.84807185988	0.00135317997294	0.00847762886683	UBE2D2;NFKBIA;RIPK2;IKBKG;NFKB1;CDC34;PDPK1;PSMB4;PSMC3;PSMD14;PSMB3;LCK;PSMA6;PSMD8;RPS27A;PSMD4;PSMD7;PSME4;PSME3;PSMD12;UBA52;PSMB7;PSMC4;PSMB2;PSME1;PSMD11;PSMA7;PSMC5;PSMC2;PSMA5;TAB2;PIK3R1;PSMD2;PSMD13;RELA;FBXW11;PSMB1;PSMD5
SpivsNC	Reactome_2022	EGFR Downregulation R-HSA-182971	-1.81724616505	0.00316957210777	0.0110922789878	SPRY1;PTPRK;SH3KBP1;PTPN12;EGFR;CBL;AREG;RPS27A;EREG;TGFA;HBEGF;UBA52;STAM;GRB2;SH3GL1
SpivsNC	Reactome_2022	ER-Phagosome Pathway R-HSA-1236974	-1.89382458231	0	0.00482357755827	FGB;CALR;PDIA3;SEC61A1;FGG;FGA;IKBKG;PSMB4;PSMC3;MYD88;PSMD14;PSMB3;PSMA6;PSMD8;SEC61G;RPS27A;TAPBP;PSMD4;PSMD7;PSME4;PSME3;PSMD12;UBA52;PSMB7;PSMC4;PSMB2;PSME1;HLA-A;PSMD11;PSMA7;PSMC5;SEC61B;PSMC2;PSMA5;PSMD2;PSMD13;PSMB1;PSMD5
SpivsNC	Reactome_2022	Early SARS-CoV-2 Infection Events R-HSA-9772572	-1.6704892571	0.00616332819723	0.0302248134302	MAP1LC3B;GPC6;NRP1;GPC3;FURIN;SDC4;BECN1;TMPRSS2;VHL;VCP;CHMP4C;CHMP4B
SpivsNC	Reactome_2022	Eukaryotic Translation Elongation R-HSA-156842	-2.27241096385	0	0	EEF1A1;RPS12;RPLP0;RPLP2;RPL22L1;RSL24D1;RPL28;RPL34;RPS5;RPS23;RPS21;FAU;RPS11;RPS14;RPL19;RPL27A;RPS29;RPS20;RPL37;RPS16;EEF2;RPS4Y1;RPS27A;RPL39;RPL8;RPS9;RPL23;RPL30;RPL13A;RPS6;UBA52;RPL18A;RPLP1;RPS3A;RPL10A;RPS3;RPL6;EEF1D;RPS13;RPL7A;RPS7;RPL38;RPL9;RPSA;RPL41;RPL37A;RPS2;RPS27;RPS4X;RPL3;RPL11;RPL32;RPS24;RPS8;RPL23A;RPS28;RPL12;RPS19;RPL35A;RPS17
SpivsNC	Reactome_2022	Eukaryotic Translation Termination R-HSA-72764	-2.29182526034	0	0	GSPT1;RPS12;RPLP0;RPLP2;ETF1;RPL22L1;RSL24D1;RPL28;RPL34;RPS5;RPS23;RPS21;FAU;RPS11;RPS14;RPL19;RPL27A;RPS29;RPS20;RPL37;APEH;RPS16;RPS4Y1;RPS27A;RPL39;RPL8;RPS9;RPL23;RPL30;RPL13A;RPS6;UBA52;RPL18A;RPLP1;RPS3A;RPL10A;RPS3;RPL6;RPS13;RPL7A;RPS7;RPL38;RPL9;RPSA;RPL41;RPL37A;RPS2;RPS27;RPS4X;RPL3;RPL11;RPL32;RPS24;RPS8;RPL23A;RPS28;RPL12;RPS19;RPL35A;RPS17
SpivsNC	Reactome_2022	FBXL7 Down-Regulates AURKA During Mitotic Entry And In Early Mitosis R-HSA-8854050	-1.7462725109	0.00139470013947	0.0179689084078	PSMB4;PSMC3;PSMD14;PSMB3;PSMA6;PSMD8;RPS27A;PSMD4;PSMD7;PSME4;PSME3;PSMD12;UBA52;PSMB7;PSMC4;PSMB2;PSME1;AURKA;PSMD11;PSMA7;PSMC5;PSMC2;PSMA5;PSMD2;PSMD13;PSMB1;PSMD5
SpivsNC	Reactome_2022	FCERI Mediated NF-kB Activation R-HSA-2871837	-1.82563391448	0	0.010149066119	UBE2D2;NFKBIA;IKBKG;NFKB1;CDC34;PDPK1;PSMB4;PSMC3;PSMD14;PSMB3;PSMA6;PSMD8;RPS27A;PSMD4;PSMD7;PSME4;PSME3;PSMD12;UBA52;PSMB7;PSMC4;PSMB2;PSME1;PSMD11;PSMA7;PSMC5;LYN;PSMC2;PSMA5;TAB2;PSMD2;PSMD13;RELA;FBXW11;PSMB1;PSMD5
SpivsNC	Reactome_2022	FLT3 Signaling R-HSA-9607240	-1.70571503256	0.00462962962963	0.0243643445643	SH2B3;SOCS6;GRB10;FOXO3;ABL2;CBL;LCK;RPS27A;UBA52;CSK;GRB2;CDKN1B;PTPN11;SLA2;PIK3R1
SpivsNC	Reactome_2022	FOXO-mediated Transcription R-HSA-9614085	-1.72540811502	0.00146412884334	0.020406260791	GADD45A;DDIT3;NR3C1;CREBBP;CDKN1A;FOXO3;TXNIP;BTG1;EP300;PCBP4;BBC3;YWHAG;NFYC;YWHAB;SREBF1;SIRT1;YWHAZ;BCL6;NFYA;HDAC2;CDKN1B;IGFBP1;REXO2;KAT2B;TXN2;SMAD2
SpivsNC	Reactome_2022	Fc Epsilon Receptor (FCERI) Signaling R-HSA-2454202	-1.8314631381	0.00132625994695	0.00980711951258	JUN;ITPR3;UBE2D2;NFKBIA;PPP3R1;IKBKG;NFKB1;SHC1;NFATC3;CDC34;ITPR2;FOS;PDPK1;PSMB4;ITPR1;PSMC3;PSMD14;PSMB3;PSMA6;PSMD8;PPP3CA;RPS27A;PSMD4;PSMD7;PSME4;PSME3;PSMD12;UBA52;PSMB7;PSMC4;PSMB2;PSME1;PSMD11;PSMA7;GRB2;PKN1;PSMC5;LYN;PSMC2;PSMA5;TAB2;PIK3R1;MAP2K7;PSMD2;NFATC2;PSMD13;RELA;FBXW11;PSMB1;PSMD5
SpivsNC	Reactome_2022	Formation Of A Pool Of Free 40S Subunits R-HSA-72689	-2.33827004391	0	0	RPS12;RPLP0;EIF3B;RPLP2;RPL22L1;RSL24D1;RPL28;RPL34;RPS5;EIF3I;RPS23;RPS21;FAU;RPS11;EIF3J;EIF3K;EIF3C;RPS14;RPL19;RPL27A;RPS29;RPS20;RPL37;RPS16;RPS4Y1;RPS27A;EIF3A;RPL39;RPL8;RPS9;RPL23;RPL30;RPL13A;RPS6;EIF3M;UBA52;RPL18A;RPLP1;RPS3A;RPL10A;RPS3;RPL6;RPS13;RPL7A;RPS7;RPL38;RPL9;RPSA;RPL41;RPL37A;RPS2;RPS27;RPS4X;RPL3;EIF3H;RPL11;RPL32;RPS24;RPS8;RPL23A;RPS28;RPL12;RPS19;RPL35A;RPS17
SpivsNC	Reactome_2022	Formation Of Ternary Complex, And Subsequently, 43S Complex R-HSA-72695	-2.22645723884	0	0	EIF2S2;RPS12;EIF3B;RPS5;EIF3I;RPS23;RPS21;FAU;RPS11;EIF3J;EIF3K;EIF3C;RPS14;RPS29;RPS20;RPS16;RPS4Y1;RPS27A;EIF3A;RPS9;RPS6;EIF3M;RPS3A;RPS3;RPS13;EIF2S3;RPS7;RPSA;RPS2;RPS27;RPS4X;EIF3H;RPS24;RPS8;RPS28;RPS19;RPS17
SpivsNC	Reactome_2022	G1/S DNA Damage Checkpoints R-HSA-69615	-1.65961324201	0.00702247191011	0.0328273657757	CDKN1A;PCBP4;PSMB4;PSMC3;PSMD14;PSMB3;PSMA6;PSMD8;RPS27A;PSMD4;PSMD7;PSME4;PSME3;PSMD12;UBA52;PSMB7;PSMC4;PSMB2;PSME1;PSMD11;PSMA7;CDKN1B;PSMC5;PSMC2;PSMA5;PSMD2;PSMD13;CDC25A;CDK2;PSMB1;PSMD5
SpivsNC	Reactome_2022	GLI3 Is Processed To GLI3R By Proteasome R-HSA-5610785	-1.74370691973	0.00137931034483	0.0183029029879	CSNK1A1;PSMB4;PSMC3;PSMD14;PSMB3;PSMA6;PSMD8;RPS27A;PSMD4;PSMD7;GSK3B;PSME4;PSME3;PSMD12;UBA52;PSMB7;PSMC4;PRKCA;PSMB2;PSME1;PSMD11;PSMA7;PSMC5;PSMC2;PSMA5;PSMD2;PSMD13;PSMB1;PSMD5
SpivsNC	Reactome_2022	GPVI-mediated Activation Cascade R-HSA-114604	-1.68897803944	0.0114754098361	0.0272475420187	RHOB;PDPK1;LCK;PRKCZ;RHOA;LYN;PTPN11;PIK3R1;RAC2;RHOG
SpivsNC	Reactome_2022	GSK3B And BTRC:CUL1-mediated-degradation Of NFE2L2 R-HSA-9762114	-1.87577731105	0	0.0061486314725	NFE2L2;PSMB4;PSMC3;PSMD14;PSMB3;PSMA6;PSMD8;RPS27A;PSMD4;PSMD7;GSK3B;PSME3;PSMD12;UBA52;PSMB7;PSMC4;PSMB2;PSME1;PSMD11;PSMA7;PSMC5;PSMC2;PSMA5;PSMD2;PSMD13;PSMB1;PSMD5
SpivsNC	Reactome_2022	GTP Hydrolysis And Joining Of 60S Ribosomal Subunit R-HSA-72706	-2.25891564641	0	0	EIF2S2;RPS12;RPLP0;EIF3B;RPLP2;RPL22L1;RSL24D1;RPL28;RPL34;RPS5;EIF3I;RPS23;RPS21;FAU;RPS11;EIF3J;EIF3K;EIF3C;RPS14;EIF4G1;RPL19;RPL27A;RPS29;EIF4B;RPS20;RPL37;RPS16;RPS4Y1;RPS27A;EIF3A;RPL39;RPL8;RPS9;RPL23;RPL30;RPL13A;RPS6;EIF3M;UBA52;RPL18A;RPLP1;RPS3A;RPL10A;RPS3;RPL6;RPS13;RPL7A;EIF2S3;RPS7;RPL38;RPL9;RPSA;RPL41;RPL37A;RPS2;RPS27;RPS4X;RPL3;EIF3H;RPL11;RPL32;EIF4E;RPS24;RPS8;RPL23A;RPS28;RPL12;RPS19;RPL35A;RPS17
SpivsNC	Reactome_2022	HS-GAG Biosynthesis R-HSA-2022928	-1.6758097912	0.0142405063291	0.0290643320595	GPC6;GPC3;SLC35D2;SDC4;HS6ST1;HS3ST5;NDST1;HS3ST3B1;HS3ST3A1
SpivsNC	Reactome_2022	Hedgehog Ligand Biogenesis R-HSA-5358346	-1.78457165998	0.00140449438202	0.0141049894586	P4HB;PSMB4;PSMC3;PSMD14;PSMB3;PSMA6;PSMD8;RPS27A;PSMD4;PSMD7;PSME4;PSME3;PSMD12;UBA52;PSMB7;PSMC4;PSMB2;PSME1;PSMD11;PSMA7;VCP;HHAT;PSMC5;SHH;PSMC2;PSMA5;ERLEC1;SEL1L;PSMD2;PSMD13;PSMB1;PSMD5
SpivsNC	Reactome_2022	Heme Signaling R-HSA-9707616	-1.7069332079	0.00581395348837	0.0243473802092	NFE2L2;APOB;NR1D1;MAFK;HMOX1;NRIP1;CREBBP;TBL1X;EP300;TBL1XR1;GDNF;NCOA1;SIRT1;MEF2D
SpivsNC	Reactome_2022	Hemostasis R-HSA-109582	-1.79618000596	0	0.0130636970076	THBS1;SLC7A11;RHOB;SH2B3;FGB;FN1;APOB;MAFG;SRC;SLC3A2;MAFK;GTPBP2;SERPINA3;ATP1B1;MAFF;SLC7A5;HSPA5;KIF3C;ITPR3;CARMIL1;TNFRSF10B;SLC7A6;CD63;DOCK4;DAGLA;ATP2A2;FGG;GRB7;PRKAR1B;SERPINA5;PRKAR1A;DOCK1;SDC4;FGA;ABL1;APOH;ZFPM1;MERTK;DGKK;PPP2R5E;ADRA2C;C1QBP;PFN1;PTPN1;ESAM;SHC1;GATA2;BCAR1;PROS1;ITPR2;PPP2R5A;BRPF3;ATP2B1;PDPK1;THPO;ITGB1;TNFRSF10A;GATA4;CABLES1;ITPR1;ITIH4;LHFPL2;PPP2CA;TMSB4X;CD9;GNAQ;TIMP1;ITGA10;LCK;ABCC4;F7;MAG;GNG5;ANXA5;VEGFA;PRKCD;TGFB1;STIM1;IRF1;SERPINA4;F5;PRKCE;YWHAZ;PRKCA;PRKCZ;PRKAR2A;MAGED2;KIF21B;RCOR1;WDR1;PTK2;LGALS3BP;F11R;RHOA;ORAI2;CSK;RAP1B;GNB1;RAD51B;KIF16B;HDAC2;PDE11A;KIF1C;SGPP2;GRB2;MANF;GNG4;TSPAN7;ORM1;CXADR;APP;CALU;PAFAH2;EPCAM;PRKCH;LYN;SERPINF2;PHACTR2;ITPK1;PTPN11;ALB;GNA11;SYTL4;H3-3B;F3;SERPING1;PIK3R1;TLN1;HABP4;TUBA4A;CAPZB
SpivsNC	Reactome_2022	Hh Mutants Abrogate Ligand Secretion R-HSA-5387390	-1.85929716736	0.00142045454545	0.0073048193175	PSMB4;PSMC3;PSMD14;PSMB3;PSMA6;PSMD8;RPS27A;PSMD4;PSMD7;PSME4;PSME3;PSMD12;UBA52;PSMB7;PSMC4;PSMB2;PSME1;PSMD11;PSMA7;VCP;HHAT;PSMC5;SHH;PSMC2;PSMA5;ERLEC1;SEL1L;PSMD2;PSMD13;PSMB1;PSMD5
SpivsNC	Reactome_2022	Hh Mutants Are Degraded By ERAD R-HSA-5362768	-1.86744552098	0.00140845070423	0.00681159173698	PSMB4;PSMC3;PSMD14;PSMB3;PSMA6;PSMD8;RPS27A;PSMD4;PSMD7;PSME4;PSME3;PSMD12;UBA52;PSMB7;PSMC4;PSMB2;PSME1;PSMD11;PSMA7;VCP;PSMC5;SHH;PSMC2;PSMA5;ERLEC1;SEL1L;PSMD2;PSMD13;PSMB1;PSMD5
SpivsNC	Reactome_2022	IRAK4 Deficiency (TLR2/4) R-HSA-5603041	-1.61484317685	0.03264604811	0.0458711329974	FGB;FGG;FGA;MYD88
SpivsNC	Reactome_2022	IRE1alpha Activates Chaperones R-HSA-381070	-1.74274976662	0.00300751879699	0.0184009542539	HYOU1;ERN1;GFPT1;HSPA5;LMNA;PREB;SERP1;WIPI1;PDIA6;SHC1;SRPRB;PDIA5;DNAJC3;CTDSP2;SRPRA;YIF1A;DNAJB11;KDELR3;GOSR2
SpivsNC	Reactome_2022	Inflammasomes R-HSA-622312	-1.62078445772	0.0182421227197	0.0442074148781	BCL2L1;HMOX1;NFKB1;TXNIP;NFKB2;APP;HSP90AB1;TXN2;RELA
SpivsNC	Reactome_2022	Influenza Infection R-HSA-168255	-1.67876091345	0.00125470514429	0.028977524058	CALR;KPNB1;KPNA4;RPS12;RPLP0;RPLP2;RPL22L1;RSL24D1;RPL28;RPL34;NUP153;RPS5;RPS23;CANX;RPS21;FAU;RPS11;RPS14;RPL19;RPL27A;RPS29;SEC13;RPS20;DNAJC3;RPL37;RPS16;NUP98;RPS4Y1;RPS27A;TGFB1;RPL39;RPL8;RPS9;RPL23;RPL30;RPL13A;RPS6;UBA52;GTF2F1;RPL18A;CLTA;RPLP1;RPS3A;POLR2D;RPL10A;RPS3;RPL6;RPS13;RPL7A;RPS7;RPL38;RPL9;RPSA;RPL41;RPL37A;NUP42;RPS2;RPS27;RPS4X;NUP88;RPL3;IPO5;RPL11;RPL32;GRSF1;GTF2F2;RPS24;NUP50;RPS8;RPL23A;RPS28;RPL12;RPS19;RPL35A;RPS17;NUP43;PBRM1;NUP93;SEH1L;MRPL13
SpivsNC	Reactome_2022	Influenza Viral RNA Transcription And Replication R-HSA-168273	-1.70741358645	0.00131752305665	0.024384923546	RPS12;RPLP0;RPLP2;RPL22L1;RSL24D1;RPL28;RPL34;NUP153;RPS5;RPS23;RPS21;FAU;RPS11;RPS14;RPL19;RPL27A;RPS29;SEC13;RPS20;DNAJC3;RPL37;RPS16;NUP98;RPS4Y1;RPS27A;RPL39;RPL8;RPS9;RPL23;RPL30;RPL13A;RPS6;UBA52;GTF2F1;RPL18A;RPLP1;RPS3A;POLR2D;RPL10A;RPS3;RPL6;RPS13;RPL7A;RPS7;RPL38;RPL9;RPSA;RPL41;RPL37A;NUP42;RPS2;RPS27;RPS4X;NUP88;RPL3;IPO5;RPL11;RPL32;GRSF1;GTF2F2;RPS24;NUP50;RPS8;RPL23A;RPS28;RPL12;RPS19;RPL35A;RPS17;NUP43;PBRM1;NUP93;SEH1L;MRPL13
SpivsNC	Reactome_2022	Insertion Of Tail-Anchored Proteins Into Endoplasmic Reticulum Membrane R-HSA-9609523	-1.76465674685	0.00331125827815	0.0154025413924	VAPA;HMOX1;GET4;SERP1;PRNP;UBL4A;SEC61G;SGTA;ALDH3A2;STX5;APP;SEC61B
SpivsNC	Reactome_2022	Integrin Cell Surface Interactions R-HSA-216083	-1.63996038427	0.00724637681159	0.0382942047791	THBS1;FGB;FN1;FGG;FGA;ICAM1;ITGB1;ITGA10
SpivsNC	Reactome_2022	Integrin Signaling R-HSA-354192	-1.97458056242	0	0.00149982121706	FGB;FN1;SRC;FGG;FGA;PTPN1;SHC1;BCAR1;PDPK1;PTK2;CSK;RAP1B;GRB2
SpivsNC	Reactome_2022	Interleukin-1 Family Signaling R-HSA-446652	-1.84651666046	0	0.00832360637526	SQSTM1;IL1R1;STAT3;IL1RN;NFKBIA;PTPN14;RIPK2;IKBKG;NFKB1;NFKBIB;PTPN12;IL18;NLRC5;PSMB4;IRAK2;PSMC3;MYD88;PSMD14;PELI1;NFKB2;PSMB3;PSMA6;PSMD8;RPS27A;PSMD4;PSMD7;PSME4;PSME3;PSMD12;TNIP2;IRAK1;UBA52;PSMB7;PSMC4;PSMB2;PSME1;MAP3K8;PSMD11;PSMA7;APP;PSMC5;PSMC2;PTPN11;PSMA5;TAB2;TOLLIP;PTPN4;IL1R2;PSMD2;PSMD13;USP14;RELA;FBXW11;PSMB1;PSMD5
SpivsNC	Reactome_2022	Interleukin-1 Signaling R-HSA-9020702	-1.91134205039	0	0.0038811959461	SQSTM1;IL1R1;IL1RN;NFKBIA;RIPK2;IKBKG;NFKB1;NFKBIB;NLRC5;PSMB4;IRAK2;PSMC3;MYD88;PSMD14;PELI1;NFKB2;PSMB3;PSMA6;PSMD8;RPS27A;PSMD4;PSMD7;PSME4;PSME3;PSMD12;TNIP2;IRAK1;UBA52;PSMB7;PSMC4;PSMB2;PSME1;MAP3K8;PSMD11;PSMA7;APP;PSMC5;PSMC2;PSMA5;TAB2;TOLLIP;IL1R2;PSMD2;PSMD13;USP14;RELA;FBXW11;PSMB1;PSMD5
SpivsNC	Reactome_2022	Interleukin-10 Signaling R-HSA-6783783	-1.9948199704	0	0.000957710040065	CXCL8;CSF1;IL1R1;CCL20;LIF;STAT3;IL1RN;ICAM1;TNFRSF1A;IL18;TIMP1
SpivsNC	Reactome_2022	Interleukin-4 And Interleukin-13 Signaling R-HSA-6785807	-2.08099257391	0	0.000302805380315	MYC;FN1;MCL1;BCL2L1;CXCL8;HIF1A;LIF;HMOX1;IL4R;STAT3;HSP90B1;ICAM1;SOCS3;CDKN1A;CEBPD;FOXO3;LONP1;FOS;ITGB1;IL18;RHOU;TIMP1;MMP3;VEGFA;TGFB1;MAOA;BCL6
SpivsNC	Reactome_2022	Interleukin-6 Family Signaling R-HSA-6783589	-1.61064070142	0.0132231404959	0.0471258897245	IL11;LIF;IL6ST;STAT3;SOCS3;CLCF1;OSMR;CBL
SpivsNC	Reactome_2022	Intracellular Signaling By Second Messengers R-HSA-9006925	-1.91511502273	0	0.00379192087365	EGR1;TRIB3;JUN;IER3;CBX4;SRC;IRS1;VAPA;PHC2;ITPR3;PDGFRB;RPTOR;PIP4K2A;PRKAR1B;GATAD2A;PIP5K1B;PRKAR1A;SCMH1;PIP5K1A;FGFR4;PPP2R5E;CDKN1A;FOXO3;TNRC6C;MTA2;ITPR2;PPP2R5A;RRAGC;PDPK1;PHLPP2;PSMB4;EGFR;ITPR1;PSMC3;MYD88;PSMD14;PPP2CA;GDNF;AREG;CAMK2D;PSMB3;LCK;PSMA6;PSMD8;AKT1S1;CSNK2A2;RPS27A;PSMD4;PSMD7;GSK3B;PRKCD;STUB1;PRR5;PSME4;ADCY9;ATN1;PSME3;PSMD12;EREG;TGFA;IRAK1;NEDD4;PPARG;PRKCE;HBEGF;UBA52;PSMB7;PSMC4;PRKCA;PSMB2;PRKAR2A;RCOR1;PSME1;HDAC2;PSMD11;TRIM27;PSMA7;GRB2;PIK3AP1;CDKN1B;RICTOR;CHD4;PHLPP1;PSMC5;MAF1;PSMC2;PTPN11;PSMA5;NBEA;GATAD2B;PIK3R1;USP7;PSMD2;PSMD13;RING1;MLST8;PSMB1;NR4A1;PSMD5;FGF19
SpivsNC	Reactome_2022	KEAP1-NFE2L2 Pathway R-HSA-9755511	-2.35625373028	0	0	SLC7A11;NFE2L2;SESN2;SQSTM1;MYC;SRXN1;TXNRD1;MAP1LC3B;MAFG;MAFK;ATF4;GCLC;HMOX1;TALDO1;GCLM;CREBBP;GSR;GSTA1;EP300;TKT;PSMB4;NPLOC4;NQO1;PSMC3;PSMD14;PHGDH;PSMB3;UBL4A;PSMA6;PSMD8;CSNK2A2;RPS27A;KEAP1;PSMD4;PSMD7;GSK3B;PRKCD;PSME4;PSME3;PSMD12;UBA52;PSMB7;PSMC4;PSMB2;PSME1;PSMD11;PSMA7;VCP
SpivsNC	Reactome_2022	Keratinization R-HSA-6805567	-1.77227322978	0.00292825768668	0.0152007160408	KRT18;KRT23;PRSS8;KRT19;FURIN;KRT8;PKP2;PPL;CAPN1;PKP4;KRT10;RCAN1;KRTAP3-1;CAPNS1;KRT80;KRT20;KRTAP2-3
SpivsNC	Reactome_2022	L13a-mediated Translational Silencing Of Ceruloplasmin Expression R-HSA-156827	-2.28876536827	0	0	EIF2S2;RPS12;RPLP0;EIF3B;RPLP2;RPL22L1;RSL24D1;RPL28;RPL34;RPS5;EIF3I;RPS23;RPS21;FAU;RPS11;EIF3J;EIF3K;EIF3C;RPS14;EIF4G1;RPL19;RPL27A;RPS29;EIF4B;RPS20;RPL37;RPS16;RPS4Y1;RPS27A;PABPC1;EIF3A;RPL39;RPL8;RPS9;RPL23;RPL30;RPL13A;RPS6;EIF3M;UBA52;RPL18A;RPLP1;RPS3A;RPL10A;RPS3;RPL6;RPS13;RPL7A;EIF2S3;RPS7;RPL38;RPL9;RPSA;RPL41;RPL37A;RPS2;RPS27;RPS4X;RPL3;EIF3H;RPL11;RPL32;EIF4E;RPS24;RPS8;RPL23A;RPS28;RPL12;RPS19;RPL35A;RPS17
SpivsNC	Reactome_2022	MAP Kinase Activation R-HSA-450294	-1.69744771261	0.00439882697947	0.0253261099484	JUN;DUSP6;RPS6KA3;RIPK2;IKBKG;NFKB1;FOS;IRAK2;PPP2CA;DUSP3;GDNF;RPS27A;TNIP2;IRAK1;UBA52;MAP3K8;MAPKAPK2;MAP2K3;RPS6KA2;TAB2;MAP2K7;FBXW11
SpivsNC	Reactome_2022	MAP2K And MAPK Activation R-HSA-5674135	-1.69747946759	0.00616332819723	0.0254608365395	FGB;FN1;SRC;FGG;FGA;MAP2K2;YWHAB;MARK3;CSK;RAP1B;PEBP1;BRAF
SpivsNC	Reactome_2022	MAPK Family Signaling Cascades R-HSA-5683057	-1.84753910475	0	0.00826681118287	JUN;MYC;FGB;FN1;SRC;DUSP6;BCL2L1;IRS1;DUSP16;IL6ST;PDGFRB;FGG;FGA;ETV4;FGFR4;RASAL2;PPP2R5E;SPTBN1;SHC1;FOXO3;HSPB1;SPRED2;TNRC6C;DUSP8;DUSP5;RAPGEF2;MAP2K2;PPP2R5A;GRIN2D;PSMB4;EGFR;PSMC3;PSMD14;PPP2CA;GDNF;AREG;CAMK2D;PSMB3;CDC42EP2;PSMA6;PSMD8;RPS27A;PSMD4;PSMD7;YWHAB;PSME4;NCOA3;PSME3;PSMD12;EREG;TGFA;RASGRF2;HBEGF;UBA52;PSMB7;PSMC4;PRKCA;PSMB2;PTK2;MARK3;PHB1;PSME1;CSK;RAP1B;PEBP1;DNAJB1;DUSP12;IL6R;PSMD11;PSMA7;GRB2;IGF2BP1;BRAF;PKN1;ABHD17B;PSMC5;DAB2IP;DUSP10;PSMC2;PTPN11;PSMA5;PIK3R1;TLN1;CDC14A;PSMD2;PSMD13;PEA15
SpivsNC	Reactome_2022	MAPK Targets/ Nuclear Events Mediated By MAP Kinases R-HSA-450282	-1.69388044871	0.0048309178744	0.0259009475876	JUN;DUSP6;RPS6KA3;FOS;PPP2CA;DUSP3;GDNF
SpivsNC	Reactome_2022	MAPK1/MAPK3 Signaling R-HSA-5684996	-1.83159814832	0	0.00991407245178	FGB;FN1;SRC;DUSP6;BCL2L1;IRS1;DUSP16;IL6ST;PDGFRB;FGG;FGA;FGFR4;RASAL2;PPP2R5E;SPTBN1;SHC1;SPRED2;DUSP8;DUSP5;RAPGEF2;MAP2K2;PPP2R5A;GRIN2D;PSMB4;EGFR;PSMC3;PSMD14;PPP2CA;GDNF;AREG;CAMK2D;PSMB3;PSMA6;PSMD8;RPS27A;PSMD4;PSMD7;YWHAB;PSME4;PSME3;PSMD12;EREG;TGFA;RASGRF2;HBEGF;UBA52;PSMB7;PSMC4;PSMB2;PTK2;MARK3;PHB1;PSME1;CSK;RAP1B;PEBP1;DUSP12;IL6R;PSMD11;PSMA7;GRB2;BRAF;ABHD17B;PSMC5;DAB2IP;DUSP10;PSMC2;PTPN11;PSMA5;PIK3R1;TLN1;PSMD2;PSMD13;PEA15;PSMB1;PSMD5;FGF19
SpivsNC	Reactome_2022	MAPK6/MAPK4 Signaling R-HSA-5687128	-1.72730001734	0.0027027027027	0.0202543154388	JUN;MYC;ETV4;FOXO3;HSPB1;TNRC6C;PSMB4;PSMC3;PSMD14;PSMB3;CDC42EP2;PSMA6;PSMD8;RPS27A;PSMD4;PSMD7;PSME4;NCOA3;PSME3;PSMD12;UBA52;PSMB7;PSMC4;PRKCA;PSMB2;PSME1;DNAJB1;PSMD11;PSMA7;IGF2BP1;PKN1;PSMC5;PSMC2;PSMA5;CDC14A;PSMD2;PSMD13;PSMB1;PSMD5
SpivsNC	Reactome_2022	Major Pathway Of rRNA Processing In Nucleolus And Cytosol R-HSA-6791226	-2.16384911959	0	4.57572574698e-05	RCL1;RRP7A;RPS12;RPLP0;WDR43;UTP4;RPLP2;NOP14;BYSL;WDR46;RPL22L1;RSL24D1;WDR12;IMP4;RPL28;RPL34;RPS5;SNU13;NIP7;RPS23;EBNA1BP2;NOP58;RPS21;FAU;RPS11;EMG1;RPS14;UTP11;RPL19;RPL27A;EXOSC6;RPS29;FBL;WDR18;DHX37;RPS20;UTP25;RPL37;RPS16;RPS4Y1;RPS27A;RPL39;RPL8;RPS9;RPL23;PES1;RPL30;RPL13A;RPS6;UBA52;RPL18A;RPLP1;DDX49;RPS3A;UTP15;NOL12;EXOSC8;RPL10A;RPS3;RPL6;UTP6;RPS13;RPL7A;PDCD11;RPS7;RPL38;RPL9;PWP2;RPSA;RPL41;SENP3;PNO1;RPL37A;UTP3;RPS2;RPS27;FTSJ3;RPS4X;NOL6;RPP14;RPL3
SpivsNC	Reactome_2022	Metabolism Of Amino Acids And Derivatives R-HSA-71291	-1.98524106819	0	0.00124792520372	GPT2;ASNS;SARS1;SMOX;PSAT1;TXNRD1;SLC38A1;SLC3A2;PYCR1;ARG2;PSPH;MARS1;BCAT1;PAH;ASS1;NAGS;SLC7A5;EPRS1;KYNU;GLUD1;AGXT;AIMP1;RPS12;HGD;ALDH18A1;RPLP0;RPLP2;SERINC5;ASL;GSR;RPL22L1;RSL24D1;RPL28;RPL34;RPS5;SQOR;EEF1E1;GCAT;GLDC;SBDS;RPS23;SLC6A11;IARS1;RPS21;FAU;RPS11;GAMT;PSMB4;RPS14;RPL19;NQO1;RPL27A;PSMC3;RPS29;PSMD14;PHGDH;RPS20;ADO;PSMB3;PYCR2;PSMA6;RPL37;SLC6A12;RPS16;PSMD8;RPS4Y1;RPS27A;GRHPR;PSMD4;PDHA1;PSMD7;AZIN1;RPL39;OAZ1;RPL8;RPS9;RPL23;PAPSS1;SLC25A13;FAH;PSME4;GOLT1A;PSME3;PSMD12;RPL30;RPL13A;ETHE1;RPS6;UBA52;PSMB7;PSMC4;PSMB2;RPL18A;RPLP1;RPS3A;IVD;RPL10A;PSME1;RPS3;RPL6;MTRR;HPD;RPS13;PSMD11;PSMA7;RPL7A;RPS7;SCLY;RPL38;BHMT2;RPL9;RPSA;RPL41;MPST;PSMC5;RPL37A;MTAP;MCCC2;TINAGL1;PSMC2;RPS2;RPS27;HNMT;PSMA5;RPS4X;DDC;PCBD1;RPL3;MCCC1;SLC45A2;TXN2;SLC25A10;PSMD2;PSMD13
SpivsNC	Reactome_2022	Metabolism Of Folate And Pterines R-HSA-196757	-1.75128653553	0.0114192495922	0.0170827094554	MTHFD2;SHMT2;MTHFD1L;ALDH1L2;ALDH1L1;SLC25A32;MTHFD1;FPGS;SLC19A1
SpivsNC	Reactome_2022	Metabolism Of Polyamines R-HSA-351202	-1.93770862872	0	0.00274543544819	SMOX;SLC38A1;PSMB4;NQO1;PSMC3;PSMD14;PSMB3;PSMA6;PSMD8;PSMD4;PSMD7;AZIN1;OAZ1;PSME4;PSME3;PSMD12;PSMB7;PSMC4;PSMB2;PSME1;PSMD11;PSMA7;PSMC5;PSMC2;PSMA5;PSMD2;PSMD13;PSMB1;PSMD5
SpivsNC	Reactome_2022	Metal Ion SLC Transporters R-HSA-425410	-1.80899439421	0	0.0116096871346	SLC39A14;SLC31A1;SLC30A1;SLC39A5;SLC39A1;SLC39A3;SLC30A7;SLC41A2;SLC39A7;SLC30A10
SpivsNC	Reactome_2022	Mitochondrial Protein Import R-HSA-1268020	-1.66933884785	0.00426742532006	0.0303882718973	HSPA9;GRPEL2;CHCHD2;TIMM44;ATP5F1B;CS;TIMM9;TIMM13;CHCHD3;ATP5F1A;TIMM10;SLC25A13;CHCHD10;PITRM1;CMC2;HSCB;TIMM23;TOMM40;FXN;GRPEL1;LDHD;TIMM10B;TIMM50;GFER;TIMM8A
SpivsNC	Reactome_2022	Mitophagy R-HSA-5205647	-1.62460684302	0.0140625	0.0431540116301	SQSTM1;MAP1LC3B;SRC;PGAM5;CSNK2A2;RPS27A;ULK1;UBA52;ATG5;TOMM40
SpivsNC	Reactome_2022	MyD88 Cascade Initiated On Plasma Membrane R-HSA-975871	-1.73899313593	0	0.0189108665487	JUN;DUSP6;RPS6KA3;NFKBIA;RIPK2;IKBKG;NFKB1;NFKBIB;FOS;NLRC5;IRAK2;MYD88;PELI1;PPP2CA;DUSP3;GDNF;NFKB2;RPS27A;TNIP2;IRAK1;UBA52;ECSIT;MAP3K8;APP;MAPKAPK2;MAP2K3;RPS6KA2;TAB2;MAP2K7;USP14;RELA;FBXW11
SpivsNC	Reactome_2022	MyD88 Deficiency (TLR2/4) R-HSA-5602498	-1.60410732283	0.0318021201413	0.0485848975147	FGB;FGG;FGA;MYD88
SpivsNC	Reactome_2022	MyD88 Dependent Cascade Initiated On Endosome R-HSA-975155	-1.66119286623	0.00532623169108	0.032465587121	JUN;DUSP6;RPS6KA3;NFKBIA;RIPK2;IKBKG;NFKB1;NFKBIB;FOS;NLRC5;IRAK2;MYD88;PELI1;PPP2CA;DUSP3;GDNF;NFKB2;RPS27A;TNIP2;IRAK1;UBA52;ECSIT;MAP3K8;APP;MAPKAPK2;MAP2K3;RPS6KA2;TAB2;MAP2K7;USP14;RELA;FBXW11
SpivsNC	Reactome_2022	MyD88-independent TLR4 Cascade R-HSA-166166	-1.72653118452	0.00131061598952	0.0202862126867	JUN;DUSP6;UBE2D2;UBE2D3;RPS6KA3;NFKBIA;RIPK2;IKBKG;NFKB1;NFKBIB;FOS;NLRC5;IRAK2;PPP2CA;DUSP3;GDNF;NFKB2;RPS27A;IKBKE;IRF3;TNIP2;IRAK1;UBA52;FADD;MAP3K8;APP;MAPKAPK2;MAP2K3;RPS6KA2;PTPN11;BIRC2;TAB2;MAP2K7;USP14;RELA;FBXW11;TRAF3
SpivsNC	Reactome_2022	MyD88:MAL(TIRAP) Cascade Initiated On Plasma Membrane R-HSA-166058	-1.76931557672	0	0.0152776297668	JUN;FGB;DUSP6;FGG;RPS6KA3;NFKBIA;FGA;RIPK2;IKBKG;NFKB1;NFKBIB;FOS;NLRC5;IRAK2;MYD88;PELI1;PPP2CA;DUSP3;GDNF;NFKB2;RPS27A;TNIP2;IRAK1;UBA52;ECSIT;MAP3K8;APP;MAPKAPK2;MAP2K3;RPS6KA2;TAB2;MAP2K7;USP14;RELA;FBXW11
SpivsNC	Reactome_2022	NGF-stimulated Transcription R-HSA-9031628	-1.91385457513	0	0.00376457436456	EGR1;TRIB1;FOSL1;NAB2;SGK1;VGF;EP300;FOS;JUND;GDNF;TCF12;ID2;MEF2D;CHD4;ID1;EGR3;F3
SpivsNC	Reactome_2022	NIK To Noncanonical NF-kB Signaling R-HSA-5676590	-1.83709660554	0	0.00935677252106	PSMB4;RELB;PSMC3;PSMD14;NFKB2;PSMB3;PSMA6;PSMD8;RPS27A;PSMD4;PSMD7;PSME4;UBE2M;PSME3;PSMD12;UBA52;PSMB7;PSMC4;PSMB2;MAP3K14;PSME1;PSMD11;PSMA7;PSMC5;PSMC2;PSMA5;PSMD2;PSMD13;FBXW11;PSMB1;PSMD5
SpivsNC	Reactome_2022	Negative Regulation Of MAPK Pathway R-HSA-5675221	-1.61177789797	0.0196671709531	0.0467780752093	DUSP6;DUSP16;PPP2R5E;DUSP8;DUSP5;MAP2K2;PPP2R5A;PPP2CA;RPS27A;YWHAB;UBA52;MARK3;PEBP1;DUSP12;BRAF;DUSP10
SpivsNC	Reactome_2022	Negative Regulation Of NOTCH4 Signaling R-HSA-9604323	-1.66338807253	0.00137931034483	0.0320242139138	PSMB4;PSMC3;PSMD14;PSMB3;PSMA6;PSMD8;RPS27A;PSMD4;PSMD7;PSME3;PSMD12;YWHAZ;UBA52;PSMB7;PSMC4;PSMB2;PSME1;PSMD11;PSMA7;PSMC5;PSMC2;PSMA5;PSMD2;PSMD13;PSMB1;PSMD5;NOTCH4
SpivsNC	Reactome_2022	Negative Regulation Of PI3K/AKT Network R-HSA-199418	-1.86589937804	0	0.00679629853595	TRIB3;IER3;SRC;IRS1;PDGFRB;PIP4K2A;PIP5K1B;PIP5K1A;FGFR4;PPP2R5E;PPP2R5A;PHLPP2;EGFR;MYD88;PPP2CA;AREG;LCK;EREG;TGFA;IRAK1;HBEGF;GRB2;PIK3AP1;PHLPP1
SpivsNC	Reactome_2022	Nervous System Development R-HSA-9675108	-1.84795825861	0	0.00836306631458	RELN;RHOB;EPHA2;MYO10;SIAH2;SRC;NRP1;UTRN;MPZ;VLDLR;NAB2;GSPT1;GRB10;SRGAP1;ADGRG6;RPS12;SIAH1;RPLP0;NRCAM;GRB7;VASP;RPS6KA3;PLXNC1;RPLP2;DOCK1;ABL1;ETF1;RPL22L1;ARHGEF28;PFN1;RSL24D1;YAP1;SPTBN1;RPL28;EPHB4;SHC1;RPL34;MYH9;RPS5;SH3KBP1;SCN1A;MAP2K2;NTN4;RPS23;RPS21;ITGB1;LIMK2;LAMB1;FAU;CD24;RPS11;ROBO1;TEAD1;PRNP;ABL2;PSMB4;EGFR;RPS14;EIF4G1;RPL19;RPL27A;PSMC3;RPS29;DOK6;PSMD14;ARHGAP35;GDNF;RPS20;PSMB3;ITGA10;PSMA6;RPL37;ACTR3;SCN9A;RPS16;PSMD8;MAG;RPS4Y1;CSNK2A2;RPS27A;LIMK1;ARPC2;PSMD4;PABPC1;ROCK2;PSMD7;GSK3B;RPL39;MYL12B;RPL8;RPS9;RPL23;PSME4;SEMA3A;PSME3;PSMD12;RPL30;NCK2;RPL13A;RPS6;UBA52;ELOB;PSMB7;PSMC4;PRKCA;NCK1;PSMB2;RPL18A;CLTA;RPLP1;RPS3A;PRKAR2A;CLTB;PTK2;RND1;ARPC1B;RHOA;RPL10A;PSME1;RPS3;SHTN1;RPL6;HDAC2;PITPNA;RPS13;PSMD11;PLXND1;PSMA7;GRB2;RPL7A;SRGAP2;RPS7;SEMA4D;RPL38;RPL9;RPSA;HSP90AB1;PKN1;RPL41;PSMC5;RPL37A;LYN;RPS6KA2;LYPLA2;PSMC2;RPS2;PTPN11;RPS27;PSMA5;RPS4X;NCBP1;ABLIM3;RPL3;WASL;PIK3R1;TLN1;PSMD2;PSMD13;COL4A4;EFNA2;ADGRV1;RPL11;CACNB4;ANK2;MYH11;MYH14;PSMB1;MSI1;PSMD5;RPL32;LAMA1;EIF4A3;ANK1;ENAH;ARHGEF12;RPS24;FES;ELOC;PLXNB3;COL9A3;EGR2;GAB2;RPS8;RPL23A;LAMA2;SCN2A;RPS28;ARHGAP39;RPL12;RPS19;AP2A1
SpivsNC	Reactome_2022	Netrin-1 Signaling R-HSA-373752	-1.73382050128	0	0.0191951695086	MYO10;SIAH2;SRC;SIAH1;DOCK1;NTN4;ROBO1;NCK1;PTK2;PITPNA;PKN1;PTPN11;ABLIM3;WASL
SpivsNC	Reactome_2022	Nonsense Mediated Decay (NMD) Enhanced By Exon Junction Complex (EJC) R-HSA-975957	-2.14776720525	0	7.88918232237e-05	GSPT1;RPS12;RPLP0;RPLP2;ETF1;RPL22L1;RSL24D1;RPL28;RPL34;RPS5;DCP1A;RPS23;RPS21;FAU;RPS11;RPS14;EIF4G1;RPL19;RPL27A;RPS29;PPP2CA;PPP2R2A;RPS20;RPL37;RPS16;RPS4Y1;RPS27A;PABPC1;RPL39;RPL8;RPS9;RPL23;RPL30;RPL13A;RPS6;UBA52;RPL18A;RPLP1;SMG9;RPS3A;RPL10A;RPS3;RPL6;UPF1;PNRC2;RPS13;RPL7A;RPS7;RPL38;RPL9;RPSA;RPL41;RPL37A;RPS2;RPS27;SMG6;RPS4X;NCBP1;RPL3;RPL11;RPL32;EIF4A3;RPS24;RPS8;RPL23A;RPS28;RPL12;RPS19;RPL35A;RPS17
SpivsNC	Reactome_2022	Nonsense Mediated Decay (NMD) Independent Of Exon Junction Complex (EJC) R-HSA-975956	-2.25625983615	0	0	GSPT1;RPS12;RPLP0;RPLP2;ETF1;RPL22L1;RSL24D1;RPL28;RPL34;RPS5;RPS23;RPS21;FAU;RPS11;RPS14;EIF4G1;RPL19;RPL27A;RPS29;RPS20;RPL37;RPS16;RPS4Y1;RPS27A;PABPC1;RPL39;RPL8;RPS9;RPL23;RPL30;RPL13A;RPS6;UBA52;RPL18A;RPLP1;RPS3A;RPL10A;RPS3;RPL6;UPF1;RPS13;RPL7A;RPS7;RPL38;RPL9;RPSA;RPL41;RPL37A;RPS2;RPS27;RPS4X;NCBP1;RPL3;RPL11;RPL32;RPS24;RPS8;RPL23A;RPS28;RPL12;RPS19;RPL35A;RPS17
SpivsNC	Reactome_2022	Nuclear Events (Kinase And Transcription Factor Activation) R-HSA-198725	-1.94513864278	0	0.00250691357414	EGR1;TRIB1;DUSP6;FOSL1;NAB2;RPS6KA3;SGK1;VGF;EP300;FOS;JUND;PPP2CA;DUSP3;GDNF;TCF12;ID2;MEF2D;CHD4;MAPKAPK2;ID1;RPS6KA2;EGR3;F3
SpivsNC	Reactome_2022	Nuclear Events Mediated By NFE2L2 R-HSA-9759194	-2.37232756635	0	0	SLC7A11;NFE2L2;SQSTM1;MYC;SRXN1;TXNRD1;MAFG;MAFK;ATF4;GCLC;HMOX1;TALDO1;GCLM;CREBBP;GSR;GSTA1;EP300;TKT;PSMB4;NQO1;PSMC3;PSMD14;PHGDH;PSMB3;UBL4A;PSMA6;PSMD8;RPS27A;PSMD4;PSMD7;GSK3B;PSME3;PSMD12;UBA52;PSMB7;PSMC4;PSMB2;PSME1;PSMD11;PSMA7
SpivsNC	Reactome_2022	Nuclear Events Stimulated By ALK Signaling In Cancer R-HSA-9725371	-1.7786035998	0.0016339869281	0.0146483963626	CEBPB;FN1;EML4;STAT3;NPM1;RPS6
SpivsNC	Reactome_2022	Nuclear Receptor Transcription Pathway R-HSA-383280	-1.78173522039	0	0.0142582882651	NR1D1;NR1H4;NR3C1;HNF1A;RARA;THRB;HNF4G;AREG;NR0B2;ESRRA;NRBF2;PPARG;NR1H2;NR2F1;THRA;NR5A1;NR6A1;NCOR2;NR4A1;NR5A2
SpivsNC	Reactome_2022	Nucleotide-binding Domain, Leucine Rich Repeat Containing NLR Signaling Pathways R-HSA-168643	-1.71540585505	0.00148148148148	0.0227613024337	BCL2L1;TNFAIP3;HMOX1;RIPK2;IKBKG;NFKB1;CARD9;TXNIP;IRAK2;NFKB2;CYLD;IRAK1;APP;HSP90AB1;CASP4;BIRC2;TAB2;TXN2;RELA;ITCH
SpivsNC	Reactome_2022	Oncogenic MAPK Signaling R-HSA-6802957	-1.77496074332	0.00277777777778	0.01477333676	FGB;FN1;SND1;SRC;DUSP6;DUSP16;LMNA;FGG;FGA;TRIM24;QKI;SPRED2;DUSP8;MAP2K2;CAMK2D;YWHAB;PAPSS1;KDM7A;MARK3;PHB1;CSK;RAP1B;PEBP1;BRAF
SpivsNC	Reactome_2022	Oxygen-dependent Proline Hydroxylation Of Hypoxia-inducible Factor Alpha R-HSA-1234176	-1.90305394474	0	0.00431482910351	AJUBA;HIF1A;UBE2D2;UBE2D3;PSMB4;PSMC3;PSMD14;PSMB3;PSMA6;PSMD8;RPS27A;PSMD4;PSMD7;VHL;PSME4;PSME3;PSMD12;UBA52;ELOB;PSMB7;PSMC4;PSMB2;PSME1;PSMD11;PSMA7;EPAS1;PSMC5;PSMC2;PSMA5;PSMD2;PSMD13;PSMB1;PSMD5
SpivsNC	Reactome_2022	PERK Regulates Gene Expression R-HSA-381042	-2.2404266829	0	0	CEBPB;ATF3;ASNS;CEBPG;HERPUD1;DDIT3;ATF4;CXCL8;EIF2S2;HSPA5;EXOSC6;NFYC;EXOSC8;NFYA;KHSRP;EIF2S3;IGFBP1
SpivsNC	Reactome_2022	PI5P, PP2A And IER3 Regulate PI3K/AKT Signaling R-HSA-6811558	-1.69453717135	0.00698324022346	0.0258332402172	IER3;SRC;IRS1;PDGFRB;PIP4K2A;PIP5K1B;PIP5K1A;FGFR4;PPP2R5E;PPP2R5A;EGFR;MYD88;PPP2CA;AREG;LCK;EREG;TGFA;IRAK1;HBEGF;GRB2;PIK3AP1
SpivsNC	Reactome_2022	PIP3 Activates AKT Signaling R-HSA-1257604	-1.92278305849	0	0.00358578508056	EGR1;TRIB3;JUN;IER3;CBX4;SRC;IRS1;VAPA;PHC2;PDGFRB;RPTOR;PIP4K2A;GATAD2A;PIP5K1B;SCMH1;PIP5K1A;FGFR4;PPP2R5E;CDKN1A;FOXO3;TNRC6C;MTA2;PPP2R5A;RRAGC;PDPK1;PHLPP2;PSMB4;EGFR;PSMC3;MYD88;PSMD14;PPP2CA;GDNF;AREG;PSMB3;LCK;PSMA6;PSMD8;AKT1S1;CSNK2A2;RPS27A;PSMD4;PSMD7;GSK3B;STUB1;PRR5;PSME4;ATN1;PSME3;PSMD12;EREG;TGFA;IRAK1;NEDD4;PPARG;HBEGF;UBA52;PSMB7;PSMC4;PSMB2;RCOR1;PSME1;HDAC2;PSMD11;TRIM27;PSMA7;GRB2;PIK3AP1;CDKN1B;RICTOR;CHD4;PHLPP1;PSMC5;MAF1;PSMC2;PTPN11;PSMA5;GATAD2B;PIK3R1;USP7;PSMD2;PSMD13;RING1;MLST8;PSMB1;NR4A1;PSMD5;FGF19
SpivsNC	Reactome_2022	PTEN Regulation R-HSA-6807070	-1.75757880467	0	0.0164550137439	EGR1;JUN;CBX4;VAPA;PHC2;RPTOR;GATAD2A;SCMH1;TNRC6C;MTA2;RRAGC;PSMB4;PSMC3;PSMD14;GDNF;PSMB3;PSMA6;PSMD8;CSNK2A2;RPS27A;PSMD4;PSMD7;STUB1;PSME4;ATN1;PSME3;PSMD12;NEDD4;PPARG;UBA52;PSMB7;PSMC4;PSMB2;RCOR1;PSME1;HDAC2;PSMD11;TRIM27;PSMA7;CHD4;PSMC5;MAF1;PSMC2;PSMA5;GATAD2B;USP7;PSMD2;PSMD13;RING1;MLST8;PSMB1;PSMD5
SpivsNC	Reactome_2022	Paradoxical Activation Of RAF Signaling By Kinase Inactive BRAF R-HSA-6802955	-1.73024432514	0.00313971742543	0.0197177655544	FGB;FN1;SRC;FGG;FGA;MAP2K2;CAMK2D;YWHAB;MARK3;PHB1;CSK;RAP1B;PEBP1;BRAF
SpivsNC	Reactome_2022	Peptide Chain Elongation R-HSA-156902	-2.3080555949	0	0	EEF1A1;RPS12;RPLP0;RPLP2;RPL22L1;RSL24D1;RPL28;RPL34;RPS5;RPS23;RPS21;FAU;RPS11;RPS14;RPL19;RPL27A;RPS29;RPS20;RPL37;RPS16;EEF2;RPS4Y1;RPS27A;RPL39;RPL8;RPS9;RPL23;RPL30;RPL13A;RPS6;UBA52;RPL18A;RPLP1;RPS3A;RPL10A;RPS3;RPL6;RPS13;RPL7A;RPS7;RPL38;RPL9;RPSA;RPL41;RPL37A;RPS2;RPS27;RPS4X;RPL3;RPL11;RPL32;RPS24;RPS8;RPL23A;RPS28;RPL12;RPS19;RPL35A;RPS17
SpivsNC	Reactome_2022	Platelet Activation, Signaling And Aggregation R-HSA-76002	-1.94432017154	0	0.00250235001788	THBS1;RHOB;FGB;FN1;SRC;GTPBP2;SERPINA3;HSPA5;ITPR3;CD63;DAGLA;FGG;FGA;APOH;DGKK;ADRA2C;PFN1;PTPN1;SHC1;BCAR1;PROS1;ITPR2;BRPF3;PDPK1;THPO;ITPR1;ITIH4;LHFPL2;TMSB4X;CD9;GNAQ;TIMP1;LCK;ABCC4;GNG5;ANXA5;VEGFA;PRKCD;TGFB1;SERPINA4;F5;PRKCE;YWHAZ;PRKCA;PRKCZ;MAGED2;WDR1;PTK2;LGALS3BP;RHOA;CSK;RAP1B;GNB1;SGPP2;GRB2;MANF;GNG4;ORM1;APP;CALU;PRKCH;LYN;SERPINF2;PHACTR2;PTPN11;ALB;GNA11;SYTL4;SERPING1;PIK3R1;TLN1;HABP4;TUBA4A
SpivsNC	Reactome_2022	Platelet Aggregation (Plug Formation) R-HSA-76009	-2.02680114788	0	0.000469305204818	FGB;FN1;SRC;FGG;FGA;ADRA2C;PTPN1;SHC1;BCAR1;PDPK1;THPO;PTK2;CSK;RAP1B;GRB2
SpivsNC	Reactome_2022	Platelet Degranulation R-HSA-114608	-1.77673481541	0	0.0147915308386	THBS1;FGB;FN1;GTPBP2;SERPINA3;HSPA5;CD63;FGG;FGA;APOH;PFN1;PROS1;BRPF3;ITIH4;LHFPL2;TMSB4X;CD9;TIMP1;ABCC4;ANXA5;VEGFA;TGFB1;SERPINA4;F5;MAGED2;WDR1;LGALS3BP;SGPP2;MANF;ORM1;APP;CALU;SERPINF2;PHACTR2;ALB;SYTL4;SERPING1;TLN1;HABP4;TUBA4A
SpivsNC	Reactome_2022	Post-translational Protein Phosphorylation R-HSA-8957275	-1.76833029533	0.00136054421769	0.0151201905228	STC2;FN1;APOB;MATN3;GPC3;C4A;ITIH2;CSF1;BMP4;EVA1A;FGG;HSP90B1;FGA;PDIA6;P4HB;VGF;FAM20A;CKAP4;LAMB1;CDH2;DNAJC3;TIMP1;PPP3CA;NUCB1;MGAT4A;F5;C3;APOE;LGALS1;SGPP2;IGFBP1;APP;CALU;SHISA5;VCAN;RCN1;ALB
SpivsNC	Reactome_2022	Programmed Cell Death R-HSA-5357801	-1.7755665872	0	0.0148119398103	H1-0;BCL2L1;GAS2;KPNB1;LMNA;TNFRSF10B;MAGED1;PMAIP1;STAT3;PPP3R1;C1QBP;YWHAH;BAX;BBC3;YWHAG;CDC37;IL18;TNFRSF10A;TJP1;PSMB4;PSMC3;PSMD14;PELI1;NMT1;PSMB3;DAPK1;PSMA6;PSMD8;OCLN;RPS27A;PSMD4;PSMD7;YWHAB;PRKCD;STUB1;PSME4;IRF1;AVEN;PSME3;PSMD12;DYNLL2;YWHAZ;UBA52;PSMB7;PSMC4;PSMB2;FADD;PTK2;PSME1;FLOT1;PSMD11;PSMA7;REXO2;PSMC5;CHMP4C;CHMP4B;CASP4;TP53BP2;PSMC2;CASP3;PSMA5;BIRC2;BMF;PSMD2;PSMD13;CASP7;PSMB1;FZR1;PSMD5
SpivsNC	Reactome_2022	RAB Geranylgeranylation R-HSA-8873719	-1.60586678235	0.011611030479	0.048421413579	RAB10;MPZ;RAB6A;RAB43;RAB15;RAB35;RAB27A;RAB3B;RAB33B;RAB5C;CHML;RAB1A;RAB7A;RAB21;PTP4A2;RAB14;RAB1B
SpivsNC	Reactome_2022	RAC3 GTPase Cycle R-HSA-9013423	-1.7518249021	0	0.0171248243441	EPHA2;JAG1;CDC42EP1;SLC1A5;BAIAP2L1;IL32;ITGB1;ABL2;ARHGAP35;ERBIN;WASF2;TAOK3;OPHN1;RAB7A;NCOA3;ARHGAP5;DIAPH3;SRGAP2;PKN1;ARHGAP42;ARHGAP21;SYDE1;PIK3R1;ARHGAP17;MPP7;NCF2;WASF1;ARHGAP26;SWAP70
SpivsNC	Reactome_2022	RAF-independent MAPK1/3 Activation R-HSA-112409	-1.78921805297	0.00332778702163	0.0137821739446	DUSP6;DUSP16;IL6ST;DUSP8;DUSP5;MAP2K2;DUSP12;IL6R;DUSP10;PTPN11;PEA15
SpivsNC	Reactome_2022	RAF/MAP Kinase Cascade R-HSA-5673001	-1.79188643837	0	0.0137045251333	FGB;FN1;SRC;DUSP6;BCL2L1;IRS1;DUSP16;PDGFRB;FGG;FGA;FGFR4;RASAL2;PPP2R5E;SPTBN1;SHC1;SPRED2;DUSP8;DUSP5;RAPGEF2;MAP2K2;PPP2R5A;GRIN2D;PSMB4;EGFR;PSMC3;PSMD14;PPP2CA;GDNF;AREG;CAMK2D;PSMB3;PSMA6;PSMD8;RPS27A;PSMD4;PSMD7;YWHAB;PSME4;PSME3;PSMD12;EREG;TGFA;RASGRF2;HBEGF;UBA52;PSMB7;PSMC4;PSMB2;PTK2;MARK3;PHB1;PSME1;CSK;RAP1B;PEBP1;DUSP12;PSMD11;PSMA7;GRB2;BRAF;ABHD17B;PSMC5;DAB2IP;DUSP10;PSMC2;PSMA5;PIK3R1;TLN1;PSMD2;PSMD13;PEA15;PSMB1;PSMD5;FGF19
SpivsNC	Reactome_2022	RHO GTPases Activate CIT R-HSA-5625900	-1.6470620939	0.0183639398998	0.0360422104875	RHOB;MYH9;PRC1;MYL12B;RHOA;CDKN1B;MYH11;MYH14
SpivsNC	Reactome_2022	RHO GTPases Activate ROCKs R-HSA-5627117	-1.67662053546	0.0199335548173	0.0291243720339	RHOB;MYH9;LIMK2;LIMK1;ROCK2;MYL12B;RHOA;PKN1;MYH11;MYH14
SpivsNC	Reactome_2022	RHOQ GTPase Cycle R-HSA-9013406	-1.65036204382	0.00860832137733	0.0354960217461	CDC42EP1;SLC1A5;DLC1;GFOD1;CDC42BPA;ARHGAP35;STOM;CDC42EP2;OPHN1;RAB7A;ARL13B;ARHGAP5;DIAPH3;SRGAP2;SLC4A7;PKN1;TRIP10;ARHGAP21;SYDE1;WASL;ARHGAP17;MPP7;ARHGAP26
SpivsNC	Reactome_2022	RHOU GTPase Cycle R-HSA-9013420	-1.62935318333	0.010719754977	0.0417804769562	EPHA2;SRC;DLG5;SPTBN1;RHOU;DST;NCK2;NCK1;STAM;GRB2;SRGAP2;ITSN2;PKN1;PIK3R1;USP9X;STAM2
SpivsNC	Reactome_2022	RIP-mediated NFkB Activation Via ZBP1 R-HSA-1810476	-1.71408703591	0.00501672240803	0.0229952077348	NFKBIA;IKBKG;NFKB1;NFKBIB;MYD88;NFKB2
SpivsNC	Reactome_2022	RUNX1 Regulates Transcription Of Genes Involved In Differentiation Of HSCs R-HSA-8939236	-1.70680943359	0.00131061598952	0.0242190637313	RUNX1;ABL1;YAP1;GATA2;PSMB4;PSMC3;PSMD14;PSMB3;PSMA6;PSMD8;RPS27A;PSMD4;PSMD7;PSME4;TCF12;PSME3;PSMD12;UBA52;PSMB7;PSMC4;CDK7;PSMB2;PSME1;PSMD11;PSMA7;H2AC14;PSMC5;PSMC2;PSMA5;H3-3B;H2AX;PSMD2;PSMD13;CCNH;PSMB1;PSMD5;ITCH
SpivsNC	Reactome_2022	Regulation Of Activated PAK-2p34 By Proteasome Mediated Degradation R-HSA-211733	-1.76669114627	0	0.0151797885892	PSMB4;PSMC3;PSMD14;PSMB3;PSMA6;PSMD8;RPS27A;PSMD4;PSMD7;PSME4;PSME3;PSMD12;UBA52;PSMB7;PSMC4;PSMB2;PSME1;PSMD11;PSMA7;PSMC5;PSMC2;PSMA5;PSMD2;PSMD13;PSMB1;PSMD5
SpivsNC	Reactome_2022	Regulation Of Apoptosis R-HSA-169911	-1.74101814945	0	0.0187004394447	PSMB4;PSMC3;PSMD14;PSMB3;PSMA6;PSMD8;RPS27A;PSMD4;PSMD7;PSME4;PSME3;PSMD12;UBA52;PSMB7;PSMC4;PSMB2;PSME1;PSMD11;PSMA7;PSMC5;PSMC2;PSMA5;PSMD2;PSMD13;PSMB1;PSMD5
SpivsNC	Reactome_2022	Regulation Of Complement Cascade R-HSA-977606	-2.01223211671	0	0.000530114568247	AKR1C1;C4B;C4A;C4BPA;CFI;HNRNPC;C5AR1;C1S;C5;CD55;PROS1;CFB;C8B;CPB2;C3;C1R;PSMA7
SpivsNC	Reactome_2022	Regulation Of Expression Of SLITs And ROBOs R-HSA-9010553	-2.04028935397	0	0.000391344965202	GSPT1;RPS12;RPLP0;RPLP2;ETF1;RPL22L1;RSL24D1;RPL28;RPL34;RPS5;RPS23;RPS21;FAU;RPS11;ROBO1;PSMB4;RPS14;EIF4G1;RPL19;RPL27A;PSMC3;RPS29;PSMD14;RPS20;PSMB3;PSMA6;RPL37;RPS16;PSMD8;RPS4Y1;RPS27A;PSMD4;PABPC1;PSMD7;RPL39;RPL8;RPS9;RPL23;PSME4;PSME3;PSMD12;RPL30;RPL13A;RPS6;UBA52;ELOB;PSMB7;PSMC4;PSMB2;RPL18A;RPLP1;RPS3A;RPL10A;PSME1;RPS3;RPL6;RPS13;PSMD11;PSMA7;RPL7A;RPS7;RPL38;RPL9;RPSA;RPL41;PSMC5;RPL37A;PSMC2;RPS2;RPS27;PSMA5;RPS4X;NCBP1;RPL3;PSMD2;PSMD13;RPL11;PSMB1;MSI1;PSMD5;RPL32;EIF4A3;RPS24;ELOC;RPS8;RPL23A;RPS28;RPL12;RPS19;RPL35A;RPS17
SpivsNC	Reactome_2022	Regulation Of IGF Transport And Uptake By IGFBPs R-HSA-381426	-1.70423915509	0.00134589502019	0.0243809001398	STC2;FN1;APOB;MATN3;GPC3;C4A;ITIH2;CSF1;BMP4;EVA1A;FGG;HSP90B1;FGA;PDIA6;P4HB;VGF;FAM20A;CKAP4;LAMB1;CDH2;DNAJC3;TIMP1;PPP3CA;NUCB1;MGAT4A;F5;C3;APOE;LGALS1;SGPP2;IGFBP1;APP;CALU;SHISA5;VCAN;RCN1;ALB
SpivsNC	Reactome_2022	Regulation Of KIT Signaling R-HSA-1433559	-1.78198028727	0	0.0144967311166	SH2B3;SRC;SOCS6;CBL;LCK;PRKCA;GRB2;LYN
SpivsNC	Reactome_2022	Regulation Of Ornithine Decarboxylase (ODC) R-HSA-350562	-1.90119867545	0	0.00437849618892	PSMB4;NQO1;PSMC3;PSMD14;PSMB3;PSMA6;PSMD8;PSMD4;PSMD7;AZIN1;OAZ1;PSME4;PSME3;PSMD12;PSMB7;PSMC4;PSMB2;PSME1;PSMD11;PSMA7;PSMC5;PSMC2;PSMA5;PSMD2;PSMD13;PSMB1;PSMD5
SpivsNC	Reactome_2022	Regulation Of PTEN Gene Transcription R-HSA-8943724	-1.78740103989	0	0.0139645969731	EGR1;JUN;CBX4;PHC2;RPTOR;GATAD2A;SCMH1;MTA2;RRAGC;GDNF;ATN1;PPARG;RCOR1;HDAC2;CHD4
SpivsNC	Reactome_2022	Regulation Of PTEN Stability And Activity R-HSA-8948751	-1.63316291105	0.00559440559441	0.0405092686984	PSMB4;PSMC3;PSMD14;PSMB3;PSMA6;PSMD8;CSNK2A2;RPS27A;PSMD4;PSMD7;STUB1;PSME4;PSME3;PSMD12;NEDD4;UBA52;PSMB7;PSMC4;PSMB2;PSME1;PSMD11;TRIM27;PSMA7;PSMC5;PSMC2;PSMA5;PSMD2;PSMD13;PSMB1;PSMD5;FRK
SpivsNC	Reactome_2022	Regulation Of RAS By GAPs R-HSA-5658442	-1.73745980994	0.00409836065574	0.0191211317239	RASAL2;SPRED2;PSMB4;PSMC3;PSMD14;PSMB3;PSMA6;PSMD8;RPS27A;PSMD4;PSMD7;PSME4;PSME3;PSMD12;UBA52;PSMB7;PSMC4;PSMB2;PSME1;PSMD11;PSMA7;PSMC5;DAB2IP;PSMC2;PSMA5;PSMD2;PSMD13;PSMB1;PSMD5
SpivsNC	Reactome_2022	Regulation Of RUNX2 Expression And Activity R-HSA-8939902	-1.68197762088	0.00137741046832	0.0285856457922	NR3C1;SMURF1;PSMB4;PSMC3;PSMD14;WWP1;PSMB3;PSMA6;PSMD8;ESRRA;RPS27A;PSMD4;PSMD7;GSK3B;STUB1;PSME4;PSME3;PSMD12;UBA52;PSMB7;PSMC4;PSMB2;PSME1;PSMD11;PSMA7;PSMC5;PSMC2;PSMA5;PSMD2;PSMD13;PSMB1;PSMD5
SpivsNC	Reactome_2022	Regulation Of RUNX3 Expression And Activity R-HSA-8941858	-1.87882674869	0.00139275766017	0.00603331580347	SRC;SMURF1;EP300;PSMB4;PSMC3;PSMD14;PSMB3;PSMA6;PSMD8;RPS27A;PSMD4;PSMD7;TGFB1;PSME3;PSMD12;UBA52;PSMB7;PSMC4;PSMB2;PSME1;PSMD11;PSMA7;PSMC5;PSMC2;PSMA5;PSMD2;PSMD13;PSMB1;PSMD5
SpivsNC	Reactome_2022	Regulation Of TLR By Endogenous Ligand R-HSA-5686938	-1.81454093663	0.00335570469799	0.0111284634335	FGB;APOB;FGG;FGA
SpivsNC	Reactome_2022	Regulation Of mRNA Stability By Proteins That Bind AU-rich Elements R-HSA-450531	-1.82718647755	0	0.0101728188482	ZFP36L1;GPRC5A;HSPB1;DCP1A;PSMB4;EIF4G1;PSMC3;EXOSC6;PSMD14;PSMB3;PSMA6;PSMD8;RPS27A;SET;PSMD4;PABPC1;PSMD7;YWHAB;PRKCD;PSME4;PSME3;PSMD12;YWHAZ;UBA52;PSMB7;PSMC4;PRKCA;PSMB2;EXOSC8;PSME1;KHSRP;PSMD11;PSMA7;MAPKAPK2;PSMC5;ELAVL1;PSMC2;PSMA5;PSMD2;PSMD13;PARN;PSMB1;PSMD5
SpivsNC	Reactome_2022	Response Of EIF2AK1 (HRI) To Heme Deficiency R-HSA-9648895	-2.15779039153	0	8.17093883389e-05	TRIB3;CEBPB;PPP1R15A;ATF3;ASNS;CEBPG;DDIT3;ATF4;EIF2S2;GRB10
SpivsNC	Reactome_2022	Response Of EIF2AK4 (GCN2) To Amino Acid Deficiency R-HSA-9633012	-2.4399511733	0	0	TRIB3;CEBPB;ATF3;ASNS;CEBPG;DDIT3;ATF4;EIF2S2;RPS12;RPLP0;RPLP2;RPL22L1;RSL24D1;RPL28;RPL34;RPS5;RPS23;RPS21;FAU;RPS11;RPS14;RPL19;RPL27A;RPS29;GDNF;RPS20;RPL37;RPS16;RPS4Y1;RPS27A;RPL39;RPL8;RPS9;RPL23;RPL30;RPL13A;RPS6;UBA52;RPL18A;RPLP1;RPS3A;RPL10A;RPS3;RPL6;RPS13;RPL7A;EIF2S3;RPS7;RPL38;RPL9;RPSA;RPL41;RPL37A;RPS2;RPS27;RPS4X;RPL3
SpivsNC	Reactome_2022	Response To Elevated Platelet Cytosolic Ca2+ R-HSA-76005	-1.76685178563	0	0.0152646210919	THBS1;FGB;FN1;GTPBP2;SERPINA3;HSPA5;CD63;FGG;FGA;APOH;PFN1;PROS1;BRPF3;ITIH4;LHFPL2;TMSB4X;CD9;TIMP1;ABCC4;ANXA5;VEGFA;TGFB1;SERPINA4;F5;PRKCA;MAGED2;WDR1;LGALS3BP;SGPP2;MANF;ORM1;APP;CALU;SERPINF2;PHACTR2;ALB;SYTL4;SERPING1;TLN1;HABP4;TUBA4A
SpivsNC	Reactome_2022	Ribosomal Scanning And Start Codon Recognition R-HSA-72702	-2.08920958035	0	0.00031198130093	EIF2S2;RPS12;EIF3B;RPS5;EIF3I;RPS23;RPS21;FAU;RPS11;EIF3J;EIF3K;EIF3C;RPS14;EIF4G1;RPS29;EIF4B;RPS20;RPS16;RPS4Y1;RPS27A;EIF3A;RPS9;RPS6;EIF3M;RPS3A;RPS3;RPS13;EIF2S3;RPS7;RPSA;RPS2;RPS27;RPS4X;EIF3H;EIF4E;RPS24;RPS8;RPS28;RPS19;RPS17
SpivsNC	Reactome_2022	Role Of GTSE1 In G2/M Progression After G2 Checkpoint R-HSA-8852276	-1.73647372327	0.00276625172891	0.0190864176706	PLK1;CDKN1A;PSMB4;PSMC3;PSMD14;PSMB3;PSMA6;PSMD8;RPS27A;PSMD4;PSMD7;PSME4;PSME3;PSMD12;UBA52;PSMB7;PSMC4;PSMB2;PSME1;PSMD11;PSMA7;FKBPL;HSP90AB1;PSMC5;PSMC2;PSMA5;PSMD2;PSMD13;PSMB1;PSMD5
SpivsNC	Reactome_2022	SARS-CoV Infections R-HSA-9679506	-1.63538177744	0	0.0398850760945	NFE2L2;MAP1LC3B;GPC6;NRP1;ATP1B1;GPC3;IL1R1;ST6GAL1;STT3A;NR3C1;FURIN;RPN1;CREBBP;RPS12;CNBP;GATAD2A;IFNGR1;SDC4;IFNGR2;RIPK2;IKBKG;MBL2;CSNK1A1;NUP153;YWHAH;RPS5;SH3KBP1;MTA2;LARP1;DDOST;BRD4;RPS23;PRMT1;CANX;YWHAG;PDPK1;RPN2;RPS21;ITGB1;FAU;RPS11;TJP1;FKBP4;RPS14;IRAK2;RPS29;ST3GAL2;SEC13;RPS20;BECN1;RPS16;NUP98;MOGS;RPS4Y1;RPS27A;TMPRSS2;IKBKE;VEGFA;KEAP1;ROCK2;YWHAB;GSK3B;VHL;RPS9;MGAT4A;IRF3;IRAK1;MGAT4B;YWHAZ;RPS6;UBA52;NCK1;RPS3A;RCOR1;VPS33A;RPS3;TUFM;FKBP1A;HLA-A;HDAC2;IL6R;RPS13;ST3GAL1;MAVS;GRB2;CHD4;SNRPB;VCP;RPS7;RPSA;HSP90AB1;REXO2;CHMP4C;NUP42;CHMP4B;IFNAR2;ST6GALNAC4;RPS2;PTPN11;RPS27;SNRPG;RPS4X;NUP88;GATAD2B;TAB2;CRB3;ZDHHC5;SRPK2
SpivsNC	Reactome_2022	SARS-CoV-2 Modulates Host Translation Machinery R-HSA-9754678	-1.88863844644	0	0.0052508328244	RPS12;RPS5;RPS23;RPS21;FAU;RPS11;RPS14;RPS29;RPS20;RPS16;RPS4Y1;RPS27A;RPS9;RPS6;RPS3A;RPS3;RPS13;SNRPB;RPS7;RPSA;RPS2;RPS27;SNRPG;RPS4X;RPS24;RPS8;SMN1;RPS28;RPS19;RPS17
SpivsNC	Reactome_2022	SCF(Skp2)-mediated Degradation Of P27/P21 R-HSA-187577	-1.65859588024	0.00274348422497	0.0331050308754	CDKN1A;CDK4;PSMB4;PSMC3;PSMD14;PSMB3;PSMA6;PSMD8;RPS27A;PSMD4;PSMD7;PSME3;PSMD12;UBA52;PSMB7;PSMC4;PSMB2;PSME1;PSMD11;PSMA7;CDKN1B;PSMC5;PSMC2;PSMA5;PSMD2;PSMD13;CDK2;PSMB1;PSMD5
SpivsNC	Reactome_2022	SCF-beta-TrCP Mediated Degradation Of Emi1 R-HSA-174113	-1.80867835107	0	0.0115356454358	CDC20;PSMB4;PSMC3;PSMD14;PSMB3;PSMA6;PSMD8;RPS27A;PSMD4;PSMD7;PSME4;PSME3;PSMD12;UBA52;PSMB7;PSMC4;PSMB2;PSME1;PSMD11;PSMA7;PSMC5;PSMC2;PSMA5;PSMD2;PSMD13;PSMB1;FZR1;PSMD5
SpivsNC	Reactome_2022	SLC-mediated Transmembrane Transport R-HSA-425407	-1.78854091857	0	0.0137816501665	SLC7A11;SLC7A1;SLC1A4;SLC39A14;SLC38A1;SLC1A5;SLC38A5;SLC3A2;SLC6A9;SLC2A8;SLC7A5;SLC31A1;SLC30A1;SLC43A1;SLC7A6;SLC39A5;SLC38A2;SLC20A1;SLC35D2;RUNX1;SLC2A2;SLC13A3;SLC26A1;SLC22A15;SLC22A11;SLC39A1;SLC4A2;SLC6A11;SLC39A3;SLC44A4;SLC30A7;SLC41A2;SLC35C1;SLC6A12;SLC39A7;SLC30A10;SLC17A1;SLCO2B1;SLC2A9;SLC6A14;SLC4A7;SLC20A2;SLC22A3;SLC4A5;CTNS;SLC35A2;SLC9A3
SpivsNC	Reactome_2022	SRP-dependent Cotranslational Protein Targeting To Membrane R-HSA-1799339	-2.34139246772	0	0	SEC11C;RPN1;SEC61A1;SSR3;RPS12;RPLP0;RPLP2;RPL22L1;RSL24D1;RPL28;RPL34;RPS5;DDOST;RPS23;RPN2;RPS21;FAU;RPS11;SSR4;SRPRB;RPS14;RPL19;RPL27A;RPS29;RPS20;RPL37;RPS16;SEC61G;RPS4Y1;RPS27A;SRPRA;RPL39;RPL8;RPS9;RPL23;RPL30;RPL13A;RPS6;UBA52;SSR2;RPL18A;RPLP1;RPS3A;RPL10A;RPS3;RPL6;RPS13;RPL7A;SPCS2;RPS7;RPL38;RPL9;RPSA;RPL41;RPL37A;SEC61B;RPS2;RPS27;RPS4X;RPL3;TRAM1;RPL11;SRP19;RPL32;RPS24;RPS8;RPL23A;RPS28;RPL12;RPS19;RPL35A;RPS17
SpivsNC	Reactome_2022	Selenoamino Acid Metabolism R-HSA-2408522	-2.32104258603	0	0	SARS1;TXNRD1;MARS1;EPRS1;AIMP1;RPS12;RPLP0;RPLP2;GSR;RPL22L1;RSL24D1;RPL28;RPL34;RPS5;EEF1E1;RPS23;IARS1;RPS21;FAU;RPS11;RPS14;RPL19;RPL27A;RPS29;RPS20;RPL37;RPS16;RPS4Y1;RPS27A;RPL39;RPL8;RPS9;RPL23;PAPSS1;RPL30;RPL13A;RPS6;UBA52;RPL18A;RPLP1;RPS3A;RPL10A;RPS3;RPL6;RPS13;RPL7A;RPS7;SCLY;RPL38;RPL9;RPSA;RPL41;RPL37A;RPS2;RPS27;HNMT;RPS4X;RPL3;RPL11;RPL32;RPS24;RPS8;RPL23A;RPS28;RPL12;RPS19;AIMP2;RPL35A;QARS1;RPS17
SpivsNC	Reactome_2022	Selenocysteine Synthesis R-HSA-2408557	-2.28426879132	0	0	SARS1;RPS12;RPLP0;RPLP2;RPL22L1;RSL24D1;RPL28;RPL34;RPS5;RPS23;RPS21;FAU;RPS11;RPS14;RPL19;RPL27A;RPS29;RPS20;RPL37;RPS16;RPS4Y1;RPS27A;RPL39;RPL8;RPS9;RPL23;RPL30;RPL13A;RPS6;UBA52;RPL18A;RPLP1;RPS3A;RPL10A;RPS3;RPL6;RPS13;RPL7A;RPS7;RPL38;RPL9;RPSA;RPL41;RPL37A;RPS2;RPS27;RPS4X;RPL3;RPL11;RPL32;RPS24;RPS8;RPL23A;RPS28;RPL12;RPS19;RPL35A;RPS17
SpivsNC	Reactome_2022	Senescence-Associated Secretory Phenotype (SASP) R-HSA-2559582	-1.60421389204	0.0070323488045	0.0487513736651	CEBPB;JUN;CXCL8;UBE2S;STAT3;RPS6KA3;CDKN1A;NFKB1;CDK4;FOS;CDK6;CDKN2B;RPS27A;UBA52;UBE2C;CDKN1B;H2AC14;RPS6KA2;H3-3B;H2AX;RELA;CDK2;FZR1
SpivsNC	Reactome_2022	Signaling By ALK Fusions And Activated Point Mutants R-HSA-9725370	-1.7848562408	0.00289855072464	0.0143151793813	CEBPB;SQSTM1;FN1;CARS1;IRS1;EML4;STAT3;PRKAR1A;SHC1;MYH9;ATIC;RNF213;TFG;NPM1;TPM3;TPM4;RPS6
SpivsNC	Reactome_2022	Signaling By ALK R-HSA-201556	-1.76931363363	0.0145161290323	0.0151524032933	MYC;SRC;IRS1;HIF1A;STAT3;SHC1;EP300
SpivsNC	Reactome_2022	Signaling By B Cell Receptor (BCR) R-HSA-983705	-1.9201086414	0	0.00364763043037	ITPR3;NFKBIA;PPP3R1;IKBKG;NFKB1;NFKBIB;NFATC3;SH3KBP1;ITPR2;PSMB4;ITPR1;PSMC3;PSMD14;PSMB3;PSMA6;PSMD8;PPP3CA;RPS27A;PSMD4;PSMD7;STIM1;PSME4;PSME3;PSMD12;UBA52;PSMB7;PSMC4;NCK1;PSMB2;PSME1;ORAI2;FKBP1A;PSMD11;PSMA7;GRB2;PIK3AP1;CD22;PSMC5;LYN;PSMC2;PSMA5;NFKBIE;PIK3R1;PSMD2;NFATC2;PSMD13;RELA;FBXW11;PSMB1;PSMD5
SpivsNC	Reactome_2022	Signaling By BRAF And RAF1 Fusions R-HSA-6802952	-1.67833811978	0.001414427157	0.028938373643	FGB;FN1;SND1;SRC;LMNA;FGG;FGA;TRIM24;QKI;MAP2K2;CAMK2D;YWHAB;PAPSS1;KDM7A;MARK3;CSK;RAP1B;PEBP1;BRAF
SpivsNC	Reactome_2022	Signaling By EGFR R-HSA-177929	-1.60776341322	0.012213740458	0.0479388258292	SRC;SPRY1;PTPRK;SHC1;SH3KBP1;PTPN12;EGFR;CBL;AREG;RPS27A;EREG;TGFA;HBEGF;UBA52;CSK;STAM;GRB2;SH3GL1;PTPN11;PIK3R1
SpivsNC	Reactome_2022	Signaling By High-Kinase Activity BRAF Mutants R-HSA-6802948	-1.75218206972	0.0015625	0.0171761735277	FGB;FN1;SRC;FGG;FGA;MAP2K2;YWHAB;MARK3;CSK;RAP1B;PEBP1;BRAF
SpivsNC	Reactome_2022	Signaling By Interleukins R-HSA-449147	-2.04839862985	0	0.000340087724438	JUN;SQSTM1;MYC;FN1;MCL1;DUSP6;BCL2L1;IRS1;CXCL8;HIF1A;CSF1;IL1R1;CCL20;HSPA9;IL11;LIF;IL6ST;STX3;HMOX1;TALDO1;IL4R;STAT3;RPLP0;IL1RN;HSP90B1;RPS6KA3;NFKBIA;PTPN14;RIPK2;ICAM1;IKBKG;SOCS3;IL32;CLCF1;CDKN1A;NFKB1;P4HB;CEBPD;SHC1;FOXO3;LONP1;TNFRSF1A;NFKBIB;GSTA2;FOS;CANX;PTPN12;OSMR;ITGB1;IL18;RHOU;NLRC5;PSMB4;HNRNPF;IRAK2;PSMC3;MYD88;PSMD14;PELI1;PPP2CA;DUSP3;GDNF;NFKB2;CBL;PSMB3;TIMP1;LCK;PSMA6;MMP3;PSMD8;RPS27A;VEGFA;PSMD4;PSMD7;TGFB1;PSME4;MAOA;PSME3;PSMD12;TNIP2;IRAK1;YWHAZ;UBA52;PSMB7;BCL6;PSMC4;PRKCA;PSMB2;TXLNA;RALA;BOLA2B;PSME1;IL7;MAP3K8;RAP1B;PITPNA;IL6R;PSMD11;PSMA7;GRB2;APP;MAPKAPK2;PSMC5;LYN;MTAP;MAP2K3;RPS6KA2;AURKAIP1;PSMC2;CASP3;PTPN11;PSMA5;SNAP25;TAB2;TOLLIP;PTPN4;PIK3R1;IL1R2;MAP2K7;PSMD2;PSMD13;USP14;CRK;RELA;BATF;FBXW11;PSMB1;PSMD5;BIRC5
SpivsNC	Reactome_2022	Signaling By NTRK1 (TRKA) R-HSA-187037	-1.8293438806	0	0.0100886483337	EGR1;TRIB1;SRC;DUSP6;IRS1;FOSL1;NAB2;STAT3;RPS6KA3;SGK1;SHC1;VGF;EP300;MAP2K2;FOS;JUND;PPP2CA;DUSP3;GDNF;YWHAB;TCF12;ID2;MEF2D;CLTA;RALA;RHOA;GRB2;CHD4;BRAF;MAPKAPK2;ID1;RPS6KA2;EGR3;F3;PIK3R1
SpivsNC	Reactome_2022	Signaling By NTRKs R-HSA-166520	-1.81624649596	0	0.0110834245871	EGR1;TRIB1;SRC;DUSP6;IRS1;FOSL1;FURIN;NAB2;STAT3;RPS6KA3;SGK1;SHC1;VGF;BAX;EP300;MAP2K2;FOS;JUND;PPP2CA;DUSP3;GDNF;YWHAB;TCF12;ID2;MEF2D;CLTA;RALA;RHOA;GRB2;CHD4;BRAF;MAPKAPK2;ID1;RPS6KA2;PTPN11;EGR3;F3;PIK3R1
SpivsNC	Reactome_2022	Signaling By Non-Receptor Tyrosine Kinases R-HSA-9006927	-1.87664224473	0	0.00617359823005	HIF1A;NR3C1;STAT3;DOCK1;SOCS3;PTPN1;CDK4;BCAR1;EGFR;KHDRBS3;ARHGAP35;CBL;RPS27A;EREG;HBEGF;UBA52;RHOA;KHDRBS1;CDKN1B;ELMO1;EPAS1
SpivsNC	Reactome_2022	Signaling By RAF1 Mutants R-HSA-9656223	-1.67344389926	0.00480769230769	0.0296218035199	FGB;FN1;SRC;FGG;FGA;MAP2K2;CAMK2D;YWHAB;MARK3;CSK;RAP1B;BRAF
SpivsNC	Reactome_2022	Signaling By ROBO Receptors R-HSA-376176	-2.06027037479	0	0.000359521308691	SRC;NRP1;GSPT1;SRGAP1;RPS12;RPLP0;VASP;RPLP2;ABL1;ETF1;RPL22L1;PFN1;RSL24D1;RPL28;RPL34;RPS5;RPS23;RPS21;FAU;RPS11;ROBO1;ABL2;PSMB4;RPS14;EIF4G1;RPL19;RPL27A;PSMC3;RPS29;PSMD14;RPS20;PSMB3;PSMA6;RPL37;RPS16;PSMD8;RPS4Y1;RPS27A;PSMD4;PABPC1;PSMD7;RPL39;RPL8;RPS9;RPL23;PSME4;PSME3;PSMD12;RPL30;NCK2;RPL13A;RPS6;UBA52;ELOB;PSMB7;PSMC4;PRKCA;NCK1;PSMB2;RPL18A;RPLP1;RPS3A;PRKAR2A;RHOA;RPL10A;PSME1;RPS3;RPL6;RPS13;PSMD11;PSMA7;RPL7A;SRGAP2;RPS7;RPL38;RPL9;RPSA;PKN1;RPL41;PSMC5;RPL37A;PSMC2;RPS2;RPS27;PSMA5;RPS4X;NCBP1;RPL3;PSMD2;PSMD13;RPL11;PSMB1;MSI1;PSMD5;RPL32;EIF4A3;ENAH;RPS24;ELOC;RPS8;RPL23A;RPS28;ARHGAP39;RPL12;RPS19
SpivsNC	Reactome_2022	Signaling By Receptor Tyrosine Kinases R-HSA-9006934	-1.83569587966	0	0.00947001467887	EGR1;THBS1;TRIB3;SH2B3;MYC;TRIB1;SRC;NRP1;DUSP6;IRS1;SPRY1;SOCS6;PTPRK;HIF1A;RNF41;ARF6;FOSL1;ITPR3;FURIN;NAB2;GRB10;PDGFRB;ESRP2;STAT3;GRB7;RPS6KA3;DOCK1;SGK1;FGFR4;YAP1;PTPN1;SHB;SHC1;VGF;HSPB1;SPRED2;BAX;SH3KBP1;EP300;BCAR1;ITPR2;MAP2K2;FOS;PTPN12;PDPK1;ITGB1;LAMB1;CDC37;TNS3;JUND;EGFR;HNRNPF;ITPR1;PPP2CA;DUSP3;GDNF;CBL;ERBIN;HNRNPM;AREG;WWP1;WASF2;LCK;ATP6V1E1;RBFOX2;FGFRL1;ATP6V1H;TNS4;RPS27A;ATP6V0E2;VEGFA;LAMC3;ROCK2;HNRNPA1;YWHAB;PRKCD;FLRT1;STUB1;SPHK1;PRR5;TCF12;ID2;EREG;TGFA;NEDD4;NCK2;PRKCE;HBEGF;UBA52;PRKCA;GTF2F1;PRKCZ;NCK1;MEF2D;CLTA;POLR2D;RALA;PTK2;RHOA;STK4;CSK;RAP1B;APOE;HDAC2;STAM;GRB2;RICTOR;ATP6V0B;CHD4;BRAF;ELMO1;MEMO1;MAPKAPK2;PKN1;SH3GL1;ADAP1;LYN;ID1;IGF1R;RPS6KA2;ATP6V0C
SpivsNC	Reactome_2022	Signaling By TGF-beta Receptor Complex R-HSA-170834	-1.86536426555	0	0.00681385247104	PPP1R15A;MYC;TGFBR2;SMURF1;FURIN;BAMBI;PARD3;TGIF1;UBE2D3;EP300;ITGB1;TGIF2;CDKN2B;CBL;TRIM33;RPS27A;TGFB1;CDK9;STUB1;E2F4;UBE2M;UBA52;PRKCZ;F11R;RHOA;FKBP1A;NEDD4L;CCNC;ITGB5;RNF111;ARHGEF18;SMAD2;USP9X;NCOR2;SMAD7;SKIL;PPM1A
SpivsNC	Reactome_2022	Signaling By TGFB Family Members R-HSA-9006936	-1.81606698441	0	0.0109867700628	PPP1R15A;MYC;TGFBR2;SMURF1;FURIN;FST;BAMBI;PARD3;TGIF1;UBE2D3;EP300;ITGB1;TGIF2;CDKN2B;CBL;TRIM33;ACVR2A;RPS27A;TGFB1;CDK9;STUB1;E2F4;UBE2M;UBA52;INHBB;PRKCZ;F11R;RHOA;FKBP1A;NEDD4L;CCNC;ITGB5;RNF111;ARHGEF18;ACVR1B;SMAD2;USP9X;NCOR2;SMAD7;SKIL;PPM1A
SpivsNC	Reactome_2022	Signaling By VEGF R-HSA-194138	-1.74845319405	0	0.0175374782766	TRIB3;SRC;NRP1;ITPR3;DOCK1;SHB;HSPB1;BCAR1;ITPR2;PDPK1;ITPR1;WASF2;VEGFA;ROCK2;PRKCD;SPHK1;PRR5;NCK2;PRKCA;PRKCZ;NCK1;PTK2;RHOA;RICTOR;ELMO1;MAPKAPK2;PKN1;AXL;PIK3R1;CTNNA1;CRK;NCF2;MLST8;WASF1
SpivsNC	Reactome_2022	Signaling By WNT R-HSA-195721	-1.64736856171	0	0.0360843078208	DKK1;MYC;AXIN2;ZNRF3;BCL9L;SOX6;ITPR3;SMURF1;CREBBP;LGR5;PIP5K1B;SOX4;PPP3R1;PLCB1;PPP2R5E;PFN1;CSNK1A1;SOX9;TNRC6C;EP300;ITPR2;PPP2R5A;PSMB4;ITPR1;PSMC3;PSMD14;PPP2CA;PSMB3;PSMA6;TCF7;PSMD8;PPP3CA;CSNK2A2;RPS27A;GNG5;TLE5;PSMD4;TLE3;PSMD7;GSK3B;WNT7B;PSME4;NCOA3;PSME3;PSMD12;YWHAZ;UBA52;PSMB7;PSMC4;PRKCA;PSMB2;CLTA;FRAT2;CTBP1;CLTB;RHOA;PSME1;RUVBL1;GNB1;PSMD11;PSMA7;GNG4;H2AC14;CTNNBIP1;PSMC5;PSMC2;FRAT1;PSMA5;H3-3B;SOX13;LRP6;WNT6;H2AX;PSMD2;PSMD13;KAT5;PSMB1;PDE6G;PSMD5;TCF7L2;TRRAP;FZD9;DAAM1
SpivsNC	Reactome_2022	Sphingolipid De Novo Biosynthesis R-HSA-1660661	-1.78173678606	0.00298062593145	0.0143867413126	VAPA;PLPP3;CERS2;SPTLC3;SGMS1;OSBP;CERS6;KDSR;SPHK1;SGPL1;ALDH3A2;VAPB;SGPP2;SGMS2;SGPP1;SPTLC2;SAMD8;SPNS2;SPTSSB;PPM1L;ACER3;ORMDL2;PLPP1
SpivsNC	Reactome_2022	Syndecan Interactions R-HSA-3000170	-1.66766625663	0.0136286201022	0.0307269418396	THBS1;SDC4;ITGB1;CASK;TGFB1;PRKCA;ITGB5
SpivsNC	Reactome_2022	Synthesis Of Active Ubiquitin: Roles Of E1 And E2 Enzymes R-HSA-8866652	-1.73042266601	0	0.0198180439637	UBE2D2;UBE2S;UBE2R2;CDC34;UBE2W;UBE2H;UBE2G1;UBE2B;RPS27A;UBA52;UBE2C;UBE2K;UBE2Z;UBE2A;UCHL3;USP7;USP9X
SpivsNC	Reactome_2022	Synthesis Of Bile Acids And Bile Salts R-HSA-192105	-1.61351123645	0.0169491525424	0.0461746378589	AKR1C1;AKR1C2;NR1H4;AKR1C3;HSD3B7;OSBP;NCOA1;BAAT;AMACR;OSBPL9;HSD17B4
SpivsNC	Reactome_2022	Synthesis Of Bile Acids And Bile Salts Via 7Alpha-Hydroxycholesterol R-HSA-193368	-1.7369347509	0.00322580645161	0.0191312671318	AKR1C1;AKR1C2;NR1H4;AKR1C3;HSD3B7;NCOA1;BAAT;AMACR;HSD17B4;AKR1C4
SpivsNC	Reactome_2022	TCF Dependent Signaling In Response To WNT R-HSA-201681	-1.82264087919	0	0.0104253751394	DKK1;MYC;AXIN2;ZNRF3;BCL9L;SOX6;CREBBP;LGR5;PIP5K1B;SOX4;PPP2R5E;CSNK1A1;SOX9;EP300;PPP2R5A;PSMB4;PSMC3;PSMD14;PPP2CA;PSMB3;PSMA6;TCF7;PSMD8;CSNK2A2;RPS27A;PSMD4;TLE3;PSMD7;GSK3B;PSME4;PSME3;PSMD12;YWHAZ;UBA52;PSMB7;PSMC4;PSMB2;FRAT2;CTBP1;PSME1;RUVBL1;PSMD11;PSMA7;H2AC14;CTNNBIP1;PSMC5;PSMC2;FRAT1;PSMA5;H3-3B;SOX13;LRP6;H2AX;PSMD2;PSMD13;KAT5;PSMB1;PSMD5;TCF7L2;TRRAP
SpivsNC	Reactome_2022	TCR Signaling R-HSA-202403	-1.73504484851	0.00132625994695	0.0192600701085	UBE2D2;VASP;NFKBIA;RIPK2;IKBKG;NFKB1;CDC34;PDPK1;PSMB4;PSMC3;PSMD14;PSMB3;LCK;PSMA6;PSMD8;RPS27A;PSMD4;PSMD7;PSME4;PSME3;PSMD12;UBA52;PSMB7;PSMC4;NCK1;PSMB2;PSME1;CSK;PSMD11;PSMA7;PKN1;PSMC5;PSMC2;PSMA5;TAB2;PIK3R1;PSMD2;PSMD13;RELA;FBXW11;PSMB1;PSMD5
SpivsNC	Reactome_2022	TGF-beta Receptor Signaling Activates SMADs R-HSA-2173789	-1.6076322903	0.012030075188	0.0478032317575	PPP1R15A;TGFBR2;SMURF1;FURIN;BAMBI;ITGB1;CBL;RPS27A;TGFB1;STUB1;UBE2M;UBA52;FKBP1A;NEDD4L;ITGB5
SpivsNC	Reactome_2022	TGF-beta Receptor Signaling In EMT (Epithelial To Mesenchymal Transition) R-HSA-2173791	-1.68517304821	0.0066889632107	0.0280614689315	TGFBR2;SMURF1;PARD3;RPS27A;TGFB1;UBA52;PRKCZ;F11R;RHOA;FKBP1A;ARHGEF18
SpivsNC	Reactome_2022	TNFR2 Non-Canonical NF-kB Pathway R-HSA-5668541	-1.81340111058	0	0.0112056079449	TNFRSF12A;TNFRSF1A;PSMB4;RELB;PSMC3;PSMD14;NFKB2;PSMB3;PSMA6;TNFSF4;PSMD8;RPS27A;EDA;PSMD4;PSMD7;PSME4;UBE2M;PSME3;PSMD12;UBA52;PSMB7;PSMC4;PSMB2;MAP3K14;PSME1;PSMD11;PSMA7;LTBR;PSMC5;PSMC2;PSMA5;BIRC2;PSMD2;PSMD13;FBXW11;TRAF3;PSMB1;PSMD5;TNFSF12
SpivsNC	Reactome_2022	TP53 Regulates Transcription Of Cell Cycle Genes R-HSA-6791312	-1.7026484697	0.00879765395894	0.0246801495005	GADD45A;CNOT1;PLK3;ARID3A;CDKN1A;BAX;EP300;PCBP4;PRMT1;TNKS1BP1;RGCC;NPM1;E2F4;AURKA;CDKN1B;E2F8;REXO2;CARM1;CNOT9;CNOT2
SpivsNC	Reactome_2022	TRAF6 Mediated Induction Of NFkB And MAP Kinases Upon TLR7/8 Or 9 Activation R-HSA-975138	-1.68100965625	0.00536193029491	0.0286485686191	JUN;DUSP6;RPS6KA3;NFKBIA;RIPK2;IKBKG;NFKB1;NFKBIB;FOS;NLRC5;IRAK2;MYD88;PELI1;PPP2CA;DUSP3;GDNF;NFKB2;RPS27A;TNIP2;IRAK1;UBA52;ECSIT;MAP3K8;APP;MAPKAPK2;MAP2K3;RPS6KA2;TAB2;MAP2K7;USP14;RELA;FBXW11
SpivsNC	Reactome_2022	Tight Junction Interactions R-HSA-420029	-1.64315479007	0.0172684458399	0.0373054921944	CLDN1;PARD3;PARD6B;CLDN11;CLDN2;F11R;CLDN4;CLDN6;CLDN12;CRB3;PATJ
SpivsNC	Reactome_2022	Toll Like Receptor 3 (TLR3) Cascade R-HSA-168164	-1.74014551496	0.00132100396301	0.0187298633129	JUN;DUSP6;UBE2D2;UBE2D3;RPS6KA3;NFKBIA;RIPK2;IKBKG;NFKB1;NFKBIB;FOS;NLRC5;IRAK2;PPP2CA;DUSP3;GDNF;NFKB2;RPS27A;IKBKE;IRF3;TNIP2;IRAK1;UBA52;FADD;MAP3K8;APP;MAPKAPK2;MAP2K3;RPS6KA2;BIRC2;TAB2;MAP2K7;USP14;RELA;FBXW11;TRAF3
SpivsNC	Reactome_2022	Toll Like Receptor 4 (TLR4) Cascade R-HSA-166016	-1.77710214037	0	0.0148711086777	JUN;FGB;DUSP6;UBE2D2;FGG;UBE2D3;RPS6KA3;NFKBIA;FGA;RIPK2;IKBKG;NFKB1;NFKBIB;FOS;NLRC5;IRAK2;MYD88;PELI1;PPP2CA;DUSP3;GDNF;NFKB2;RPS27A;IKBKE;IRF3;TNIP2;IRAK1;UBA52;ECSIT;FADD;MAP3K8;APP;MAPKAPK2;MAP2K3;RPS6KA2;PTPN11;BIRC2;TAB2;PTPN4;MAP2K7;USP14;RELA;FBXW11;TRAF3
SpivsNC	Reactome_2022	Toll Like Receptor 7/8 (TLR7/8) Cascade R-HSA-168181	-1.66119286623	0.00532623169108	0.032465587121	JUN;DUSP6;RPS6KA3;NFKBIA;RIPK2;IKBKG;NFKB1;NFKBIB;FOS;NLRC5;IRAK2;MYD88;PELI1;PPP2CA;DUSP3;GDNF;NFKB2;RPS27A;TNIP2;IRAK1;UBA52;ECSIT;MAP3K8;APP;MAPKAPK2;MAP2K3;RPS6KA2;TAB2;MAP2K7;USP14;RELA;FBXW11
SpivsNC	Reactome_2022	Toll Like Receptor 9 (TLR9) Cascade R-HSA-168138	-1.62305982144	0.00532623169108	0.0434693945963	JUN;DUSP6;RPS6KA3;NFKBIA;RIPK2;IKBKG;NFKB1;NFKBIB;FOS;NLRC5;IRAK2;MYD88;PELI1;PPP2CA;DUSP3;GDNF;NFKB2;RPS27A;TNIP2;IRAK1;UBA52;ECSIT;MAP3K8;APP;MAPKAPK2;MAP2K3;RPS6KA2;EEA1;TAB2;MAP2K7;USP14;RELA;FBXW11
SpivsNC	Reactome_2022	Toll-like Receptor Cascades R-HSA-168898	-1.69744400845	0	0.0251797162493	JUN;FGB;APOB;DUSP6;UBE2D2;FGG;UBE2D3;HSP90B1;RPS6KA3;NFKBIA;FGA;RIPK2;IKBKG;NFKB1;NFKBIB;FOS;NLRC5;IRAK2;MYD88;PELI1;PPP2CA;DUSP3;GDNF;NFKB2;RPS27A;IKBKE;IRF3;TNIP2;IRAK1;UBA52;ECSIT;FADD;MAP3K8;APP;MAPKAPK2;MAP2K3;RPS6KA2;EEA1;PTPN11;BIRC2;TAB2;PTPN4;MAP2K7;USP14;RELA;FBXW11;TRAF3
SpivsNC	Reactome_2022	Transcriptional Activity Of SMAD2/SMAD3:SMAD4 Heterotrimer R-HSA-2173793	-1.61539966296	0.00734214390602	0.0458300531067	MYC;FURIN;TGIF1;UBE2D3;EP300;TGIF2;CDKN2B;TRIM33;RPS27A;CDK9;E2F4;UBA52;NEDD4L;CCNC;RNF111;SMAD2;USP9X;NCOR2;SMAD7;SKIL;PPM1A
SpivsNC	Reactome_2022	Transcriptional Regulation By AP-2 (TFAP2) Family Of Transcription Factors R-HSA-8864260	-1.80818636201	0.00470219435737	0.0115108100822	MYC;CREBBP;MYBL2;KCTD15;YY1;CDKN1A;YEATS4;EP300;NOP2;EGFR;NPM1;VEGFA;TGFA;APOE
SpivsNC	Reactome_2022	Transcriptional Regulation By RUNX1 R-HSA-8878171	-1.69703857012	0	0.0251664916084	THBS1;GPAM;CBX4;SRC;PHC2;CREBBP;RUNX1;ABL1;SCMH1;ZFPM1;SOCS3;YAP1;TNRC6C;GATA2;EP300;PRMT1;SOCS4;SMARCC1;CDK6;TJP1;PSMB4;PSMC3;PSMD14;PSMB3;PSMA6;PSMD8;OCLN;HIPK2;CSNK2A2;RPS27A;PSMD4;PSMD7;PSME4;TCF12;PSME3;PSMD12;ARID1A;UBA52;PSMB7;PSMC4;CDK7;ARID1B;PSMB2;PSME1;PSMD11;PSMA7;H2AC14;SMARCB1;PSMC5;PSMC2;SMARCA2;PTPN11;KAT2B;PSMA5;ELOF1;H3-3B;H2AX;PSMD2;NFATC2;PSMD13;CCNH;RING1;PSMB1;PSMD5;KMT2C;ITCH
SpivsNC	Reactome_2022	Transcriptional Regulation By RUNX2 R-HSA-8878166	-1.76403424591	0	0.015416263503	SRC;NR3C1;SMURF1;RUNX1;ABL1;CDKN1A;YAP1;CDK4;SOX9;BAX;PSMB4;PSMC3;PSMD14;AREG;WWP1;PSMB3;SATB2;PSMA6;PSMD8;ESRRA;RPS27A;PSMD4;PSMD7;GSK3B;STUB1;PSME4;PSME3;PSMD12;UBA52;PSMB7;PSMC4;PSMB2;HDAC4;PSME1;PSMD11;PSMA7;PSMC5;PSMC2;PSMA5;TWIST2;PSMD2;PSMD13;PSMB1;PSMD5
SpivsNC	Reactome_2022	Transcriptional Regulation By RUNX3 R-HSA-8878159	-2.01436405977	0	0.000543367432454	MYC;JAG1;SRC;ZFHX3;SMURF1;CREBBP;RUNX1;CDKN1A;YAP1;FOXO3;EP300;TEAD1;PSMB4;TEAD2;PSMC3;PSMD14;PSMB3;PSMA6;TCF7;PSMD8;RPS27A;CCN2;PSMD4;PSMD7;TGFB1;PSME3;PSMD12;UBA52;PSMB7;PSMC4;PSMB2;HDAC4;PSME1;PSMD11;PSMA7;PSMC5;PSMC2;TEAD4;KAT2B;PSMA5;PSMD2;PSMD13;PSMB1;PSMD5;TCF7L2
SpivsNC	Reactome_2022	Transcriptional Regulation Of Granulopoiesis R-HSA-9616222	-1.75334637316	0	0.0170549777842	CEBPB;MYC;KLF5;STAT3;RUNX1;RARA;CDKN1A;CDK4;GATA2;EP300
SpivsNC	Reactome_2022	Translation Initiation Complex Formation R-HSA-72649	-2.1133772439	0	0.000178739286991	EIF2S2;RPS12;EIF3B;RPS5;EIF3I;RPS23;RPS21;FAU;RPS11;EIF3J;EIF3K;EIF3C;RPS14;EIF4G1;RPS29;EIF4B;RPS20;RPS16;RPS4Y1;RPS27A;PABPC1;EIF3A;RPS9;RPS6;EIF3M;RPS3A;RPS3;RPS13;EIF2S3;RPS7;RPSA;RPS2;RPS27;RPS4X;EIF3H;EIF4E;RPS24;RPS8;RPS28;RPS19;RPS17
SpivsNC	Reactome_2022	Translation R-HSA-72766	-2.31316658591	0	0	GARS1;SARS1;CARS1;WARS1;AARS1;MARS1;YARS1;EIF2S2;TARS1;EIF4EBP1;NARS1;SEC11C;EPRS1;RPN1;EEF1A1;FARSA;SEC61A1;AIMP1;GSPT1;SSR3;RPS12;RPLP0;EIF3B;RPLP2;MARS2;VARS1;ETF1;RPL22L1;RSL24D1;RPL28;RPL34;RPS5;DDOST;EEF1E1;EIF3I;MRPL48;RPS23;RPN2;IARS1;RPS21;FAU;RPS11;MRPL15;SSR4;EIF3J;EIF3K;EIF3C;SRPRB;RPS14;EIF4G1;RPL19;MRPL46;MRPL30;RPL27A;RPS29;EIF4B;MRPS18B;RPS20;EIF2B2;MRPS16;RPL37;MRPL12;APEH;MRPL1;RPS16;EEF2;SEC61G;RPS4Y1;RPS27A;PABPC1;EIF3A;SRPRA;RPL39;RPL8;RPS9;RPL23;RPL30;RPL13A;RPS6;EIF3M;UBA52;SSR2;RPL18A;RPLP1;RPS3A;MRPS11;RPL10A;RPS3;TUFM;RPL6;MRPL23;EEF1D;RPS13;RPL7A;EIF2S3;SPCS2;RPS7;RPL38;EIF2B3;RPL9;MRPL11;RPSA;MRPL4;RPL41;RPL37A;AURKAIP1;SEC61B;RPS2;RPS27;MRPS23;RPS4X;RPL3;EIF3H;TRAM1;DTD1;RPL11;MRPS34;SRP19;CHCHD1;SARS2;MRPL54;WARS2;RPL32;TSFM;EIF4E;MRPL21;MRPS7;RPS24;RPS8;RPL23A;RPS28;CARS2;RPL12;RPS19;AIMP2;EIF2B5;MRPL45;RPL35A;QARS1;RPS17
SpivsNC	Reactome_2022	Transport Of Bile Salts And Organic Acids, Metal Ions And Amine Compounds R-HSA-425366	-1.64876624615	0.00824175824176	0.0359488948537	SLC39A14;SLC6A9;SLC31A1;SLC30A1;SLC39A5;RUNX1;SLC13A3;SLC22A15;SLC22A11;SLC39A1;SLC6A11;SLC39A3;SLC44A4;SLC30A7;SLC41A2;SLC6A12;SLC39A7;SLC30A10
SpivsNC	Reactome_2022	Transport Of Inorganic Cations/Anions And Amino Acids/Oligopeptides R-HSA-425393	-1.96227687235	0	0.00186510560339	SLC7A11;SLC7A1;SLC1A4;SLC38A1;SLC1A5;SLC38A5;SLC3A2;SLC7A5;SLC43A1;SLC7A6;SLC38A2;SLC20A1;SLC26A1;SLC4A2;SLC6A12;SLC17A1;SLC6A14;SLC4A7;SLC20A2;SLC4A5;CTNS;SLC9A3
SpivsNC	Reactome_2022	UCH Proteinases R-HSA-5689603	-1.82331762626	0	0.0104531665771	TGFBR2;FOXK2;CNKSR3;INO80;YY1;INO80D;PSMB4;PSMC3;PSMD14;PSMB3;PSMA6;MCRS1;PSMD8;RPS27A;PSMD4;PSMD7;TGFB1;ADRM1;PSME4;PSME3;PSMD12;UBA52;PSMB7;PSMC4;PSMB2;PSME1;RUVBL1;ASXL2;PSMD11;PSMA7;H2AC14;UCHL3;PSMC5;PSMC2;PSMA5;PSMD2;PSMD13;PSMB1;SMAD7;PSMD5
SpivsNC	Reactome_2022	Ubiquitin Mediated Degradation Of Phosphorylated Cdc25A R-HSA-69601	-1.73484040549	0.00415512465374	0.0191685808319	PSMB4;PSMC3;PSMD14;PSMB3;PSMA6;PSMD8;RPS27A;PSMD4;PSMD7;PSME4;PSME3;PSMD12;UBA52;PSMB7;PSMC4;PSMB2;PSME1;PSMD11;PSMA7;PSMC5;PSMC2;PSMA5;PSMD2;PSMD13;CDC25A;PSMB1;PSMD5
SpivsNC	Reactome_2022	Ubiquitin-dependent Degradation Of Cyclin D R-HSA-75815	-1.85905349934	0	0.00721804624875	CDK4;PSMB4;PSMC3;PSMD14;PSMB3;PSMA6;PSMD8;RPS27A;PSMD4;PSMD7;GSK3B;PSME4;PSME3;PSMD12;UBA52;PSMB7;PSMC4;PSMB2;PSME1;PSMD11;PSMA7;PSMC5;PSMC2;PSMA5;PSMD2;PSMD13;PSMB1;PSMD5
SpivsNC	Reactome_2022	Unfolded Protein Response (UPR) R-HSA-381119	-2.24806262717	0	0	CEBPB;ATF3;ASNS;CEBPG;HERPUD1;DDIT3;ATF4;CXCL8;CALR;HYOU1;EIF2S2;ERN1;GFPT1;HSPA5;LMNA;PREB;HSP90B1;SERP1;WIPI1;PDIA6;SHC1;SRPRB;EXOSC6;PDIA5;DNAJC3;NFYC;CTDSP2;SRPRA;YIF1A;DNAJB11;KDELR3;EXOSC8;GOSR2;NFYA;KHSRP;EIF2S3;IGFBP1;HDGF
SpivsNC	Reactome_2022	VEGFA-VEGFR2 Pathway R-HSA-4420097	-1.69823900067	0	0.0254692969887	TRIB3;SRC;ITPR3;DOCK1;SHB;HSPB1;BCAR1;ITPR2;PDPK1;ITPR1;WASF2;VEGFA;ROCK2;PRKCD;SPHK1;PRR5;NCK2;PRKCA;PRKCZ;NCK1;PTK2;RHOA;RICTOR;ELMO1;MAPKAPK2;PKN1;AXL;PIK3R1;CTNNA1;CRK;NCF2;MLST8;WASF1
SpivsNC	Reactome_2022	Vif-mediated Degradation Of APOBEC3G R-HSA-180585	-1.71202243655	0.00141242937853	0.023465074598	PSMB4;PSMC3;PSMD14;PSMB3;PSMA6;PSMD8;RPS27A;PSMD4;PSMD7;PSME4;PSME3;PSMD12;UBA52;ELOB;PSMB7;PSMC4;PSMB2;PSME1;PSMD11;PSMA7;PSMC5;PSMC2;PSMA5;PSMD2;PSMD13;PSMB1;PSMD5
SpivsNC	Reactome_2022	Viral mRNA Translation R-HSA-192823	-2.28489222122	0	0	RPS12;RPLP0;RPLP2;RPL22L1;RSL24D1;RPL28;RPL34;RPS5;RPS23;RPS21;FAU;RPS11;RPS14;RPL19;RPL27A;RPS29;RPS20;DNAJC3;RPL37;RPS16;RPS4Y1;RPS27A;RPL39;RPL8;RPS9;RPL23;RPL30;RPL13A;RPS6;UBA52;RPL18A;RPLP1;RPS3A;RPL10A;RPS3;RPL6;RPS13;RPL7A;RPS7;RPL38;RPL9;RPSA;RPL41;RPL37A;RPS2;RPS27;RPS4X;RPL3;RPL11;RPL32;GRSF1;RPS24;RPS8;RPL23A;RPS28;RPL12;RPS19;RPL35A;RPS17;PBRM1
SpivsNC	Reactome_2022	Vpu Mediated Degradation Of CD4 R-HSA-180534	-1.75799926226	0.00137931034483	0.0164761597633	PSMB4;PSMC3;PSMD14;PSMB3;PSMA6;PSMD8;RPS27A;PSMD4;PSMD7;PSME4;PSME3;PSMD12;UBA52;PSMB7;PSMC4;PSMB2;PSME1;PSMD11;PSMA7;PSMC5;PSMC2;PSMA5;PSMD2;PSMD13;PSMB1;PSMD5
SpivsNC	Reactome_2022	XBP1(S) Activates Chaperone Genes R-HSA-381038	-1.6088879177	0.0166163141994	0.0477400719601	HYOU1;GFPT1;LMNA;PREB;SERP1;WIPI1;PDIA6;SHC1;SRPRB;PDIA5;DNAJC3;CTDSP2;SRPRA;YIF1A;DNAJB11;KDELR3;GOSR2;HDGF
SpivsNC	Reactome_2022	mRNA Activation Upon Binding Of Cap-Binding Complex And eIFs, Subsequent Binding To 43S R-HSA-72662	-2.14502832919	0	0.000114393143674	EIF2S2;EIF4EBP1;RPS12;EIF3B;RPS5;EIF3I;RPS23;RPS21;FAU;RPS11;EIF3J;EIF3K;EIF3C;RPS14;EIF4G1;RPS29;EIF4B;RPS20;RPS16;RPS4Y1;RPS27A;PABPC1;EIF3A;RPS9;RPS6;EIF3M;RPS3A;RPS3;RPS13;EIF2S3;RPS7;RPSA;RPS2;RPS27;RPS4X;EIF3H;EIF4E;RPS24;RPS8;RPS28;RPS19;RPS17
SpivsNC	Reactome_2022	mTORC1-mediated Signaling R-HSA-166208	-1.60427227538	0.0241935483871	0.0489193037556	EIF4EBP1;RPTOR;RRAGC;EIF4G1;EIF4B;AKT1S1;YWHAB;RPS6;FKBP1A;MLST8;RHEB;EIF4E
SpivsNC	Reactome_2022	p53-Dependent G1 DNA Damage Response R-HSA-69563	-1.71096505036	0.00278940027894	0.0234791927392	CDKN1A;PCBP4;PSMB4;PSMC3;PSMD14;PSMB3;PSMA6;PSMD8;RPS27A;PSMD4;PSMD7;PSME4;PSME3;PSMD12;UBA52;PSMB7;PSMC4;PSMB2;PSME1;PSMD11;PSMA7;CDKN1B;PSMC5;PSMC2;PSMA5;PSMD2;PSMD13;CDK2;PSMB1;PSMD5
SpivsNC	Reactome_2022	p75NTR Signals Via NF-kB R-HSA-193639	-1.71151055151	0.0103092783505	0.0234541917219	SQSTM1;NFKBIA;RIPK2;NFKB1;NGFR;MYD88;RPS27A;IRAK1;UBA52
SpivsNC	Reactome_2022	rRNA Modification In Nucleus And Cytosol R-HSA-6790901	-2.05901159029	0	0.000349534605672	RCL1;RRP7A;WDR43;UTP4;NOP14;DKC1;WDR46;IMP4;SNU13;NOP2;NOP58;GAR1;EMG1;RPS14;UTP11;FBL;DHX37;UTP25;RPS9;NOP10;RPS6;DDX49;UTP15;UTP6;PDCD11;RPS7;PWP2;PNO1;UTP3;RPS2;NOL6;HEATR1
SpivsNC	Reactome_2022	rRNA Processing In Nucleus And Cytosol R-HSA-8868773	-2.15978442623	0	4.23678309905e-05	RCL1;RRP7A;RPS12;RPLP0;WDR43;UTP4;RPLP2;NOP14;DKC1;BYSL;WDR46;RPL22L1;RSL24D1;WDR12;IMP4;RPL28;RPL34;RPS5;SNU13;NIP7;NOP2;RPS23;EBNA1BP2;NOP58;RPS21;FAU;RPS11;GAR1;EMG1;RPS14;UTP11;RPL19;RPL27A;EXOSC6;RPS29;FBL;WDR18;DHX37;RPS20;UTP25;RPL37;RPS16;RPS4Y1;RPS27A;RPL39;RPL8;RPS9;RPL23;PES1;NOP10;RPL30;RPL13A;RPS6;UBA52;RPL18A;RPLP1;DDX49;RPS3A;UTP15;NOL12;EXOSC8;RPL10A;RPS3;RPL6;UTP6;RPS13;RPL7A;PDCD11;RPS7;RPL38;RPL9;PWP2;RPSA;RPL41;SENP3;PNO1;RPL37A;UTP3;RPS2;RPS27;FTSJ3;RPS4X;NOL6;RPP14;RPL3
SpivsNC	Reactome_2022	rRNA Processing R-HSA-72312	-2.16435645489	0	4.76638098643e-05	RCL1;RRP7A;RPS12;RPLP0;WDR43;UTP4;RPLP2;NOP14;DKC1;BYSL;TFB1M;WDR46;RPL22L1;RSL24D1;WDR12;IMP4;RPL28;RPL34;RPS5;SNU13;NIP7;NOP2;RPS23;EBNA1BP2;NOP58;RPS21;FAU;RPS11;GAR1;EMG1;RPS14;UTP11;RPL19;RPL27A;EXOSC6;RPS29;FBL;WDR18;DHX37;RPS20;UTP25;RPL37;RPS16;RPS4Y1;RPS27A;MRM1;RPL39;RPL8;RPS9;RPL23;PES1;NOP10;RPL30;RPL13A;RPS6;UBA52;RPL18A;RPLP1;DDX49;RPS3A;UTP15;NSUN4;NOL12;EXOSC8;RPL10A;RPS3;RPL6;UTP6;RPS13;RPL7A;PDCD11;RPS7;RPL38;RPL9;PWP2;RPSA;RPL41;SENP3;PNO1;RPL37A;UTP3;MRM3;RPS2;RPS27;FTSJ3;RPS4X;NOL6;RPP14;RPL3
SpivsNC	Reactome_2022	tRNA Aminoacylation R-HSA-379724	-2.19826369419	0	4.97361494237e-05	GARS1;SARS1;CARS1;WARS1;AARS1;MARS1;YARS1;TARS1;NARS1;EPRS1;FARSA;AIMP1;MARS2;VARS1;EEF1E1;IARS1
TegvsNC	GO_Biological_Process_2025	ADP Catabolic Process (GO:0046032)	2.21287550609	0	0	PGK1;ENO2;ALDOC;LDHA;PGM1;PFKL;ENO1;GAPDH;TPI1;PKLR;PKM;HOOK2;ENO3
TegvsNC	GO_Biological_Process_2025	ATP Metabolic Process (GO:0046034)	2.19217557503	0	0	PGK1;ENO2;ALDOC;LDHA;PGM1;PFKL;ENO1;GAPDH;ENPP3;TPI1;ATP1B1;PKLR;AK4;PKM;ENPP1;HOOK2;NT5E;ENO3;ATP5PO;HSPA1B;HSPA1A;ATP5F1A
TegvsNC	GO_Biological_Process_2025	Amino Acid Import Across Plasma Membrane (GO:0089718)	-1.91379920364	0	0.0102585513069	SLC7A1;SLC1A4;SLC1A5;SLC3A2;SLC6A9;SLC7A5;SLC38A5;SLC6A14
TegvsNC	GO_Biological_Process_2025	Amino Acid Transport (GO:0006865)	-1.82199915064	0	0.0207633385048	SLC7A1;SLC1A4;SLC1A5;SLC3A2;SLC7A5;SLC38A1;SLC43A1;SLC6A11;SLC38A5;SLC6A12;SLC6A14;SLC7A6
TegvsNC	GO_Biological_Process_2025	Attachment of Mitotic Spindle Microtubules to Kinetochore (GO:0051315)	-1.76043652072	0.00902934537246	0.0347162402956	SKA1;CHAMP1;MAPRE1;SEH1L;SKA3;NDC80;MAD1L1;CDT1;MIS12
TegvsNC	GO_Biological_Process_2025	Axon Guidance (GO:0007411)	1.87493087771	0	0.0146628237182	SEMA3G;SEMA4G;PLXNA3;PTPRM;ARHGEF40;SEMA4B;CELSR3;SCN1B;EFNA1;PTPRH;KIF5A;KIFC2;CYFIP1;BSG;L1CAM;SEMA3B;RELN;SOS1;PTK2;ALCAM;SEMA6C;PTPRJ;SEMA6A;TRIO;ROBO4;EFNA3;KALRN;ARHGEF25;CYFIP2;EVL;KIF5B;SEMA4F;EFNA4;ARHGAP35;FEZ2;ROBO3;PTPRU;NTN3;NOTCH2
TegvsNC	GO_Biological_Process_2025	BMP Signaling Pathway (GO:0030509)	1.74724810746	0.0018691588785	0.0430109495734	CHRD;MEGF8;PPARG;MAPK3;TGFBR3;USP9Y;ACVR2B;BMP4;USP9X;PDCD4;POU5F1;SLC39A5;SMAD9
TegvsNC	GO_Biological_Process_2025	Branching Morphogenesis of an Epithelial Tube (GO:0048754)	-1.84395929815	0	0.0186061462004	MYC;EPHA2;PKD1;TGFBR2;SALL1;NKX3-1
TegvsNC	GO_Biological_Process_2025	COPII-coated Vesicle Cargo Loading (GO:0090110)	1.82769534068	0.00193423597679	0.0215625184864	SEC24D;SEC24A;SEC31A;SEC23A;MIA3;SEC31B;SEC24C;SEC13;SEC24B
TegvsNC	GO_Biological_Process_2025	Carbohydrate Catabolic Process (GO:0016052)	2.32285906147	0	0	PGK1;ENO2;ALDOC;LDHA;PGM1;MAN2C1;PFKL;ENO1;GAPDH;TPI1;MANBA;PKLR;PKM;HOOK2;ENOSF1;ENO3;EGFL7;CTBS;DERA;HKDC1;MAP4K2
TegvsNC	GO_Biological_Process_2025	Carboxylic Acid Metabolic Process (GO:0019752)	2.00498464323	0	0.00283144182144	PCK1;SLC2A3;SLC2A1;MTR;PCCA;CYP2S1;CYP4F3;CLSTN3;CYP2J2;CYP4F2;GSTO1;CSGALNACT1;ST6GAL1;AS3MT;FN3K
TegvsNC	GO_Biological_Process_2025	Carboxylic Acid Transport (GO:0046942)	-1.82340940058	0	0.0206421536998	SLC7A1;SLC1A4;SLC1A5;SLC3A2;SLC6A9;SLC7A5;SLC38A1;SLC6A11;SLC38A5;SLC6A12;SLC6A14;SLC7A6
TegvsNC	GO_Biological_Process_2025	Cardiac Muscle Contraction (GO:0060048)	1.88855434498	0	0.0127051876603	GSN;SCN1B;TNNI2;TTR;ATP1B1;GAA;CAMK2D;TPM1;PIK3CA
TegvsNC	GO_Biological_Process_2025	Cell Cycle G1/S Phase Transition (GO:0044843)	-2.07166944217	0	0.00203523066088	MYC;BCAT1;EIF4EBP1;PLK3;CCNJ;CDC25A;RCC1;CDK4;GSPT1;LATS1;CCND1;LATS2;DBF4;E2F3;TRIM71;EIF4E;CACUL1;CCNA2;MAP3K11;CUL3;CUL1;CCND3;PLK2;CDK2;CCNE1;CCNJL
TegvsNC	GO_Biological_Process_2025	Cellular Response to BMP Stimulus (GO:0071773)	1.74538805847	0.00375939849624	0.0432827174268	CHRD;MEGF8;PPARG;MAPK3;TGFBR3;USP9Y;ACVR2B;BMP4;USP9X;PDCD4;POU5F1;SLC39A5;SMAD9
TegvsNC	GO_Biological_Process_2025	Cellular Response to Glucose Starvation (GO:0042149)	-1.85207410427	0.00216919739696	0.0175366491532	SESN2;ATF4;XBP1;PMAIP1;MYBBP1A;BHLHA15;ZC3H12A;TP53;YWHAG;FOXO3;RRP8;SIRT1
TegvsNC	GO_Biological_Process_2025	Cellular Response to Ionizing Radiation (GO:0071479)	-1.83912835283	0	0.0194096734606	RHOB;GADD45A;INO80;TLK2;INTS7;BRCA2;XRCC6;BRCA1;TP53;MDM2;SIRT1;RAD51;FIGNL1;RAD51AP1;HRAS;TNKS1BP1;RAD9A
TegvsNC	GO_Biological_Process_2025	Cellular Response to Low-Density Lipoprotein Particle Stimulus (GO:0071404)	1.82732905091	0	0.0211178369183	APP;PPARG;SREBF2;CD68;MIA3;ITGB2;CD9;ITGB1;TGFB1;CES1;AKT1
TegvsNC	GO_Biological_Process_2025	Cellular Response to Radiation (GO:0071478)	-1.9756417066	0	0.00529796886118	RHOB;GADD45A;INO80;INTS7;BRCA2;BRCA1;TP53;SIRT1;RAD51;FIGNL1;NSMCE3;RAD51AP1;TNKS1BP1;RAD9A;CLOCK;RRH
TegvsNC	GO_Biological_Process_2025	Chloride Transmembrane Transport (GO:1902476)	1.95109898119	0	0.0050965952786	SLC26A6;GABRE;APOL1;ANO9;SLC12A4;SLC12A6;SLC12A3;ANO8;SLC1A7;ANO7;ANO6
TegvsNC	GO_Biological_Process_2025	Chloride Transport (GO:0006821)	1.80651278128	0.00347826086957	0.0292582321549	SLC26A6;GABRE;APOL1;ANO9;CLCN6;TTYH3;FXYD1;SLC12A4;SLC12A6;SLC12A3;CLIC1;ANO8;SLC1A7;ANO7;ANO6
TegvsNC	GO_Biological_Process_2025	Cholesterol Biosynthetic Process (GO:0006695)	1.77218704072	0.00740740740741	0.0376255057427	INSIG2;FDFT1;DHCR7;ACLY;SH3D19;MSMO1;HMGCS1;TM7SF2;MVD;SC5D;HMGCR;NPC1L1;CES1
TegvsNC	GO_Biological_Process_2025	Cholesterol Efflux (GO:0033344)	2.02368997864	0	0.00197342914828	ABCA7;NPC1;APOM;APOA2;APOC3;SCARB1;APOC1;APOA1;APOC2;ABCA5;SOAT2;ABCG5;NPC2;APOA5
TegvsNC	GO_Biological_Process_2025	Cholesterol Metabolic Process (GO:0008203)	1.87045689368	0	0.0154915667472	INSIG2;FDFT1;DHCR7;APOL2;GBA2;SULT2A1;ACLY;SH3D19;MSMO1;APOA1;HMGCS1;ABCA5;APOB;SOAT2;APOA5;SCARF1;TM7SF2;NR0B2;ACAA2;MVD;CLN8;HMGCR;NPC1L1;APOF;APOE;CES1;APOA4;SCAP;STARD3;CETP
TegvsNC	GO_Biological_Process_2025	Cholesterol Transport (GO:0030301)	1.9979429235	0	0.00255384948601	ABCA7;NPC1;APOM;APOA2;APOC3;SCARB1;OSBPL2;APOC1;APOA1;APOC2;STARD4;ABCA5;APOB;SOAT2;CLU;ABCG5;NPC2;APOA5;STARD5;LIPG;NPC1L1;APOE;CES1;APOA4;STARD3;CETP
TegvsNC	GO_Biological_Process_2025	Chromatin Organization (GO:0006325)	-1.83411405005	0	0.0193208056891	MYC;KDM6B;ASF1A;KDM4A;BAZ1B;H2AZ1;PRMT5;HNRNPC;SFPQ;MOCOS;BAZ1A;POLE3;GATAD2A;HIRA;MTA2;DDX56;NAA60;GRWD1;INO80;H2AX;CTCF;MYBBP1A;KDM6A;BRD2;PER2;DPF2;H3-3B;RUVBL1;ARID1A;TRIM28;BRD4;BCL7A;HMGN2;TOP1;BCL7B;EZH2;DHX9;CHD4;ASF1B;CHTOP;PRMT6;PRMT3;SSRP1;DNMT1;BRCA1;SART3;H2AZ2;HCFC1;BRD1;PAXIP1;USP36;LRWD1;HNRNPU;YEATS4;MACROH2A1;UCHL5;VRK1;DAXX;YY1;ZNF274;RING1;EPC1;FOXA1;RAD54L2;SIRT1;KAT7;VPS72;CHAF1B;SATB2;SMARCD1;NSMCE3;HMGN3;DNAJC9;CHD1;TADA2B;CHAF1A;SUV39H2;DEK;CHD7;WAC;PSME4;SMARCA2;UBE2A;THAP7;NASP;PSIP1;TFPT;SUPT16H;RBBP4;CHRAC1;HIRIP3;ANP32B;HMG20A;NUDT5;SMARCE1;HAT1;SIRT6;MCRS1;SRCAP;PRMT9;ZBTB7A;DPF1;ACTR5;ZZZ3;HMGB2;EID3;PWWP2A
TegvsNC	GO_Biological_Process_2025	Chromosome Organization (GO:0051276)	-1.76731918902	0	0.0331958932871	MYC;H1-0;NUP155;H1-10;H3-3B;LATS1;MSH2;CDCA8;CIP2A;H1-4;AXIN2;KAT6A;HAT1
TegvsNC	GO_Biological_Process_2025	Collagen Fibril Organization (GO:0030199)	1.99934638737	0	0.00259548833632	PLOD2;P4HA1;PLOD1;LOX;LOXL4;LOXL2;COL2A1;SERPINF2;ATP7A;NF1;LOXL3;P3H4
TegvsNC	GO_Biological_Process_2025	DNA Damage Response (GO:0006974)	-1.75433032127	0	0.0357614890147	MYC;GADD45A;PPP1R15A;EPHA2;DDIT3;RFWD3;ASF1A;BAZ1B;MCL1;UHRF1;TIGAR;POLE3;POLR1A;INO80;PLK3;RBBP8;H2AX;IER3;CDKN2AIP;ATAD3A;TLK2;EP400;FEN1;TOP3A;BCL2L1;MCM7;SAMHD1;DTX3L;DCUN1D5;DGCR8;XRCC2;RPTOR;PCLAF;TRIM28;REXO4;BRD4;MCM8;UPF1;CCND1;XRCC3;GTF2H1;NKX3-1;POLA1;ERCC4;E2F1;ALKBH8;ZC3H12A;MAP2K6;BRCA1;TP53;RFC2;MSL2;PPP4R3A;MSH2;LYN;BBC3;EXO1;HIC1;MACROH2A1;ALKBH3;VRK1;SPRTN;DTL;ING3;HMCES;YY1;SIRT1;GNB1L;MCM10;ASH2L;RAD51C;RAD51;BCL3;RBBP5;CIP2A;RASSF1;FBXO45;TRAIP;NSMCE3;FLYWCH1;CSNK2A2;GTF2H3;SMG1;NEDD4;TAOK2;RAD51AP1;VCP;FANCF;ZBTB38;WAC;PSME4;RAD9A;RRM1;UBE2A;TTC5;WDR76;INIP;APEX1;ATRIP;BAK1;BTG2;POLE2;CDK2;SUSD6;FBXO5;ERCC6L;CCNK;MASTL;SMC1A;IRF3;CBX1;RFC3;BCLAF1;EID3;NABP2;SUMO1;UBE2T;IKBKE;METTL3;BAX;GNL1;UBE2B;FOXP1;BRIP1;RAD54L;FANCC;BCL2L11;RBBP6;BARD1;ARMT1;SHLD3;MCM9;PRMT1;TDP1;CASP2;PLK5;BLM;YAP1;TRIP12;SPINDOC;NPM1;LRIF1
TegvsNC	GO_Biological_Process_2025	DNA Integrity Checkpoint Signaling (GO:0031570)	-1.73907252836	0.00235849056604	0.0410363927851	CDC6;PRPF19;H2AX;INTS7;DTX3L;CAMSAP3;CDC45;E2F1;CLSPN;TIPIN;LYN;DONSON;GNB1L;SETMAR;RAD9A;PARP9;ATRIP;CDT1;CLOCK
TegvsNC	GO_Biological_Process_2025	DNA Metabolic Process (GO:0006259)	-1.99522935343	0	0.00415079937416	GADD45A;ASF1A;HNRNPAB;CNBP;POLR1B;SYNCRIP;POLE3;GRWD1;CDC6;POLR1A;INO80;DCTPP1;GLRX2;RBBP8;EP400;FEN1;LTO1;TOP3A;MCM7;SAMHD1;MCM5;ORC6;RUVBL1;MCM4;XRCC2;SET;PCLAF;TRIM28;REXO4;MCM8;XRCC6;UPF1;HMGB1;MCM6;XRCC3;TOP1;GTF2H1;POLA1;CDC45;ERCC4;BRCA1;ORC5;RFC2;MSH2;LRWD1;TYMS;EXO1;MACROH2A1;DONSON;ALKBH3;UCHL5;YY1;LRIG3;PRIM2;TERF2;RAN;TBRG1;MCM10;RAD51C;MCM3;NUDT15;DCLRE1B;RAD51;RMI1;SETMAR;NSMCE3;POLD2;GTF2H3;ACD;FAM111B;ORC4;PTGES3;RAD51AP1;NEIL3;VCP;PSME4;RAD9A;NHEJ1;RRM1;UBE2A;NOC3L;TFPT;AXIN2;INIP;APEX1;HMGB3;ATRIP;BTG2;POLE2;SSBP1;CDK2;MCRS1;GEN1;ERCC6L;SMC1A;ACTR5;HMGB2;DFFB;RFC3;EID3;TERF2IP;NABP2;SUMO1;UBE2T;UBE2B;BRIP1;RAD54L;FANCC;BARD1;DUT;MCM9;TDP1;TERF1;DCLRE1C;BLM;TDG;NPM1;LRIF1
TegvsNC	GO_Biological_Process_2025	DNA Repair (GO:0006281)	-1.77289274526	0	0.0315943311035	GADD45A;RFWD3;ASF1A;POLR1B;POLR1A;INO80;PLK1;RBBP8;H2AX;USP7;EP400;FEN1;GTF2H2C;TOP3A;BRCA2;DTX3L;XRCC2;TRIM28;REXO4;PCNA;XRCC6;UPF1;UNG;HMGB1;XRCC3;MGME1;RNASEH2B;GTF2H1;POLA1;CDCA5;ERCC4;CENPX;PRMT6;BRCA1;TP53;DCLRE1A;RFC2;MSH2;EXO1;APTX;MACROH2A1;ALKBH3;SPRTN;HMCES;ALKBH2;LRIG3;GTF2H2;SIRT1;RAD51C;DCLRE1B;RAD51;TRAIP;NSMCE3;CSNK2A2;GTF2H3;RAD51AP1;NEIL3;VCP;FANCF;PPP5C;PSME4;TNKS1BP1;RAD9A;RRM1;UBE2A;ASCC1;PARP9;FIRRM;INIP;APEX1;ATRIP;BTG2;POLE2;SIRT6;AKTIP;ERCC6L;EYA3;SMC1A;ACTR5;RFC3;EID3;WDR33;NABP2;SUMO1;UBE2T;DDX1;UBE2B;PRIMPOL;BRIP1;RAD54L;FANCI;FANCC;FAAP24;FANCE;BARD1;TEX264;TRIP13;FAAP100;TDP1;DCLRE1C;BLM;HMGA1;TDG;NPM1;RFC5;HMGA2;FANCB;MSH6;RNASEH2A;EXO5;SETD2;ERCC6L2;ZNF668;LRIG1;PIAS4;RAD51D;UVRAG;RAD23B;NSMCE4A;PMS2;FAM111A;USP3;USP47;PRKDC;ARTN
TegvsNC	GO_Biological_Process_2025	DNA Replication (GO:0006260)	-2.07039615004	0	0.00198932320236	POLR1B;POLE3;GRWD1;POLR1A;RNASEH1;FEN1;MCM7;MCM5;MCM4;SET;PCLAF;MCM8;UPF1;TWNK;MCM6;TOP1;POLA1;ORC5;RFC2;DONSON;TBRG1;SLC19A1;CDK2AP1;POLD2;FAM111B;MCMBP;CHRAC1;POLE2;SSBP1;CDK2
TegvsNC	GO_Biological_Process_2025	DNA Replication Checkpoint Signaling (GO:0000076)	-1.7967822312	0.00213675213675	0.0256398039585	CDC6;CDC45;CLSPN;TIPIN;DONSON;RAD9A;NAE1;CDT1
TegvsNC	GO_Biological_Process_2025	DNA Replication Initiation (GO:0006270)	-2.21130219295	0	0.000306049723441	CDC6;MCM7;MCM5;ORC6;POLA1;CDC45;ORC5;LRWD1;PRIM2;MCM10;MCM3;ORC4;NOC3L
TegvsNC	GO_Biological_Process_2025	DNA-templated DNA Replication (GO:0006261)	-2.28909346336	0	0	POLE3;CDC6;POLR1A;MCM7;MCM5;ORC6;MCM4;TWNK;MGME1;POLA1;CDC45;ORC5;RFC2;LRWD1;PRIM2;MCM10;SLC19A1;MCM3;CDK2AP1;POLD2;ORC4;MCMBP;RRM1;NOC3L;CHRAC1;POLE2;SSBP1;RFC3;PRIMPOL;TEFM
TegvsNC	GO_Biological_Process_2025	DNA-templated Transcription (GO:0006351)	-2.23256264535	0	0.000357058010681	ATF4;XBP1;MARS1;TRIM24;CEBPA;PRMT5;POLR2D;SLC25A33;POLR3H;PTMA;GMEB2;DDX56;POLR1G;CRCP;GTF3C4;NIFK;UBTF;POLR3K;TAF5L;TFAM;THRB;CDK12;TCEA1;NFKBIB;NFKB1;TWNK;TFDP1;POLR2A;ZBTB7B;GTF2H1;E2F1;TAF7;SMAD1;TP53;TFB2M;MRPL12;FOXO3;EPC1;GTF2H2;RREB1;GTF2F1;POLR2J;NOCT;POLR2I;NFIX;TAF13;RRAGC;NFYA;TBPL1;GTF2H3;RPAP2;TSC22D1;DEK;PPP5C;POLRMT;GTF2A2;CCNT1;KLF13;SUPT16H;CBFB;MBD1;RBMX;CCNK;GTF2E1;GTF3A;IRF3;POLR2G;MEF2A;TAF1A;TAF11;TAF1B;CCDC124;TEFM;POLR2L;MNT;NFX1;GTF3C5;MTERF3;TAF4;TRIP13;MED20;GTF2F2;BRF1;POLR3G;SMN1;CDK9;GTF3C6;TBP;POLR2B;NKX3-2;SPNS1
TegvsNC	GO_Biological_Process_2025	DNA-templated Transcription Initiation (GO:0006352)	-1.85552062176	0	0.016921444854	POLR2D;POLR3H;RRN3;POLR1G;CRCP;UBTF;TFAM;ELOA;E2F2;GTF2H1;TAF7;TFB2M;TAF4B;ELOC;E2F3;GTF2H2;GTF2F1;POLR2I;TAF13;MED17;TBPL1;POLRMT;GTF2A2;TFB1M;POLR1E;GTF2E1;MAZ;POLR2G;CCNH;MED26;TAF11;ELOB;TAF4;GTF2F2;CDK9;TBP;MED27
TegvsNC	GO_Biological_Process_2025	Defense Response to Gram-negative Bacterium (GO:0050829)	1.77209338267	0	0.0369690139706	OPTN;APP;TNFRSF14;ADM;LYZ;SERPINE1;SELENOP;GSDMB
TegvsNC	GO_Biological_Process_2025	Dolichol-Linked Oligosaccharide Biosynthetic Process (GO:0006488)	-1.71394040404	0.0109170305677	0.0491423037487	DOLPP1;DPM1;ALG11;ALG5;DOLK;ALG2;ALG14;ALG10B;NUS1;SRD5A3;MPDU1
TegvsNC	GO_Biological_Process_2025	Double-Strand Break Repair (GO:0006302)	-1.92061986739	0	0.00940952875206	RFWD3;SFPQ;UHRF1;POLR1B;PRPF19;POLR1A;INO80;PLK1;RBBP8;H2AX;FEN1;TOP3A;SAMHD1;BRCA2;AUNIP;DTX3L;MMS22L;XRCC2;MCM8;XRCC6;HMGB1;CYREN;XRCC3;CHD4;POLA1;CDCA5;PSMD14;ERCC4;BRCA1;DCLRE1A;REV3L;YY1;EPC1;LRIG3;RAD51C;DCLRE1B;RAD51;RMI1;SETMAR;NSMCE3;CSNK2A2;RAD51AP1;VCP;PPP5C;TNKS1BP1;NHEJ1;PARP9;INIP;AP5S1;TONSL;SIRT6;GEN1;EYA3;ACTR5;AP5Z1;HMGB2;EID3;NABP2;DDX1;RNF138;BRIP1;SFR1;MCM9;TRIP13;TDP1;DCLRE1C;BLM;PALB2
TegvsNC	GO_Biological_Process_2025	Double-Strand Break Repair via Homologous Recombination (GO:0000724)	-2.00250898472	0	0.00392763811749	RFWD3;SFPQ;UHRF1;POLR1B;POLR1A;INO80;RBBP8;FEN1;TOP3A;MCM7;SAMHD1;MCM5;BRCA2;AUNIP;MMS22L;MCM4;XRCC2;MCM8;MCM6;XRCC3;GINS4;CHD4;PSMD14;CDC45;ERCC4;GINS2;BRCA1;REV3L;YY1;EPC1;LRIG3;RAD51C;MCM3;RAD51;RMI1;NSMCE3;RAD51AP1;INIP;AP5S1;TONSL;GEN1;AP5Z1;EID3;NABP2;CDC7;RNF138;RAD54L;SFR1;MCM9;BLM;PALB2
TegvsNC	GO_Biological_Process_2025	Endoderm Formation (GO:0001706)	1.8511794957	0	0.0194242998073	COL7A1;MIXL1;FN1;ITGB5;VTN;LAMB1;ITGB2;COL6A1
TegvsNC	GO_Biological_Process_2025	Endodermal Cell Differentiation (GO:0035987)	1.95773693848	0	0.00486809295617	COL7A1;MIXL1;FN1;ITGB5;LEO1;VTN;LAMB1;ITGB2;COL6A1
TegvsNC	GO_Biological_Process_2025	Energy Reserve Metabolic Process (GO:0006112)	1.83261975868	0	0.0214526357823	GBE1;PYGL;G6PC1;PPP1R3C;UGP2
TegvsNC	GO_Biological_Process_2025	External Encapsulating Structure Organization (GO:0045229)	2.00336228325	0	0.00270559996271	COL7A1;APP;COL27A1;COL18A1;ITGA2;COL9A2;MATN3;TGFBI;MMP11;COL9A3;ADAMTS6;COL2A1;COL4A5;ADAMTS13;SMOC1;SPOCK2;SPINT1;ATP7A;NF1;ITGB1;RECK;MMP14
TegvsNC	GO_Biological_Process_2025	Extracellular Matrix Organization (GO:0030198)	2.19586356273	0	0	COL7A1;PLOD2;P4HA1;PLG;PLOD1;APP;COL27A1;GSN;QSOX1;COL18A1;LOX;ITGA2;COL9A2;ADAM10;MATN3;TGFBI;LAMC1;SH3PXD2B;MMP11;LOXL4;COL9A3;LOXL2;ADAMTS6;TMPRSS6;COL2A1;COL4A5;ADAMTS13;SERPINF2;SMOC1;SPOCK2;SPINT1;NID1;ATP7A;NF1;ITGB1;RECK;LOXL3;P3H4;MMP14
TegvsNC	GO_Biological_Process_2025	Extracellular Structure Organization (GO:0043062)	2.02473168293	0	0.00217077206311	COL7A1;APP;COL27A1;COL18A1;ITGA2;COL9A2;MATN3;TGFBI;MMP11;COL9A3;ADAMTS6;COL2A1;COL4A5;ADAMTS13;SMOC1;SPOCK2;SPINT1;ATP7A;NF1;ITGB1;RECK;MMP14
TegvsNC	GO_Biological_Process_2025	Fatty Acid Catabolic Process (GO:0009062)	1.80635680108	0.00174825174825	0.0285840793403	LPIN2;LPIN3;ACOX1;ECHDC2;ACAD11;PCCA;PHYH;ACBD5;ECI2;ACAD10;ABCD4;ABHD2;ACAA1;ACADS;MCEE;LPIN1;AUH
TegvsNC	GO_Biological_Process_2025	Fatty Acid Metabolic Process (GO:0006631)	1.75135796973	0	0.0418372605748	LPIN2;CYP1A1;LPIN3;ACSL4;ACOX1;PPARGC1A;PPARG;PPARA;FASN;PCCA;ACSF2;ACLY;PHYH;MSMO1;ACADSB;ACBD5;CRAT;ECI2;CPT1A;GPX4;ACBD4;CYP2J2;CYP4F2;GGT1;SLC27A1;ACAA1;CYP4F12;PNPLA3;LPIN1;ACSL6;ACSL3;ACOT11;ACOX2;ADIPOR1;OXSM;LIPG;ACSL5;GGT5
TegvsNC	GO_Biological_Process_2025	G1/S Transition of Mitotic Cell Cycle (GO:0000082)	-2.00904848025	0	0.00376757762994	MYC;BCAT1;EIF4EBP1;PLK3;CCNJ;CDC25A;RCC1;CDK4;GSPT1;LATS1;CCND1;LATS2;DBF4;E2F3;TRIM71;EIF4E;CACUL1;CCNA2;CUL3;CUL1;CCND3;PLK2;CDK2;CCNE1;CCNJL
TegvsNC	GO_Biological_Process_2025	Gluconeogenesis (GO:0006094)	1.74891474389	0.0018315018315	0.0426847465985	PGK1;PCK1;ENO2;PGM1;ENO1;PPARGC1A;TPI1;G6PC1;PROC;SLC37A4;ENO3
TegvsNC	GO_Biological_Process_2025	Glycolytic Process (GO:0006096)	2.21287550609	0	0	PGK1;ENO2;ALDOC;LDHA;PGM1;PFKL;ENO1;GAPDH;TPI1;PKLR;PKM;HOOK2;ENO3
TegvsNC	GO_Biological_Process_2025	Glycoprotein Catabolic Process (GO:0006516)	1.77383338184	0.0017793594306	0.0383943510988	MANBA;NGLY1;FBXO17;GLB1;OGA;FBXO44;MAN1B1;CTSL;EDEM3;EDEM1
TegvsNC	GO_Biological_Process_2025	Glycoprotein Metabolic Process (GO:0009100)	1.83063169722	0	0.0214593485415	TNIP1;ENGASE;MANBA;GANAB;NGLY1;FBXO17;PCSK6;GLB1;ADAMTS13;ST6GALNAC6;MGAT4A;LARGE1;MAN2A1;MAN2B1;HEXB;OGA;FBXO44;GCNT1;HEXA;B4GALT7
TegvsNC	GO_Biological_Process_2025	Heart Looping (GO:0001947)	-1.7142092149	0.00900900900901	0.049845298291	SMOX;TGFBR2;GATA4;MKKS;SRF;TBX2;SOX18
TegvsNC	GO_Biological_Process_2025	Hexose Metabolic Process (GO:0019318)	1.85210324592	0.00346020761246	0.0196942508914	PCK1;ALDOC;PGM1;CHST15;H6PD;KHK;GALK1;GAA;HOOK2;SLC37A4;HECTD4;PDK2;GALK2;HKDC1;PMM1;MAP4K2;FUCA1;FBN1;IRS2;HOOK3;GALM;PPARD
TegvsNC	GO_Biological_Process_2025	High-Density Lipoprotein Particle Remodeling (GO:0034375)	1.76711614599	0.00361010830325	0.0380786024351	APOM;APOA2;APOC3;SCARB1;APOC1;APOA1;LIPG;APOE;APOA4;CETP
TegvsNC	GO_Biological_Process_2025	Import Into Nucleus (GO:0051170)	-1.74879300942	0	0.0375296919875	NUP153;FAM53C;AKIRIN2;NUP98;NUP155;TNPO2;KPNA4;NUP62;TNPO3;NUP188;PPP1R10;CSE1L;E2F3;IPO4;TNPO1;STK4;RAN;KPNB1;FAM53B;BCL3;KPNA3;STAT3;NUP88
TegvsNC	GO_Biological_Process_2025	Inorganic Anion Transmembrane Transport (GO:0098661)	1.83327232718	0	0.022489737896	SLC26A6;GABRE;APOL1;ANO9;SLC12A4;SLC12A6;SLC12A3;ANO8;SLC1A7;SLC37A4;ANO7;ANO6;SLC5A6;ANO10;SLC25A3
TegvsNC	GO_Biological_Process_2025	Integrated Stress Response Signaling (GO:0140467)	-1.9254749314	0	0.00945823879357	ATF4;CEBPB;NFE2L2;JUN;CEBPG;CEBPA;DDIT3;FOSL1;ATAD3A
TegvsNC	GO_Biological_Process_2025	Interstrand Cross-Link Repair (GO:0036297)	-1.90863790099	0.00210970464135	0.0106720672081	RFWD3;MCM8;XRCC3;ERCC4;CENPX;DCLRE1A;SPRTN;HMCES;DCLRE1B;RAD51;RAD51AP1;NEIL3;VCP;FANCF;FIRRM;FANCI;FANCC;FAAP24;FANCE;MCM9;FAAP100;DCLRE1C;FANCB;EXO5;ERCC6L2
TegvsNC	GO_Biological_Process_2025	Intrinsic Apoptotic Signaling Pathway (GO:0097193)	-1.70765888711	0	0.0499234574461	TRIB3;ATF4;CEBPB;PPP1R15A;EPHA2;DDIT3;MCL1;ERN1;PMAIP1;CASP3;TNFRSF10B;MYBBP1A;BCL2L1;E2F1;BRCA1;TP53BP2;ZNF622;TP53;BBC3;CYCS;HIC1;RRP8;CHAC1
TegvsNC	GO_Biological_Process_2025	Intrinsic Apoptotic Signaling Pathway in Response to Endoplasmic Reticulum Stress (GO:0070059)	-1.88011105509	0	0.0135171961186	TRIB3;ATF4;CEBPB;PPP1R15A;DDIT3;ERN1;TNFRSF10B
TegvsNC	GO_Biological_Process_2025	Iron-Sulfur Cluster Assembly (GO:0016226)	-1.83153536777	0.00671140939597	0.0192811325768	HSPA9;NDOR1;BOLA2B;FDX2;FXN;CIAPIN1;HSCB;NUBP2;ISCA1;BOLA3;CIAO1;NDUFAB1;IBA57;LYRM4
TegvsNC	GO_Biological_Process_2025	L-alpha-amino Acid Transmembrane Transport (GO:1902475)	-2.03804711547	0	0.00259553707764	SLC7A11;SLC7A1;SLC1A4;SLC3A2;SLC7A5;SLC38A1;SLC43A1;SLC38A5;SLC66A1;SLC7A6
TegvsNC	GO_Biological_Process_2025	L-amino Acid Transport (GO:0015807)	-1.90670461666	0.00406504065041	0.0106352278896	SLC7A11;SLC7A1;SLC1A4;SLC3A2;SLC7A5;SLC38A1;SLC43A1
TegvsNC	GO_Biological_Process_2025	Lamellipodium Assembly (GO:0030032)	1.75260473567	0.00728597449909	0.0433666232997	DMTN;VCL;CYFIP1;ABLIM3;SPATA13;ITGB1;CCDC88A;ARHGEF7;PTPRU;ARHGEF4
TegvsNC	GO_Biological_Process_2025	Lipid Catabolic Process (GO:0016042)	1.75171893744	0	0.0423457854629	LPIN2;LPIN3;ACOX1;APOA2;MGST2;ACBD5;ECI2;PLD2;LPIN1;PLAAT3;LIPG;HSD17B14;CES1;SIRT2;APOA4;PLA2G15;CYP3A4;PPARD;CYP1A2;PLBD2;ENPP2;FA2H
TegvsNC	GO_Biological_Process_2025	Lipid Metabolic Process (GO:0006629)	1.95994376052	0	0.0046142014868	LPIN2;CYP1A1;HSPG2;ABCA2;ACSS2;APOL2;MTTP;ACSL4;ACOX1;SULT2A1;PPARG;UGT1A1;PPARA;OCRL;GAL3ST1;FASN;PCCA;MGST2;ACSF2;ACLY;BDH1;SREBF2;BCKDK;PLCD1;PHYH;LPCAT4;HMGCL;MSMO1;HSD17B2;APOC1;ACADSB;ACBD5;CYP2W1;ACP6;AGPAT2;CPT1A;GPX4;ACBD4;CYP2J2;HMGCS1;GGT1;NCEH1;PLPPR1;MLXIPL;CYP4F12;SOAT2;CLU;ZNF670;CPNE1;PLAAT3;PRKAA1;GDE1;CEPT1;ACSL3;DGKA;ATP5F1A;TMEM86B;PRKAA2;PITPNM1;ACOT11;ALDH3B1;CYP3A5;CLN8;LIPG;FADS2;LPCAT3;GGT5;APOF;CES1;CYP3A43;SIRT2;APOA4;CPT1B;STARD3;PLA2G15;CYP3A4;CHPT1;FADS6;MGST3;CPNE7;AGPAT1
TegvsNC	GO_Biological_Process_2025	Maturation of 5.8S rRNA (GO:0000460)	-1.83443134499	0	0.0197692625154	WDR12;MAK16;FTSJ3;NOL9;URB1;PES1;RRP15;EIF6;ERI1;EXOSC4;EXOSC10;RPF1;PRKDC
TegvsNC	GO_Biological_Process_2025	Maturation of 5.8S rRNA Frm Tricistronic rRNA Trnscpt (GO:0000466)	-1.98853421966	0	0.00446832596223	RRS1;WDR12;NOP14;FTSJ3;EXOSC8;UTP20;EXOSC2;NOL9;URB1;PES1;NOP9;ERI1;EXOSC3
TegvsNC	GO_Biological_Process_2025	Maturation of LSU-rRNA (GO:0000470)	-1.89360168994	0.00236966824645	0.0122186461621	NOP2;WDR12;RPL7L1;MAK16;FTSJ3;DDX18;PAK1IP1;RPF2;URB1;PES1;RRP15;EIF6
TegvsNC	GO_Biological_Process_2025	Maturation of LSU-rRNA Frm Tricistronic rRNA Trnscpt (GO:0000463)	-1.93031561883	0.00225225225225	0.00889540174435	WDR12;RPL7L1;FTSJ3;DDX18;PAK1IP1;NOL9;RPF2;URB1;PES1
TegvsNC	GO_Biological_Process_2025	Maturation of SSU-rRNA (GO:0030490)	-2.13851669713	0	0.000612099446881	WDR43;UTP4;NOL11;NOP14;WDR3;DHX37;RIOK1;IMP4;NGDN;UTP25;NOL10;WDR46;PWP2;NAT10;UTP3;TSR1;LSM6;NOL7;SNU13;HEATR1;UTP6;SRFBP1
TegvsNC	GO_Biological_Process_2025	Maturation of SSU-rRNA Frm Tricistronic rRNA Trnscpt (GO:0000462)	-2.2344135914	0	0.000214234806408	WDR43;UTP4;RRS1;NOP14;DHX37;UTP20;NGDN;UTP25;NOL10;WDR46;PWP2;UTP3;TSR1;HEATR1;NOP9;UTP6
TegvsNC	GO_Biological_Process_2025	Membrane Raft Organization (GO:0031579)	1.78237522515	0.00200400801603	0.0364472830207	NPC1;EMP2;ANXA2;S100A10;YJEFN3;MYADM;LRCH4
TegvsNC	GO_Biological_Process_2025	Metallo-Sulfur Cluster Assembly (GO:0031163)	-1.83153536777	0.00671140939597	0.0192811325768	HSPA9;NDOR1;BOLA2B;FDX2;FXN;CIAPIN1;HSCB;NUBP2;ISCA1;BOLA3;CIAO1;NDUFAB1;IBA57;LYRM4
TegvsNC	GO_Biological_Process_2025	Mismatch Repair (GO:0006298)	-1.72189603851	0.0129032258065	0.0477965240504	POLR1B;POLR1A;MCM8;PCNA;RNASEH2B;MSH2;EXO1;MCM9;MSH6;RNASEH2A;SETD2;LRIG1;PMS2;MLH1;RPA3
TegvsNC	GO_Biological_Process_2025	Mitochondrial Gene Expression (GO:0140053)	-1.83057142499	0	0.0193193887922	SLC25A33;TFAM;GATC;TWNK;FASTKD5;TFB2M;MRPL12;FOXO3;MRPL4;MRPL36;MRPS16;QRSL1;MRPL49;MRPL18;MRPL15;MRPL30;MRPS11;MRPS10;MRPL40;MRPS34;POLRMT;MRPS7;MRPL3;MRPS26;FASTKD2;FASTKD3;MRPL35;MRPS23;MRPL11;MRPL20;MRPL47;MRPL1;MRPL48;MRPL46;TEFM;MRPL50;MRPS30;MTERF3;MRPL37;MRPL38;MRPS2;MRPS18B;MRPS24;MRPL52;MRPS9;MRPS17;GADD45GIP1;CHCHD1;MRPL41;MRPS22;MRPL16;MRPL9;MRPL21;MRPS21
TegvsNC	GO_Biological_Process_2025	Mitochondrial RNA Metabolic Process (GO:0000959)	-1.99831150232	0.00215053763441	0.004111926123	SLC25A33;TFAM;TWNK;NSUN4;TFB2M;MRPL12;FOXO3;MYG1;TRMT10C;ELAC2;PNPT1;POLRMT;EARS2;TFB1M;TEFM;MTERF3;SUPV3L1;TRMT61B
TegvsNC	GO_Biological_Process_2025	Mitochondrial Translation (GO:0032543)	-1.71839385387	0.0024154589372	0.0486930297278	GATC;MRPL12;TSFM;MRPL4;MRPL36;MRPS16;QRSL1;TUFM;MRPL49;MRPL18;MRPL15;MRPL30;MRPS11;MRPS10;MRPL40;MRPS34;MRPS7;GFM1;EARS2;MRPL3;MRPS26;FASTKD2;MRPL35;MRPS23;MRPL11;MRPL20;MTRF1L;MRPL47;MTIF2;MRPL1;MRPL48;MRPL46;MRPL50;MRPS30;MRPL37;MRPL38;MRPS2;MRPS18B;MRPS24;MRPL52;MRPS9;MRPS17;GADD45GIP1;CHCHD1;MRPL41;MRPS22;MRPL16;MRPL9;MRPL21;MRPS21
TegvsNC	GO_Biological_Process_2025	Mitotic Cell Cycle Phase Transition (GO:0044772)	-1.89744931625	0	0.0117829143525	MYC;BCAT1;EIF4EBP1;BIRC5;PKMYT1;PLK3;CCNJ;CDC25A;PLK1;RCC1;CDK4;UBE2S;FOXM1;GSPT1;LATS1;USP22;CCND1;LATS2;DBF4;E2F3;TRIM71;EIF4E;CACUL1;CCNA2;ACVR1B;UBE2A;CUL3;ANAPC1;CUL1;CCND3;PLK2;AURKA;CDK2;CCNE1;ENSA;CCNJL;MASTL;CDC7;MELK;RPS6KB1;CLASP2;ARPP19;ZNF324;TACC3;CCNE2;UBE2C;CDKN1B;CCNB2
TegvsNC	GO_Biological_Process_2025	Monoatomic Cation Homeostasis (GO:0055080)	2.0720427781	0	0.00104868215609	TF;SLC39A4;SLC4A11;WNK1;SLC39A10;ASPH;ITPR3;SCNN1A;TFR2;SLC12A4;SLC12A6;SLC12A3;TFRC;SLC11A2;TMPRSS6;CYP4F2;ATP13A2;WFS1;SLC40A1;CYP4F12;SLC39A5;S100A14;CNNM2;CNNM3;SELENON;SLC9B2
TegvsNC	GO_Biological_Process_2025	Monocarboxylic Acid Catabolic Process (GO:0072329)	1.93875228754	0	0.00633703645752	LPIN2;LPIN3;AGXT;ACOX1;ACBD5;CYP2W1;ECI2;LPIN1;LDHD
TegvsNC	GO_Biological_Process_2025	Monocarboxylic Acid Metabolic Process (GO:0032787)	1.88765916413	0	0.01233949337	SLC6A8;LDHA;CYP1A1;AGXT;ACSL4;NPC1;GBA2;PPARG;UGT1A1;PPARA;FASN;PCCA;ACSF2;CYP2S1;MSMO1;ACADSB;ACBD5;CPT1A;ACBD4;CYP2J2;VDAC1;PROC;GGT1;ACAA1;VNN1;PANK4;MGAT4A;CYP4F12;UGT1A9;UGT1A3;LDHD;ACSL3;ACOT11;HLCS;GATM
TegvsNC	GO_Biological_Process_2025	Myeloid Cell Differentiation (GO:0030099)	-1.99111013099	0	0.00437921148394	CEBPB;SLC1A5;CEBPA;HSPA9;CASP3;RUNX1;ZFPM1;SLC25A38;IL11;LYN;THPO;CDKN2B;DYRK3;KAT6A
TegvsNC	GO_Biological_Process_2025	Negative Regulation of Actin Filament Polymerization (GO:0030837)	1.79459794661	0	0.0327546337981	VIL1;GSN;KANK1;TWF2;PFN2;MYADM;SSH3;TWF1
TegvsNC	GO_Biological_Process_2025	Negative Regulation of Cell Adhesion (GO:0007162)	1.80277720095	0	0.0294557746076	DMTN;PLG;FZD4;SERPINE1;PLXND1;ERBB3;PLXNB1;PLXNB2;ADAM10;MIA3;TGFBI;PTK2;FBLN1;SEMA6A;TBCD
TegvsNC	GO_Biological_Process_2025	Negative Regulation of DNA Recombination (GO:0045910)	-1.85901809599	0	0.016461424463	H1-0;KMT5A;PLK1;H1-10;C1QBP;MSH2;CSNK2A2;H1-4;PARPBP;SENP3;TERF2IP;SHLD3;BLM;LRIF1;FANCB;MSH6;H1-2
TegvsNC	GO_Biological_Process_2025	Negative Regulation of Endopeptidase Activity (GO:0010951)	1.92990850424	0	0.00720730645459	GAPDH;SERPINE1;SERPINB1;VTN;TIMP3;SERPINB6;SPOCK2;RECK;SERPINB9
TegvsNC	GO_Biological_Process_2025	Negative Regulation of Kinase Activity (GO:0033673)	-1.70620776404	0.00449438202247	0.0498386553513	TRIB3;TRIB1;WARS1;TAF7;YWHAG;CHORDC1;HNRNPU;CEP85;DNAJA3;TRIM27;CEP43;GSKIP;PPIA;HSPB1;DUSP19;CDKN1B
TegvsNC	GO_Biological_Process_2025	Negative Regulation of Peptidase Activity (GO:0010466)	1.78378766924	0.00570342205323	0.0366651198183	GAPDH;SERPINE1;CSTB;SERPINB1;VTN;SERPINB6;TIMP2;SPOCK2;SERPINB9;ECM1
TegvsNC	GO_Biological_Process_2025	Negative Regulation of Sequestering of Calcium Ion (GO:0051283)	1.78555615369	0	0.0365570599613	ERO1A;PLCG1;FLNA;ITPR2;ITPR3;PLCH2;IBTK;PLCB1
TegvsNC	GO_Biological_Process_2025	Negative Regulation of Type II Interferon Production (GO:0032689)	-1.88371771601	0	0.0131305203928	DDIT3;NR1H4;PRNP;HMGB1;RARA;ZC3H12A;C1QBP
TegvsNC	GO_Biological_Process_2025	Neuron Projection Guidance (GO:0097485)	2.00895810159	0	0.00254103753207	SEMA3G;SEMA4G;PLXNA3;ARHGEF40;SEMA4B;SCN1B;EFNA1;PTPRH;KIF5A;KIFC2;CYFIP1;BSG;L1CAM;SEMA3B;RELN;SOS1;PTK2;SEMA6C;PTPRJ;SEMA6A;TRIO;ROBO4;EFNA3;KALRN;ARHGEF25;CYFIP2;EVL;KIF5B;SEMA4F;EFNA4;ARHGAP35;FEZ2;ROBO3;PTPRU;NTN3;NOTCH2
TegvsNC	GO_Biological_Process_2025	Neutral Amino Acid Transport (GO:0015804)	-2.02962688283	0	0.00283095994183	SLC7A11;SLC1A4;SLC1A5;SLC3A2;SLC6A9;SLC7A5;SLC38A1;SLC43A1;SLC38A5;SLC6A14;SLC7A6
TegvsNC	GO_Biological_Process_2025	Nicotinamide Nucleotide Metabolic Process (GO:0046496)	2.0134794769	0	0.00243818601291	PGK1;ENO2;ALDOC;LDHA;PGM1;PFKL;ENO1;GAPDH;TPI1;IDH2;PKLR;PKM;PROC;HOOK2
TegvsNC	GO_Biological_Process_2025	Nuclear Envelope Organization (GO:0006998)	-1.74797940336	0.00666666666667	0.0374432708522	REEP4;NUP155;TMEM201;LMNB1;NEMP1;TOR1A;LMNB2;TMEM170A;REEP3;VPS4A
TegvsNC	GO_Biological_Process_2025	Nuclear Transport (GO:0051169)	-1.75765004482	0.00663716814159	0.0354599026268	NUP153;NUP98;NUP155;NUP62;RBM15B;NUP35;ANP32A;NUP188;SEH1L;NUP42;NUP43;XPO1;NUP88;NUP50;NUP214;RANBP2;AHCTF1;NPM1;NUP37;NDC1;NUP205
TegvsNC	GO_Biological_Process_2025	Nucleosome Assembly (GO:0006334)	-2.1020887305	0	0.00144923545512	ASF1A;BAZ1A;POLE3;HIRA;NAA60;GRWD1;H2AX;BRD2;H3-3B;ASF1B;SSRP1;SART3;MACROH2A1;DAXX;CHAF1B;DNAJC9;CHAF1A;NASP;SUPT16H;RBBP4;CHRAC1;HAT1;HMGB2;UBN1;ATAD2B
TegvsNC	GO_Biological_Process_2025	Nucleosome Organization (GO:0034728)	-2.08112355441	0	0.00197321532218	ASF1A;BAZ1A;POLE3;HIRA;NAA60;GRWD1;H2AX;BRD2;H3-3B;ARID1A;SET;ASF1B;SSRP1;SART3;MACROH2A1;DAXX;CHAF1B;SUPT6H;SMARCD1;DNAJC9;CHD1;CHAF1A;NASP;SUPT16H;RBBP4;CHRAC1;NFE2;SMARCE1;HAT1;HMGB2;UBN1;ATAD2B
TegvsNC	GO_Biological_Process_2025	Phospholipid Transport (GO:0015914)	1.84214092698	0	0.0219141799306	ABCA7;MTTP;ATP9A;APOA2;APOC3;SCARB1;ATP10A;OSBPL2;APOC1;APOA1;APOC2;ATP11A;VDAC2;ATP8B3;NPC2;APOA5;SCARB2;PITPNM1;PRELID2;TMEM30A;PRELID3A;APOE;APOA4;ABCC1;SLC66A2;ABCA4;ATP8B1;ATP8A1
TegvsNC	GO_Biological_Process_2025	Plasma Membrane Bounded Cell Projection Morphogenesis (GO:0120039)	1.83431649549	0	0.0230124046076	MINK1;ATP9A;SGK1;PLXNB1;DNM2;NYAP1;PKN1;SLC9A7;TRIO;CNTNAP1;NCKAP1;DAB2IP;ATP7A;CTTN;PPP1R12A;PPP1R12B
TegvsNC	GO_Biological_Process_2025	Positive Regulation of Actin Filament Bundle Assembly (GO:0032233)	1.83266967965	0	0.0220485423318	SORBS3;VIL1;CCN2;ARHGEF10L;S100A10;APOA1;PKN1;MTSS1;SERPINF2;TPM1;PFN2;RHOC;EVL;CCDC88A
TegvsNC	GO_Biological_Process_2025	Positive Regulation of Axonogenesis (GO:0050772)	1.72647507144	0.00369685767098	0.0490118591346	PLXND1;PLXNB1;PLXNB2;L1CAM;GOLGA4;ROBO1;TWF2;NRDC;MACF1
TegvsNC	GO_Biological_Process_2025	Positive Regulation of Binding (GO:0051099)	-1.72667547578	0.00240384615385	0.0462296161197	TRIB3;CEBPG;EDF1;DTX3L;MARK3;BAMBI;HMGB1;RARA;NME1;SKI;RAN;STMN1;FOXC1;NCBP1;PARP9;CDT1;AKTIP;NVL;GSK3B
TegvsNC	GO_Biological_Process_2025	Positive Regulation of DNA-templated Transcription Initiation (GO:2000144)	-1.76096598441	0.00248138957816	0.0348646547929	JUN;CEBPA;FOSL1;MED10;MED6;HNF1A;TAF3;MED22;SRF;TAF7;TAF4B;PAXIP1;TAF13;MED17;MED19;GTF2A2;MED21;MED13;MITF;MED30;DHX36;MED26;TAF11;MED8;TAF4;MED20;TBP;MED25;MED27
TegvsNC	GO_Biological_Process_2025	Positive Regulation of Mitotic Cell Cycle (GO:0045931)	-2.1588165618	0	0.00058427674475	ASNS;EIF4EBP1;KLHL18;BIRC5;TTL;USP22;SPHK1;NKX3-1;PPP1R10;MDM2;FOXA1;EIF4E;USP2;CUL3;AURKA
TegvsNC	GO_Biological_Process_2025	Positive Regulation of Mitotic Cell Cycle Phase Transition (GO:1901992)	-1.82123932982	0	0.0206847399291	KLHL18;RCC2;BIRC5;CDC25A;CDC20;CDK4;RPTOR;BRD4;CCND1;TFDP1;EIF4G1;CDCA5;LSM10;RRM2;DTL;RAD51C;ANAPC7;ANKRD17;RRM1;CUL3;CCND3;CCNE1;FBXO5;STIL;CDC7
TegvsNC	GO_Biological_Process_2025	Positive Regulation of Neurogenesis (GO:0050769)	1.73895198855	0.00184162062615	0.0437026889832	CUL7;OBSL1;PLXND1;PLXNB1;PLXNB2;FMR1;CAPRIN2;FXR1;SHANK3;ROBO1;DISC1;NRDC;TGM2;NUMB;FBXW8;CUX1;VEGFA;RGS14;SS18L1;SMARCD3;PLXNB3;NAP1L1
TegvsNC	GO_Biological_Process_2025	Positive Regulation of Neuron Apoptotic Process (GO:0043525)	-1.83720708861	0.00694444444444	0.0194619801406	ATF4;DDIT3;MCL1;NUPR1;CASP3;PRNP;CASP8;CDK5R1;FOXO3;BBC3
TegvsNC	GO_Biological_Process_2025	Positive Regulation of RNA Biosynthetic Process (GO:1902680)	-1.79669765012	0	0.0254037378336	EGR1;ATF4;MYC;CEBPB;NFE2L2;KLF6;JUN;DDIT3;NR1H4;VHL;CREBBP;HNRNPAB;CNBP;ZNF281;GATAD2A;MTA2;RUNX1;INO80;EP300;NAA15;CTCF;HNF1A;HIF1A;EP400;NR1D1;TAF5L;TFAM;TFE3;FOXM1;EDF1;GATA4;BRCA2;DTX3L;SALL1;RUVBL1;BAMBI;ARID1A;PITHD1;TRIM28;HNRNPD;BRD4;NUP62;XRCC6;USP22;EPC2;NFKB1;CXXC1;PHF5A;YWHAH;KANSL3;BLOC1S2;CHD4;GTF2H1;NKX3-1;RARA;RNF187;ATF5;E2F1;BRCA1;TAF7;TP53;HCFC1;MAP2K3;BRD1;MSL2;RNF6;MRPL12;FOXO3;KANSL2;YEATS4;FOS;PSMC5;UCHL5;DYRK1A;SOX18;ING3;YY1;EPC1;ELOF1;RREB1;ID2;ATMIN;VPS72;FOXC1;BCL3;MLLT1;TBL1XR1;MED17;SUPT7L;AHR;NFYA;SOX4;TADA2B;STAT3;ZXDC;ZNF516;PRDM11;WAC;SMARCA2;FOXK2;GLIS2;PARP9;GPATCH3;BMAL1;SIX1;TFPT;RBBP4;PCBD2;ZNF398;RHOG;MED13;NFIL3;ZNF711;ATXN7;KAT6A;RNF4;NFE2;SF3B5;CLOCK;MCRS1;TADA3;GATA6;ACTR5;HMGB2;MAZ;MITF;NIF3L1;MED30;WDR5;BMAL2;BICRA;GATAD2B;ATF7IP
TegvsNC	GO_Biological_Process_2025	Positive Regulation of RNA Metabolic Process (GO:0051254)	-1.94112010583	0	0.00773625689808	WDR43;UTP15;RIOK1;ZC3H18;NFKB1;LIN28B;WDR75;PNPT1;HEATR1;HRAS
TegvsNC	GO_Biological_Process_2025	Positive Regulation of Receptor-Mediated Endocytosis (GO:0048260)	1.74369944126	0.0036036036036	0.043015035348	TF;C3;SERPINE1;INSR;FMR1;VTN;ANXA2;ARRB1;TBC1D5;PCSK9;CLU;DGKD;APOA5;PICK1;MAGI2
TegvsNC	GO_Biological_Process_2025	Positive Regulation of Stress Fiber Assembly (GO:0051496)	1.77728127823	0	0.0382244645895	SORBS3;CCN2;ARHGEF10L;S100A10;APOA1;PKN1;SERPINF2;TPM1;PFN2;RHOC;EVL;CCDC88A
TegvsNC	GO_Biological_Process_2025	Positive Regulation of T Cell Migration (GO:2000406)	1.74348891332	0.00186567164179	0.0425279744226	APP;WNK1;TNFRSF14;STK39;ADAM10;P4HB;OXSR1;CCL20;PYCARD
TegvsNC	GO_Biological_Process_2025	Positive Regulation of Telomere Maintenance via Telomerase (GO:0032212)	-1.87233166151	0.00236406619385	0.0143866912304	DKC1;PARN;HNRNPD;WRAP53;CCT3;CCT2;TCP1;NAF1;HSP90AA1;PTGES3;CCT5;CCT7
TegvsNC	GO_Biological_Process_2025	Positive Regulation of Telomere Maintenance via Telomere Lengthening (GO:1904358)	-1.94203854713	0	0.00776601173231	DKC1;PARN;HNRNPD;WRAP53;CCT3;CCT2;HNRNPA2B1;TCP1;NAF1;HSP90AA1;PTGES3;CCT5;CCT7;DHX36
TegvsNC	GO_Biological_Process_2025	Positive Regulation of Transcription by RNA Polymerase I (GO:0045943)	-1.86968270688	0	0.0147529878049	ATF4;MARS1;WDR43;BAZ1B;DDX56;NOL11;MYBBP1A;UTP15;UBTF;LYAR;WDR75;DHX33;IPPK;HEATR1;DEK
TegvsNC	GO_Biological_Process_2025	Positive Regulation of Ubiquitin-Protein Transferase Activity (GO:0051443)	-1.98649167823	0	0.00452273480196	TRIB3;PLK1;CDC20;UBE2S;UBE2L3;ARRDC4
TegvsNC	GO_Biological_Process_2025	Positive Regulation of mRNA Splicing, via Spliceosome (GO:0048026)	-1.71654580385	0.00863930885529	0.0491839908494	PRMT5;NUP98;TRA2B;RBMXL1;NCBP1;WDR77;RBMX
TegvsNC	GO_Biological_Process_2025	Positive Regulation of miRNA Metabolic Process (GO:2000630)	-2.03000236371	0	0.00293581031004	EGR1;MYC;JUN;FOSL1;GATA2;HIF1A;SREBF1;NR3C1;NFKB1;LIN28B;SRF;ZC3H12A;TP53;FOXO3;FOS;FOXA1;STAT3;PNPT1;HRAS
TegvsNC	GO_Biological_Process_2025	Positive Regulation of miRNA Transcription (GO:1902895)	-1.95079388576	0	0.00678410220294	EGR1;MYC;JUN;FOSL1;GATA2;HIF1A;SREBF1;NR3C1;SRF;TP53;FOXO3;FOS;FOXA1
TegvsNC	GO_Biological_Process_2025	Postreplication Repair (GO:0006301)	-1.77837572592	0	0.0302417315107	PCLAF;PCNA;BRCA1;MSH2;SPRTN;DTL;VCP;UBE2A;WDR33;UBE2B;PRIMPOL;USP43
TegvsNC	GO_Biological_Process_2025	Proteasomal Protein Catabolic Process (GO:0010498)	-1.75462256212	0	0.035963676298	XBP1;NFE2L2;SIAH2;DDIT3;VHL;RNF41;PMAIP1;KLHL18;KLHL21;PRPF19;SOCS6;PSMD12;GET4;SPSB1;FBXO9;ZFAND2A;UBE2D3;PSMD11;KCTD5;CSNK1A1;DDI2;UBXN2A;NR1D1;UBE2S;SGTA;MIDN;FOXRED2;TRIM28;KBTBD8;SOCS4;FAF2;TRIM25;UBE2G1;SIAH1;RNF187;PSMD14;HERPUD1;KLHL8;NPLOC4;ARIH2;PSMA7;PSMA6;PSMB3;PSMC3;RNF34;KBTBD6;KLHL11;TRIM26;DTX4;MDM2;PSMC5;PSMD7;RMND5A;DTL;PSMC4;TRIM71;PSMD1;TOR1A;SPOP;KEAP1;SIRT1;PSMC2;UBE2W;UBE2J2;TBL1XR1;FBXO45;UBE2D1;PSMA4;KCTD2;FAM8A1;RNF121;DERL2;PSMB2;RNF216;RHOBTB3;PSMC1;VCP;KLHL12;UBE3A;PSME4;UBE2A;PEX10;UFD1;BMAL1;CUL3;PSMD2;AXIN2;FEM1B;CUL1;RNF4;PSMB5;UBE2J1;PSMD8;CLOCK;KLHL29;PLAA;UBQLN1;DNAJB12;KLHL23;ZNRF1;SPSB2;STUB1;GSK3B;SMURF1;KLHL20;ZNRF2;UBE2B;RHBDD1;RNF7;TRIM13;CANX;PSMB8;KCTD10;PSMD3;PSMB4;GAN;KLHL2;PSMA3;RNF185
TegvsNC	GO_Biological_Process_2025	Protein Acetylation (GO:0006473)	-1.80634487886	0.00650759219089	0.0236011421346	CREBBP;NAA50;NAA60;EP300;NAA15;SPHK1;NAT10;SIRT1;NAA20;KAT6A;HAT1;CLOCK;BLOC1S1;ING5
TegvsNC	GO_Biological_Process_2025	Protein Destabilization (GO:0031648)	-1.79474699102	0.00226757369615	0.025641228392	XBP1;CREBBP;PRNP;EP300;PLK1;NR1D1;UTP25;FBXL3;MDM2;SIRT1;CUL3;CCDC88C;SIRT6;CDC73;MUL1;SENP2
TegvsNC	GO_Biological_Process_2025	Protein Heterooligomerization (GO:0051291)	-2.04056302145	0	0.00276719958278	PKD1;ZNF746;FARSB;ZNF777;MAT2A;KRT10;FARSA;CPSF6;CPSF7;NUDT21;GPRIN1
TegvsNC	GO_Biological_Process_2025	Protein Localization to Nucleus (GO:0034504)	-1.94335015452	0	0.0075729512963	NUP153;RRS1;FAM53C;AKIRIN2;RRP7A;PLK1;NUP98;NUP155;TNPO2;TMEM201;TAF3;LMNB1;KPNA4;NUP62;UTP25;TNPO3;RPF2;NUP188;PPP1R10;PINX1;CSE1L;E2F3;MDM2;HNRNPU;NOL8;IPO4;TNPO1;TOR1A;STK4;RAN;TBRG1;KPNB1;FAM53B;BCL3;KPNA3;LMNB2;SUPT7L;STAT3;NUP88;HEATR1;CHCHD10;SIX1;PAF1;NUP50;SIRT6;ZBTB7A;NUP214;BBS4;NUAK2
TegvsNC	GO_Biological_Process_2025	Protein Targeting to Mitochondrion (GO:0006626)	-1.78293205194	0.00425531914894	0.0291293754632	TIMM44;GRPEL2;TOMM40;TIMM10;TIMM23;GDAP1;TIMM13;HSPA4;TIMM22;HSP90AA1;TOMM34;TOMM40L;AURKAIP1;TIMM8A;IMMP1L;GRPEL1;TIMM8B;TIMM10B;TOMM5;TIMM50;TOMM22;TIMM23B
TegvsNC	GO_Biological_Process_2025	Pyridine Nucleotide Catabolic Process (GO:0019364)	2.1791873926	0	0	PGK1;ENO2;ALDOC;LDHA;PGM1;PFKL;ENO1;GAPDH;TPI1;PKLR;PKM;HOOK2;ENO3
TegvsNC	GO_Biological_Process_2025	Pyruvate Metabolic Process (GO:0006090)	2.10811325577	0	0.000539322251704	PGK1;PCK1;ENO2;ALDOC;LDHA;PGM1;PFKL;ENO1;GAPDH;TPI1;PDHB;PKLR;PKM;VDAC1;PROC;HOOK2;ENO3;LDHD;PDHX
TegvsNC	GO_Biological_Process_2025	RNA Biosynthetic Process (GO:0032774)	-1.88779892449	0	0.0126960463142	AEN;PRMT5;DKC1;PTMA;SYNCRIP;EXOSC6;EXOSC8;TFIP11;THRB;ZCCHC8;HNRNPD;REXO4;NFKBIB;HNRNPF;POLR2A;HNRNPH3;EXOSC2;POLA1;ISG20L2;DIS3L;E2F1;TAF7;SMAD1;HNRNPU;RBM4;DDX20;EPC1;PRIM2;TAF13;RRAGC;BICD1;TBPL1;NUFIP1;PPP5C;DNTTIP2;FASTKD2;PABPC4;HNRNPK;EXOSC3;PRPF4;DHX8;MEF2A;TAF1B;EXOSC4;TAF4;MED20;BRF1;EXOSC9;SMN1;SNRNP40;TBP
TegvsNC	GO_Biological_Process_2025	RNA Catabolic Process (GO:0006401)	-1.83488337807	0	0.0198853845948	ERN1;YTHDF2;ZC3H4;EXOSC6;ZFP36L2;WDR82;PARN;RNASEH1;EXOSC8;FEN1;ZCCHC8;HNRNPD;PPP1R8;LIN28B;RNASEH2B;EXOSC2;DIS3L;ZC3H12A;NSUN4;C1QBP;TRIR;LSM6;DBR1;ELAC2;NCBP1;PNPT1;CNOT10;PABPC4;EXOSC3;LSM5;TENT4B
TegvsNC	GO_Biological_Process_2025	RNA Export From Nucleus (GO:0006405)	-1.9133814006	0	0.0101458370582	XPOT;NUP153;SRSF3;NUP98;NUP155;DDX39A;NUP62;NXT1;UPF1;RBM15B;CHTOP;NUP188;NOL6;HNRNPA2B1;ALYREF;EIF4A3;XPO1;EIF4E;RAN;SMG7;NUP88;SMG1;NCBP1;THOC5;XPO5;UPF2;SSB;NUP214;SARNP;SMG5;SMG6
TegvsNC	GO_Biological_Process_2025	RNA Metabolic Process (GO:0016070)	-1.72017440733	0.00232018561485	0.048294384778	MYC;EXOSC6;ATXN2L;NIFK;PARN;RNASEH1;EXOSC8;HNRNPD;PPP1R8;KHSRP;RNASEH2B;EXOSC2;DIS3L;METTL2A;MEPCE;MYG1;DTD2;METTL8;NCBP1;PNPT1;HEATR1;XPO5;PABPC4;WDR74;EXOSC3;METTL2B
TegvsNC	GO_Biological_Process_2025	RNA Methylation (GO:0001510)	-2.10186787744	0	0.00136872237428	TRMT61A;FTSJ3;LCMT2;NSUN2;METTL6;RBM15B;SNRPG;MTO1;NSUN4;METTL2A;TFB2M;MRM2;MEPCE;SNRPB;TRMO;FTSJ1;GTPBP3;TFB1M;THADA;SNRPF;METTL2B;DIMT1;METTL3;LIN9;TYW3;BCDIN3D;RBM15;METTL5;FBLL1;TRMT12;TRMT44;TRMT10A;TRMT61B
TegvsNC	GO_Biological_Process_2025	RNA Modification (GO:0009451)	-2.20091820547	0	0.000535587016021	AARS1;SARS1;HNRNPAB;SYNCRIP;TRUB1;FTSJ3;PARN;LCMT2;NSUN2;METTL6;RBM15B;MRM1;NSUN4;METTL2A;MRM2;NAT10;MEPCE;ELP5;FTSJ1;TFB1M;NOP10;SSB;THUMPD1;PUS7;METTL3;WDR4;PUS3;BCDIN3D;RBM15;CDK5RAP1;OSGEP
TegvsNC	GO_Biological_Process_2025	RNA Processing (GO:0006396)	-2.05841914728	0	0.00243448643646	AEN;NOP58;NOP56;HNRNPC;SFPQ;NOP2;HNRNPA0;DKC1;BYSL;SYNCRIP;RRP7A;NOP14;EXOSC6;NOLC1;MRTO4;TRMT61A;SF3A3;UTP15;PARN;INTS7;EXOSC8;LYAR;EMG1;TFIP11;SF3B4;INTS6;UTP20;RRP9;CDK12;ADAT1;EBNA1BP2;DHX15;DDX27;ZCCHC8;HNRNPD;REXO4;WTAP;IMP4;NSUN2;SRSF7;RP9;KHSRP;FUS;HNRNPR;LIN28B;HNRNPF;HNRNPH3;EXOSC2;FASTKD5;ISG20L2;SNRPG;DIS3L;CELF1;U2AF2;MRM1;NOL6;PES1;HNRNPA2B1;MRM2;HNRNPU;NOL8;LSM1;DHX16;SNRNP25;NOC4L;RBM4;SRSF1;DDX20;SNRPB;MYG1;SBDS;INTS12;CPSF6;TRMT10C;MRM3;LSM6;TRMT6;USP39;RRAGC;DDX49;NUDT21;BICD1;TSEN54;MTPAP;NUFIP1;NCBP1;SRSF9;DNTTIP2;FASTKD2;PABPC4;SNRPF;FASTKD3;WDR74;HNRNPK;EXOSC3;LSM5;DDX10;PRMT9;TENT4B;SSB;PRPF4;RPP30;DHX8;PDCD7;NVL;SF3A1;PELP1;METTL3;TSEN2;RRP36;WDR36;SLU7
TegvsNC	GO_Biological_Process_2025	RNA Splicing, via Transesterification Reactions With Bulged Adenosine as Nucleophile (GO:0000377)	-1.84554140094	0	0.0184479972185	HNRNPC;SF1;SYNCRIP;HNRNPM;PRPF19;SF3A3;PLRG1;BUD31;TFIP11;SF3B4;TRA2B;DDX39A;DHX15;ZCCHC8;SRSF6;PPIL1;HNRNPR;PHF5A;HNRNPF;RALY;HNRNPH3;GEMIN5;SNRPG;U2AF2;SART3;DDX46;HNRNPA2B1;RBM10;HNRNPU;DHX16;SRSF1;SNRPC;EIF4A3;SNRPB;DHX35;LSM6;DBR1;USP39;NCBP1;SNU13;SNRPA;RBM42;SNRPB2;SF3B5;SNRPF;RBMX;EFTUD2;PRPF31;HNRNPK;LSM5;TXNL4A;CACTIN;PRPF4;CWC25;DHX8;SF3A1;METTL3;SLU7;CWF19L1;SART1;CWF19L2;BCAS2;SNRNP40;PPIE;GEMIN6;LSM8;ZMAT2;SNRNP35;WDR83;CTNNBL1;CDC5L;RBMX2;TRA2A
TegvsNC	GO_Biological_Process_2025	Recombinational Repair (GO:0000725)	-1.86510270615	0	0.0154760666122	RFWD3;SFPQ;UHRF1;POLR1B;POLR1A;INO80;RBBP8;FEN1;TOP3A;SAMHD1;BRCA2;AUNIP;MMS22L;XRCC2;MCM8;XRCC6;XRCC3;CHD4;PSMD14;ERCC4;BRCA1;REV3L;YY1;EPC1;LRIG3;RAD51C;RAD51;RMI1;NSMCE3;RAD51AP1;INIP;AP5S1;TONSL;GEN1;AP5Z1;EID3;NABP2;RNF138;SFR1;MCM9;BLM;PALB2
TegvsNC	GO_Biological_Process_2025	Regulation of Blood Circulation (GO:1903522)	1.77268803763	0.00181488203267	0.038252223823	AGXT;APP;S100A1;AGTR1;FXYD1;CYP2J2;CAMK2D;TPM1;CACNA1H
TegvsNC	GO_Biological_Process_2025	Regulation of Cell Cycle (GO:0051726)	-1.71231333065	0	0.0493262578658	RHOB;MYC;GADD45A;PPP1R15A;JUN;CEBPA;PKD1;RBM38;NUPR1;TXLNG;WDR12;INO80;PLK1;CDC20;RCC1;CDK4;EIF4G2;PER2;EP400;BOP1;FOXM1;JADE2;PRCC;RUVBL1;PCLAF;RPRD1B;MRFAP1L2;EPC2;TSC22D2;RARA;MAP2K6;BRCA1;TP53BP2;JADE1;TP53;PES1;ZNF703;HCFC1;MDM2;HNRNPU;YEATS4;UCHL5;RRP8;DTL;RNF40;ING3;YY1;EPC1;SIRT1;DCUN1D3;ZNF268;TBRG1;KAT7;TTLL12;VPS72;ANAPC13;ANAPC7;RASSF1;FIGNL1;CSNK2A2;STAT3;PHACTR4;PRDM11;ANKRD17;HRAS;BMAL1;TFPT;ANAPC1;ZBTB17;CDK2;POU4F1;CDT1;MCRS1;FBXO5;TADA3;MASTL;ACTR5;ZZZ3;DR1;WDR5;METTL3;ANAPC15;CKS1B;SGF29;NF2;IRF1;LIN9;CCPG1;BARD1
TegvsNC	GO_Biological_Process_2025	Regulation of Cell-Substrate Adhesion (GO:0010810)	2.09863342632	0	0.000707860455361	DMTN;PLG;FZD4;MINK1;PDGFB;EMP2;PIK3CB;TSC1;PTK2;TBCD;WASHC2C;PGAP1;GCNT2;NF1;MYADM;CORO1C
TegvsNC	GO_Biological_Process_2025	Regulation of Cellular Response to Stress (GO:0080135)	-2.11867189062	0	0.000937277278037	AJUBA;NFE2L2;HAPSTR1;RFWD3;VHL;NUPR1;CREBBP;POLR1B;KMT5A;USP1;INO80;EP300;TAF5L;BRCA2;RUVBL1;USP22;DNAJB1;AIFM2;EIF4G1;COPS3;BRCA1;TAF7;CHORDC1;UCHL5;YY1;DNAJC7;SIRT1;DNAJB6;RAD51;SUPT7L;SOX4;TADA2B;TFPT;WDR76;FEM1B;DYRK3;ATXN7;SF3B5;MCRS1;TADA3;ACTR5
TegvsNC	GO_Biological_Process_2025	Regulation of Chromosome Organization (GO:0033044)	-1.83992620748	0.00226757369615	0.0194693117986	MYC;INO80;RUVBL1;UPF1;UCHL5;YY1;TERF2;SETMAR;NSMCE3;SMG1;TFPT;MCRS1;ACTR5;EID3;TERF2IP;SMG5;SMG6
TegvsNC	GO_Biological_Process_2025	Regulation of DNA Damage Checkpoint (GO:2000001)	-1.87484609773	0.00221729490022	0.0140591591706	RFWD3;POLR1B;BRCA2;BRD4;BRCA1;TTI2;RAD51;WDR76;FEM1B
TegvsNC	GO_Biological_Process_2025	Regulation of DNA Metabolic Process (GO:0051052)	-1.99451753943	0	0.00415485685156	MYC;BAZ1A;POLE3;USP1;INO80;TAF5L;JADE2;RUVBL1;USP22;UPF1;BRCA1;TAF7;ORC5;JADE1;UCHL5;YY1;TERF2;KAT7;CCNA2;NSMCE3;SUPT7L;TADA2B;SMG1;ANKRD17;ZBTB38;TFPT;CHRAC1;ATXN7;SF3B5;MCRS1;FBXO5;TADA3;ACTR5;EID3;TERF2IP;SUB1;SGF29;SMG5;OBI1;SMG6;RBBP6;BARD1;PHF13;TAF4;ING5;CDK9;SMARCAD1;JADE3;YLPM1;NSMCE4A;TAF2;SIRT7;SLF1;TRRAP;TAF9;INO80D
TegvsNC	GO_Biological_Process_2025	Regulation of DNA Recombination (GO:0000018)	-1.78294927586	0	0.0294186352718	H1-0;POLR1B;H1-10;MSH2;RAD51;SUPT6H;FIGNL1;RAD51AP1;H1-4;SIRT6;TERF2IP;PPP4R2;SMARCAD1;MSH6;SETD2;H1-2
TegvsNC	GO_Biological_Process_2025	Regulation of DNA Repair (GO:0006282)	-2.03937468657	0	0.00265651159947	CEBPG;TIGAR;USP1;INO80;H2AX;EP400;TAF5L;DPF2;RUVBL1;ARID1A;TRIM28;BCL7A;PCNA;USP22;EPC2;BCL7B;DHX9;WRAP53;BRCA1;TAF7;PPP4R3A;YEATS4;UCHL5;ING3;YY1;EPC1;SIRT1;KAT7;VPS72;SMARCD1;SUPT7L;TADA2B;DEK;SMARCA2;TFPT;AXIN2;ATRIP;ATXN7;SF3B5;SMARCE1;MCRS1;DPF1;TADA3;EYA3;ACTR5;SGF29;PBRM1;BARD1;PHF13;TAF4;PPP4R2;ARID1B;CDK9
TegvsNC	GO_Biological_Process_2025	Regulation of DNA Replication (GO:0006275)	-1.95833946368	0	0.00645382354306	BAZ1A;POLE3;CDC6;INO80;CDC25A;JADE2;RUVBL1;PCNA;DHX9;ORC5;JADE1;UCHL5;YY1;WAPL;KAT7;CCNA2;ANKRD17;ZBTB38;GTPBP4;TFPT;CHRAC1;CDK2;CDT1;MCRS1;FBXO5;ACTR5;OBI1;BRPF3;RBBP6;ING5;TERF1;ATAD5;CDKN1B;JADE3;GLI1
TegvsNC	GO_Biological_Process_2025	Regulation of DNA-templated Transcription Elongation (GO:0032784)	-1.72230382092	0.00448430493274	0.0479979111923	WDR43;ZC3H4;WDR82;INTS7;INTS6;SCAF8;EAF1;ZNF326;TSFM;INTS12;KAT7;CCNT1;SUPT16H;CCNK
TegvsNC	GO_Biological_Process_2025	Regulation of Double-Strand Break Repair via Homologous Recombination (GO:0010569)	-1.89083482283	0	0.012336354269	CREBBP;POLR1B;KMT5A;PLK1;EP400;RUVBL1;EPC2;FUS;WRAP53;C1QBP;YEATS4;ING3;EPC1;VPS72;RAD51;FIGNL1;CSNK2A2;RAD51AP1;PARPBP;SIRT6;SENP3;TERF2IP;SHLD3;PRMT1;PPP4R2;LRIF1;PELI1;FANCB;SETD2;PIAS4;HDGFL2;ARTN;TRRAP;RNF8;UBQLN4
TegvsNC	GO_Biological_Process_2025	Regulation of G2/M Transition of Mitotic Cell Cycle (GO:0010389)	-1.71022336409	0.00227790432802	0.0491719888995	RCC2;PKMYT1;CDC25A;CDK4;BRD4;CCND1;PINX1;DTL;STK35;RAD51C;RRM1;CDK2;FBXO5;CDC7
TegvsNC	GO_Biological_Process_2025	Regulation of Glycogen Biosynthetic Process (GO:0005979)	1.76551230339	0.00367647058824	0.037520743669	SORBS1;IGF2;STK39;INSR;PPP1R3E;PPP1R3C;PPP1R3G;ENPP1;EPM2AIP1;AKT2;MAP4K2
TegvsNC	GO_Biological_Process_2025	Regulation of Interleukin-17 Production (GO:0032660)	-1.84889649196	0	0.0178629585062	SLC7A5;DDIT3;NR1H4;PRNP;SPHK1;ZBTB7B
TegvsNC	GO_Biological_Process_2025	Regulation of Mitotic Cell Cycle Phase Transition (GO:1901990)	-1.70708096812	0.00230414746544	0.0498179610371	PKD1;KLHL18;ZFP36L1;CDC6;PSME3;INO80;PLK1;ZFP36L2;CDK4;PPP2CA;DPF2;ARID1A;BCL7A;BCL7B;E2F1;ID2;MAD2L1BP;SMARCD1;CDC14A;CDKN2B;SMARCA2;TMEM14B;CUL3;AURKA;CDK2;SMARCE1;PSME2;DPF1
TegvsNC	GO_Biological_Process_2025	Regulation of Nuclear-Transcribed mRNA Catabolic Process, Deadenylation-Dependent Decay (GO:1900151)	-1.902516262	0	0.0110312132773	SYNCRIP;ZFP36L1;CNOT1;IGF2BP1;ZFP36L2;HNRNPD;TNRC6C;DHX9;HNRNPU;RC3H1;YBX1
TegvsNC	GO_Biological_Process_2025	Regulation of Protein Processing (GO:0070613)	-1.71164868715	0.0111856823266	0.0492653669737	BAG2;RUNX1;PRNP;ANGPTL8;CHAC1
TegvsNC	GO_Biological_Process_2025	Regulation of Protein Serine/Threonine Kinase Activity (GO:0071900)	-1.80196907372	0	0.0242453907253	TRIB3;GADD45A;TRIB1;SRC;CDC6;PKMYT1;CDC25A;PPP2CA;CDK12;EZH2;GTF2H1;CDK5R1;MACROH2A1;STK4;CAMK1;CAB39;CDKN2B;GTPBP4;CCNT1;CDC37
TegvsNC	GO_Biological_Process_2025	Regulation of RNA Biosynthetic Process (GO:2001141)	-1.83436318161	0	0.0195355364094	AJUBA;ATF4;CEBPB;CEBPA;DDIT3;NR1H4;PRMT5;VHL;SFPQ;UTP4;CREBBP;CNBP;TCF7;ZNF281;BAZ1A;NAB2;PKMYT1;GLRX2;SOX13;SRRT;MYBBP1A;TGFBRAP1;HIF1A;CXCL8;TAF5L;PSPC1;ZNF217;ZNF282;EDF1;JADE2;GATA4;BRCA2;RUVBL1;E2F2;NR3C1;HNRNPD;REXO4;UBE2L3;FUS;CXXC1;GZF1;TFDP1;POLR2A;EZH2;ZNF114;NKX3-1;ZNF460;ZNF714;ATF5;E2F1;PRMT6;PRMT3;ZNF195;JADE1;TP53;ZNF703;HCFC1;ZNF263;BRD1;RNF6;HIC1;YEATS4;NFYC;DAXX;ING3;WWC1;ZNF724;ZNF274;ZNF664;RREB1;ZNF268;KMT2D;ZNF146;KAT7;VPS72;APBB2;FOXC1;ZNF280B;AHR;NFYA;SOX4;TGIF2;ZNF37A;STAT3;ZNF516;YBX1;ZNF486;ACVR1B;ZBTB38;CHD7;ZBTB11;ZNF678;SMARCA2;FOXK2;ZNF431;ASCC1;THAP7;POFUT1;BMAL1;SIX1;RBBP4;ESRRA;PRDM2;ZNF398;ZBED1;NFIL3;PPARGC1B;KAT6A;NFXL1;MLLT6;HMG20A;PATZ1;CREM;CLOCK;SRCAP;PRMT9;TADA3;PQBP1;SPIN4;ACTR5;ZZZ3;ZNF628;DR1;MITF;TERF2IP;WDR5;BMAL2;ATF7IP;ZKSCAN5;ZNF219;ZNF74;ZNF562;YAF2;SGF29;NR5A2;BRIP1;RPS6KA4;ZNF646;BRPF3;ZNF212;ZNF2;MYCBP;GPBP1;CARM1;PHB1;ING5
TegvsNC	GO_Biological_Process_2025	Regulation of Signal Transduction by P53 Class Mediator (GO:1901796)	-1.71159525519	0.00449438202247	0.0489226603914	PPP1R15A;HAPSTR1;PRMT5;RRS1;NOP2;URB2;KMT5A;PLK3;EP300;USP7;BOP1;PAK1IP1;RPF2;COPS3;MAP2K6;NUAK1;RNF34;MDM2;TP53RK;SIRT1;SOX4;MAPKAPK5;USP2;KAT6A;HEXIM1;AURKA
TegvsNC	GO_Biological_Process_2025	Regulation of Small GTPase Mediated Signal Transduction (GO:0051056)	1.76593574688	0	0.0380222187451	FAM13A;ARHGAP45;WNK1;ARFGAP1;EPS8L2;ARHGEF40;DOCK6;DOCK7;MCF2L;NGEF;KANK1;EPS8L3;ARHGEF12;ARHGAP18;FGD4;ARHGEF10L;RELN;RHOF;DENND3;DENND4C;DENND4A;TRIO;STARD13;MADD;TGM2;ARHGAP17;RASGRF2;KALRN;DENND1A;ARHGEF25;VAV2;PLEKHG6;ECT2;SPATA13;VAV3;RALGPS1;ARHGAP29;ARHGEF28;GABARAP;ARHGEF17;ARHGAP12;PLEKHG5;SH3BP1;ITGAV;CADM4;OGT;ARHGAP35;SGSM3;GIT2;GMIP;SYDE1;MYO9A;EPS8;ARHGEF1;CD2AP;ARHGEF4;ARHGAP1;EPS8L1
TegvsNC	GO_Biological_Process_2025	Regulation of Telomere Maintenance in Response to DNA Damage (GO:1904505)	-1.77676625543	0	0.0305070364326	INO80;RUVBL1;UCHL5;YY1;TFPT;MCRS1;ACTR5
TegvsNC	GO_Biological_Process_2025	Replication Fork Processing (GO:0031297)	-1.71398647808	0.00231481481481	0.0495130277786	RFWD3;ASF1A;RBBP8;SAMHD1;BRCA2;MMS22L;PCNA;CENPX;BRCA1;EXO1;DONSON;RAD51;SETMAR;TRAIP;TONSL;GEN1;PRIMPOL;BARD1;CARM1;BLM;CDK9
TegvsNC	GO_Biological_Process_2025	Respiratory Chain Complex IV Assembly (GO:0008535)	-1.76381005095	0	0.0340695740677	COA7;SCO1;COX14;SLC25A46;FASTKD3;COA8;TMEM223;COA6;SCO2;SMIM20;CEP89;COA5
TegvsNC	GO_Biological_Process_2025	Response to Ionizing Radiation (GO:0010212)	-1.83736303639	0	0.0196898700364	RHOB;GADD45A;AEN;RFWD3;INO80;H2AX;INTS7;BRCA2;BRCA1;TP53;PAXIP1;MSH2;SIRT1;DCUN1D3;RAD51;FIGNL1;RAD51AP1;TNKS1BP1;RAD9A;NHEJ1;INIP;CLOCK;EYA3
TegvsNC	GO_Biological_Process_2025	Response to UV (GO:0009411)	-1.81498276889	0	0.021688265233	ATF4;MYC;CREBBP;USP1;INO80;EP300;FEN1;PCLAF;PCNA;SDE2;CCND1;ERCC4;TP53;TRIAP1;MSH2;SPRTN;DTL;YY1;GTF2H2;DCUN1D3;EIF2S1;BCL3;NSMCE3;NOC2L;IL12A;NEDD4;UBE2A;COPS9;GPX1;BAK1;SIRT6;DHX36;METTL3;UBE2B;PRIMPOL;MAPK8;RHBDD1
TegvsNC	GO_Biological_Process_2025	Reverse Cholesterol Transport (GO:0043691)	1.89310867065	0.00186567164179	0.0118920556501	APOM;APOA2;APOC3;SCARB1;APOA1;APOC2;ABCA5;CLU;LIPG;APOE;CES1;APOA4;CETP
TegvsNC	GO_Biological_Process_2025	Ribonucleoprotein Complex Biogenesis (GO:0022613)	-2.36159638167	0	0	WDR43;NOP58;NOP56;AIRIM;NIP7;UTP4;RRS1;NOP2;NOP16;URB2;RCL1;WDR12;RSL24D1;BYSL;GRWD1;RRP7A;NOP14;WDR3;MRTO4;UTP15;DHX37;LTO1;BOP1;EMG1;PNO1;UTP20;RRP9;RIOK1;EBNA1BP2;SURF6;PAK1IP1;IMP4;NGDN;WDR75;RPF2;WDR46;ZNF622;NOL6;PES1;ABCF1;PWP2;NAT10;UTP3;FSAF1;XPO1;UTP11;NAF1;LTV1;FCF1;NOC2L;NOL7;RPS19BP1;SNU13;HEATR1;GTPBP4;UTP6;DNTTIP2;AFG2A;WDR74;UTP18;GTF3A;DIMT1;SDAD1;NVL;CINP;RPL26L1;RRP36;WDR36;LIN9
TegvsNC	GO_Biological_Process_2025	Ribosomal Large Subunit Biogenesis (GO:0042273)	-2.04800837457	0	0.00265464868811	AIRIM;NIP7;RRS1;NOP2;NOP16;WDR12;RSL24D1;MAK16;MRTO4;LTO1;BOP1;EBNA1BP2;BRIX1;SURF6;PAK1IP1;RPF2;ZNF622;PES1;MDN1;RRP15;NOC2L;EIF6;GTPBP4;WDR74;GTF3A;SDAD1;NVL;CINP;RPL26L1
TegvsNC	GO_Biological_Process_2025	Ribosomal Small Subunit Biogenesis (GO:0042274)	-2.18511899753	0	0.000714116021362	WDR43;NOP58;NOP56;UTP4;RCL1;RRP7A;NOL11;NOP14;WDR3;UTP15;DHX37;EMG1;PNO1;UTP20;RRP9;RIOK1;SURF6;IMP4;NGDN;WDR75;WDR46;NOL6;PWP2;NAT10;UTP3;FSAF1;UTP11;LSM6;LTV1;FCF1;NOL7;RPS19BP1;SNU13;HEATR1;UTP6;MRPS7;DNTTIP2;ERAL1;SRFBP1;UTP18;FAU
TegvsNC	GO_Biological_Process_2025	Ribosome Assembly (GO:0042255)	-1.75143031965	0.00655021834061	0.0367315313533	RRS1;NOP2;EIF5;RRP7A;NGRN;DHX37;EIF1AX;BRIX1;MPV17L2;C1QBP;PWP2;SBDS;MDN1;EIF6;MRPS7;ERAL1;EIF5B;FAU;DHX29;DDX3X;MTERF3;MRPS2;NPM1
TegvsNC	GO_Biological_Process_2025	Ribosome Biogenesis (GO:0042254)	-2.39375474536	0	0	WDR43;NOP58;NOP56;AIRIM;NIP7;UTP4;RRS1;NOP2;NOP16;DKC1;URB2;RCL1;WDR12;RSL24D1;BYSL;EIF5;GRWD1;RRP7A;NOP14;NOLC1;WDR3;MRTO4;UTP15;DHX37;LYAR;LTO1;BOP1;EMG1;EIF1AX;PNO1;UTP20;RRP9;RIOK1;EBNA1BP2;SURF6;PAK1IP1;DDX27;IMP4;NGDN;EXOSC2;WDR75;RPF2;WDR46;MRM1;ZNF622;NOL6;PES1;ABCF1;MRM2;PWP2;NAT10;UTP3;NOL8;FSAF1;NOC4L;MYG1;XPO1;SBDS;UTP11;NAF1;MRM3;LTV1;DDX49;FCF1;NOC2L;NOL7;RPS19BP1;SNU13;HEATR1;GTPBP4;UTP6;DNTTIP2;AFG2A;WDR74;UTP18;EXOSC3;DDX10;EIF5B;GTF3A;DIMT1;SDAD1;NVL;CINP;PELP1;RPL26L1;RRP36;WDR36
TegvsNC	GO_Biological_Process_2025	Secondary Alcohol Biosynthetic Process (GO:1902653)	1.73942653902	0.00922509225092	0.0441371813343	INSIG2;FDFT1;DHCR7;ACLY;SH3D19;MSMO1;HMGCS1;TM7SF2;MVD;HMGCR;NPC1L1;CES1
TegvsNC	GO_Biological_Process_2025	Semaphorin-Plexin Signaling Pathway (GO:0071526)	1.91297862001	0	0.00884825569201	SEMA3G;SEMA4G;PLXNA3;SEMA4B;PLXND1;FLNA;PLXNB1;PLXNB2;SEMA3B;ERBB2;SEMA6C;SEMA6A
TegvsNC	GO_Biological_Process_2025	Spliceosomal snRNP Assembly (GO:0000387)	-1.90825338191	0	0.01057540908	PRMT5;PRPF19;GEMIN5;SNRPG;SART3;CD2BP2;SNRPC;DDX20;SNRPB;TSSC4;WDR77;SRFBP1;SNRPF;PRPF31;GEMIN4;LIN9;SART1;GEMIN2;SMN1;GEMIN6
TegvsNC	GO_Biological_Process_2025	Sterol Biosynthetic Process (GO:0016126)	1.77185184694	0.00915750915751	0.0363193586726	INSIG2;FDFT1;DHCR7;FAXDC2;ACLY;SH3D19;MSMO1;HMGCS1;TM7SF2;MVD;HMGCR;NPC1L1;CES1
TegvsNC	GO_Biological_Process_2025	Sterol Metabolic Process (GO:0016125)	1.74459560416	0	0.0430814763294	APOL2;FAXDC2;GBA2;SULT2A1;CYP19A1;SH3D19;MSMO1;APOA1;ABCA5;APOB;SOAT2;APOA5;NR0B2;CLN8;HMGCR;CYP4V2;APOF;APOE;CES1;APOA4;SCAP;STARD3;CETP
TegvsNC	GO_Biological_Process_2025	Sterol Transport (GO:0015918)	1.75235858505	0.00687285223368	0.0427435737113	GRAMD1A;NPC1;APOA2;OSBPL2;APOA1;APOB;ABCG5;NPC2;NPC1L1;STARD3;CETP
TegvsNC	GO_Biological_Process_2025	Striated Muscle Contraction (GO:0006941)	1.72651372964	0.00177304964539	0.0496715793819	SCN1B;TNNI2;TTR;ATP1B1;DTNA;GAA;TPM1;MYH14;PIK3CA
TegvsNC	GO_Biological_Process_2025	Substrate Adhesion-Dependent Cell Spreading (GO:0034446)	1.91585804647	0	0.00861743163048	FN1;MICALL2;SRCIN1;EFNA1;LAMA5;LAMB1;LAMC1;ILK
TegvsNC	GO_Biological_Process_2025	Synapse Assembly (GO:0007416)	1.83518407905	0	0.023395145555	FARP1;GABRE;PLXNA3;PLXND1;NLGN2;PLXNB1;PLXNB2;SHANK2;SHANK3;SDK1;CLSTN3;SPOCK2;CDH2
TegvsNC	GO_Biological_Process_2025	Synapse Organization (GO:0050808)	1.77483195538	0	0.0386963715597	FARP1;PPFIA4;PTPRS;AGRN;APP;PLXNA3;PTPRF;PLXND1;NLGN2;PLXNB1;PLXNB2;L1CAM;PTK7;SHANK2;NEDD4L;SHANK3;TNNC1;SDK1
TegvsNC	GO_Biological_Process_2025	Transcription Initiation at RNA Polymerase II Promoter (GO:0006367)	-1.81558788508	0.00238095238095	0.0218129984707	POLR2D;MED10;EP300;MED6;TAF3;ELOA;E2F2;MED22;GTF2H1;PRMT3;TAF7;TP53;TAF4B;ELOC;E2F3;MACROH2A1;GTF2H2;KAT7;GTF2F1;VPS72;ASH2L;POLR2I;RBBP5;TAF13;MED17;SMARCD1;NOC2L;MED19;GTF2A2;MED21;GTF2E1;DR1;MAZ;POLR2G;MED30;WDR5;CCNH;MED26;TAF11;SGF29;ATAD2B;MED8;GLYR1;ELOB;TAF4;MED20;GTF2F2;ARID1B;CDK9;SPHK2;TBP;MED25;PHF2;MED27;RBM14-RBM4
TegvsNC	GO_Biological_Process_2025	Transcription by RNA Polymerase II (GO:0006366)	-1.96043444088	0	0.00645451019308	ATF4;XBP1;TRIM24;POLR2D;ADRM1;GMEB2;DDX56;C5AR1;TAF3;TAF5L;ELOA;THRB;CDK12;E2F2;RPRD1B;TCEA1;NFKB1;SNAPC5;TFDP1;POLR2A;ZBTB7B;GTF2H1;RARA;SCAF8;EAF1;TFCP2;TAF7;TAF4B;ELOC;E2F3;ELOF1;GTF2H2;RREB1;GTF2F1;SSU72;POLR2J;NOCT;POLR2I;SUPT6H;NFIX;TAF13;MED17;NFYA;TBPL1;GTF2H3;NCBP1;TSC22D1;DEK;GTF2A2;CCNT1;KLF13;PAF1;SUPT16H;SNAPC4;CBFB;MBD1;RBMX;CCNK;GTF2E1;CDC73;MAZ;POLR2G;SUB1;TAF1A;CCNH;MED26;TAF11;CCDC124;PBRM1;POLR2L;MNT;ELOB;NFX1;SNAPC1;TAF4;TRIP13;MED20;GTF2F2;CDK9;TBP;POLR2B;NKX3-2;MED27;SUPT4H1;POLR2F;SETD2;TAF8;PKNOX1
TegvsNC	GO_Biological_Process_2025	mRNA Metabolic Process (GO:0016071)	-1.92532054274	0	0.00911590961963	SFPQ;ERN1;HNRNPAB;HNRNPA0;YTHDF2;SYNCRIP;ZFP36L2;ATXN2L;TRMT61A;SF3A3;RNASEH1;SF3B4;DHX15;WTAP;NSUN2;SRSF7;HNRNPR;DIS3L;CELF1;U2AF2;TP53;HNRNPA2B1;SRSF1;MYG1;CPSF6;TRMT10C;LSM6;TRMT6;USP39;NUDT21;METTL8;NCBP1;PNPT1;SRSF9;CNOT10;EXOSC3;LSM5;PRMT9;SSB;IRF3;SF3A1;METTL3
TegvsNC	GO_Biological_Process_2025	mRNA Processing (GO:0006397)	-1.92535460093	0	0.00926119215203	HNRNPC;SFPQ;ERN1;HNRNPA0;SF1;SYNCRIP;HNRNPM;PRPF19;TRMT61A;SF3A3;PLRG1;BUD31;TFIP11;SF3B4;TRA2B;DDX39A;DHX15;RPRD1B;ZCCHC8;WTAP;NSUN2;SRSF7;SRSF6;PPIL1;HNRNPR;PHF5A;HNRNPF;RALY;HNRNPH3;GEMIN5;SNRPG;CELF1;U2AF2;SART3;DDX46;HNRNPA2B1;RBM10;HNRNPU;DHX16;SRSF1;SNRPC;EIF4A3;SNRPB;MYG1;DHX35;CPSF6;TRMT10C;LSM6;DBR1;TRMT6;USP39;CPSF7;NUDT21;NCBP1;SNU13;SNRPA;RBM42;SNRPB2;SRSF9;RPRD2;PAF1;CSTF2;SF3B5;SNRPF;RBMX;EFTUD2;PRPF31;HNRNPK;LSM5;TXNL4A;PRMT9;TENT4B;CACTIN;PRPF4;CDC73;CWC25;DHX8;SF3A1;METTL3;SLU7;CWF19L1;SART1;GEMIN2;CWF19L2;BCAS2;SNRNP40;RAMAC;PPIE;GEMIN6;PAPOLA;CBLL1;SON;LSM8;ZMAT2;SNRNP35;WDR83;CTNNBL1;CDC5L;TRMT61B;METTL16;RBMX2;TRA2A
TegvsNC	GO_Biological_Process_2025	mRNA Splicing, via Spliceosome (GO:0000398)	-1.95648927324	0	0.00632253940864	PRMT5;HNRNPC;SFPQ;SRSF3;SF1;SYNCRIP;HNRNPM;PRPF19;SF3A3;PLRG1;BUD31;TFIP11;SF3B4;TRA2B;DDX39A;DHX15;ZCCHC8;SRSF7;SRSF6;PPIL1;SDE2;HNRNPR;PHF5A;HNRNPF;RALY;HNRNPH3;DHX9;GEMIN5;SNRPG;U2AF2;SART3;DDX46;HNRNPA2B1;RBM10;HNRNPU;PUF60;DHX16;SRSF1;SNRPC;EIF4A3;DDX20;SNRPB;DHX35;TSSC4;LSM6;DBR1;USP39;QKI;NCBP1;SNU13;WDR77;SNRPA;RBM42;SNRPB2;SRSF9;SRFBP1;SF3B5;SNRPF;RBMX;EFTUD2;PRPF31;HNRNPK;LSM5;TXNL4A;PQBP1;CACTIN;GEMIN4;PRPF4;CWC25;DHX8;SF3A1;METTL3;DDX1;SLU7;LIN9;CWF19L1;SART1;CDK13;GEMIN2;SMN1;CWF19L2;BCAS2;SNRNP40;PPIE;GEMIN6;LSM8;ZMAT2;SNRNP35;ZC3H14;WDR83;CTNNBL1;CDC5L;RBMX2;TRA2A;RBM17;ILF3
TegvsNC	GO_Biological_Process_2025	protein-DNA Complex Assembly (GO:0065004)	-1.9703104712	0	0.00552500290211	ASF1A;BAZ1A;POLE3;HIRA;NAA60;GRWD1;H2AX;BRD2;H3-3B;ASF1B;SSRP1;SART3;MACROH2A1;DAXX;CHAF1B;RAD51;DNAJC9;CHAF1A;NASP;SUPT16H;RBBP4;CHRAC1;HAT1;HMGB2;UBN1;ATAD2B
TegvsNC	GO_Biological_Process_2025	rRNA Metabolic Process (GO:0016072)	-2.16104923747	0	0.000642704419225	MYC;MARS1;NOP58;NOP56;NOP2;DKC1;BYSL;RRP7A;POLR1G;NOP14;EXOSC6;NOLC1;MRTO4;UTP15;NIFK;EXOSC8;LYAR;EMG1;UTP20;RRP9;EBNA1BP2;DDX27;IMP4;EXOSC2;DIS3L;MRM1;NOL6;PES1;TRIR;MRM2;NOL8;NOC4L;MYG1;SBDS;MRM3;DDX49
TegvsNC	GO_Biological_Process_2025	rRNA Methylation (GO:0031167)	-1.92103209334	0	0.00955487236582	NOP2;FTSJ3;EMG1;MRM1;NSUN4;TFB2M;MRM2;NSUN5;MRM3;TFB1M;FDXACB1;METTL5;FBLL1;METTL16
TegvsNC	GO_Biological_Process_2025	rRNA Modification (GO:0000154)	-1.80473554398	0.00645161290323	0.0237055470569	DKC1;FTSJ3;MRM1;NSUN4;TFB2M;MRM2;NAT10;TFB1M;NOP10;METTL5;FBLL1
TegvsNC	GO_Biological_Process_2025	rRNA Processing (GO:0006364)	-2.14104567569	0	0.000659184019718	NOP58;NOP56;UTP4;NOP2;DKC1;RCL1;BYSL;RRP7A;NOL11;NOP14;NOLC1;WDR3;MAK16;MRTO4;UTP15;LYAR;EMG1;UTP20;RRP9;RIOK1;EBNA1BP2;DDX27;IMP4;SDE2;EXOSC2;NOL9;MRM1;NOL6;PES1;MRM2;NAT10;NOL8;NOC4L;TSR1;MYG1;SBDS;MRM3;RRP15;LSM6;DDX49;EIF6;NOL7;SNU13;SRFBP1;TFB1M;WDR74;ERI1;EXOSC3;DDX10;REXO1;NVL;PELP1;RRP36;WDR36;DDX52
TegvsNC	GO_Biological_Process_2025	tRNA Aminoacylation (GO:0043039)	-2.13482560134	0	0.000642704419225	GARS1;MARS1;NARS1;EPRS1;MARS2;IARS1;GATC;VARS1;QRSL1;YARS2
TegvsNC	GO_Biological_Process_2025	tRNA Aminoacylation for Protein Translation (GO:0006418)	-2.32472783168	0	0	GARS1;CARS1;MARS1;YARS1;SARS1;TARS1;WARS1;NARS1;EPRS1;MARS2;FARSB;IARS1;VARS1;FARSA
TegvsNC	GO_Biological_Process_2025	tRNA Methylation (GO:0030488)	-1.75639488978	0	0.0355789954194	TRMT61A;LCMT2;NSUN2;METTL6;MTO1;METTL2A;TRMO;TRMT10C;FTSJ1;METTL8;GTPBP3;TRMT5;THADA;METTL2B;HSD17B10;WDR4;TYW3;BCDIN3D;TRMT10B;TRMT12;TRMT44;TRMT10A;TRMT61B
TegvsNC	GO_Biological_Process_2025	tRNA Modification (GO:0006400)	-2.15134391346	0	0.000535587016021	SARS1;PUS1;YRDC;TRUB1;TRMT61A;QTRT2;LCMT2;QNG1;NSUN2;METTL6;MTO1;ALKBH8;METTL2A;NAT10;TP53RK;ELP5;TRMO;MOCS3;FTSJ1;METTL8;CTU1;GTPBP3;DUS1L;TYW1B;GON7;TYW1;PUSL1;THADA;SSB;METTL2B;THUMPD1;PUS7;WDR4;TYW3;PUS3;BCDIN3D;DUS3L;CDK5RAP1;OSGEP;TRMT12;CTU2;TRMT44;TYW5;TRMT10A;TRMT61B
TegvsNC	GO_Biological_Process_2025	tRNA Processing (GO:0008033)	-1.81002099317	0	0.0228517126836	SARS1;TRUB1;ADAT1;LCMT2;NSUN2;METTL6;METTL2A;ELP5;TRMT10C;FTSJ1;ELAC2;TSEN54;ELAC1;SSB;THUMPD1;RPP30;TSEN2;FAM98B;DDX1;WDR4;PTCD1;PUS3;OSGEP;TRNT1;ZBTB8OS;TRMT61B;DTWD2;TRIT1;DTWD1;THG1L
TegvsNC	KEGG_2021_Human	ABC transporters	1.55111958808	0.0213523131673	0.047041618663	ABCC2;ABCA7;ABCA2;ABCC3;ABCA1;ABCD4;ABCA5;ABCB6;ABCG5
TegvsNC	KEGG_2021_Human	AMPK signaling pathway	1.55686983837	0.00337837837838	0.0492218665037	PFKFB4;PCK1;SCD;PFKFB3;PFKL;IGF1R;PPARGC1A;PPARG;GYS1;G6PC1;TSC2;FASN;PIK3CB;PRKAB2;INSR;TSC1;CREB3L2;PPP2R5C;CPT1A;RAB11B;EEF2;TBC1D1;PPP2R5B;PFKP;LEPR;PRKAA1;EEF2K;PRKAA2;PIK3CA;AKT2;PIK3CD;RAB2A;ADIPOR1;HMGCR
TegvsNC	KEGG_2021_Human	Adherens junction	1.57356990156	0.00503355704698	0.0423829993077	SORBS1;ACTG1;IGF1R;PTPRM;AFDN;PTPRF;MAPK3;CTNND1;LMO7;ACTB;SMAD3;INSR;VCL;IQGAP1;CTNNA1;ACTN1;ACTN4;ERBB2;PTPRJ
TegvsNC	KEGG_2021_Human	Amino sugar and nucleotide sugar metabolism	1.87593226725	0	0.0014919916367	PGM1;CYB5R3;HK1;GPI;PGM3;AMDHD2;GMDS;UGP2;GALK1;HK2;MPI;UAP1;UAP1L1;FCSK;HEXB;GALE;HEXA;HKDC1;PMM1
TegvsNC	KEGG_2021_Human	Aminoacyl-tRNA biosynthesis	-2.38212318245	0	0	GARS1;CARS1;MARS1;AARS1;YARS1;SARS1;TARS1;WARS1;NARS1;EPRS1;MARS2;FARSB;IARS1;GATC;VARS1;FARSA;QRSL1;YARS2
TegvsNC	KEGG_2021_Human	Amoebiasis	1.54867880033	0.00686106346484	0.0459565338363	FN1;LAMB2;GNAS;PIK3CB;VCL;IL1R1;LAMA5;LAMB1;ACTN1;LAMC1;ITGB2;RAB5B;PTK2;ACTN4;SERPINB6;COL4A5;PLCB1;ARG1;C8G;PIK3CA;SERPINB9;PIK3CD;PRKCA
TegvsNC	KEGG_2021_Human	Arrhythmogenic right ventricular cardiomyopathy	1.73214663597	0.0017667844523	0.0123872919081	ACTG1;DSP;ITGA1;ITGA2;ITGB5;ACTB;ATP2A1;DSG2;CTNNA1;CACNA2D4;JUP;CDH2;LMNA;ITGB1;ITGAV;ITGB4;TCF7L2;ITGA3;ITGA10;CACNB2;ITGA9;ITGA2B
TegvsNC	KEGG_2021_Human	Basal transcription factors	-1.85529555391	0	0.00906377137418	TAF3;GTF2H2C;TAF5L;GTF2H1;TAF7;TAF4B;GTF2H2;GTF2F1;TAF13;TBPL1;GTF2H3;GTF2A2;GTF2E1;CCNH;TAF11;TAF4;GTF2F2;TAF9B;TBP;TAF8;TAF2;ERCC3;TAF9;TAF15
TegvsNC	KEGG_2021_Human	Bile secretion	1.53899601002	0.0141342756184	0.0476615701316	ABCC2;SLC51A;ATP1A1;ABCC3;SLC2A1;SULT2A1;UGT1A1;ATP1B1;GNAS;SCARB1;ADCY6;NCEH1;UGT1A9;ABCG5;UGT1A3;ADCY9;NR0B2;ABCG2;HMGCR;RXRA;PRKACA;UGT2B11
TegvsNC	KEGG_2021_Human	Bladder cancer	-1.83805963409	0	0.00780205319993	MYC;THBS1;SRC;CDKN1A;CDK4;CXCL8;E2F2;CCND1;E2F1;TP53;E2F3;MDM2;KRAS;RASSF1;HRAS;DAPK1
TegvsNC	KEGG_2021_Human	Calcium signaling pathway	1.58681787765	0.00165289256198	0.039298307446	PHKA2;MST1;PLCG1;TPCN1;PDGFB;ERBB3;ITPR2;GNAS;ASPH;ATP2A1;AGTR1;ITPR3;PLCD1;VEGFB;TNNC1;ERBB2;PTAFR;SLC25A6;VDAC2;PHKB;ORAI3;FGF17;VDAC1;PLCB1;EGFR;FGFR3;ATP2B2;HRC;CAMK2D;ADCY9;CACNA1H;PDGFRB;ITPR1;PRKCA;PTGER1
TegvsNC	KEGG_2021_Human	Carbohydrate digestion and absorption	1.65053146988	0.00357781753131	0.0269533652539	ATP1A1;HK1;G6PC1;ATP1B1;PIK3CB;HK2;PLCB1;SLC37A4;PIK3CA;AKT2;PIK3CD;HKDC1;AMY2B;AKT1;PIK3R2;SLC2A5;PLCB3
TegvsNC	KEGG_2021_Human	Cardiac muscle contraction	1.73554740881	0.00178571428571	0.0130260570139	CYC1;ATP1A1;UQCRC2;ATP1B1;TPM2;ASPH;ATP2A1;TPM4;UQCRC1;TNNC1;SLC9A7;CACNA2D4;HRC;TPM1
TegvsNC	KEGG_2021_Human	Cell cycle	-2.26245177321	0	0	MYC;GADD45A;CREBBP;MCM2;CDC6;PKMYT1;CDKN1A;EP300;CDC25A;PLK1;CDC20;CDK4;ABL1;MCM7;MCM5;ORC6;MCM4;E2F2;PCNA;YWHAB;CCND1;MCM6;TFDP1;YWHAH;CDC45;E2F1;ORC5;TP53;DBF4;YWHAG;E2F3;MDM2;SFN;STAG1;E2F4;YWHAQ;RBL1;ANAPC13;CCNA2;MCM3;ANAPC7;CDC14A;CDKN2B;ORC4;MAD1L1;ANAPC1;CUL1;CCND3;ZBTB17;CDK2;CCNE1;E2F5;SMC1A;ORC1;CDC7;GSK3B;CCNH
TegvsNC	KEGG_2021_Human	Cholesterol metabolism	1.94324722094	0	0.000468075807592	SORT1;NPC1;ANGPTL4;LRP1;APOA2;APOC3;SCARB1;ABCA1;LIPA;APOC1;APOA1;APOC2;VDAC2;VDAC1;NCEH1;APOB;SOAT2;PCSK9;ABCG5;NPC2
TegvsNC	KEGG_2021_Human	Complement and coagulation cascades	2.09908505388	0	0	F10;SERPIND1;C3;PLG;TFPI;SERPINA1;F5;MASP1;SERPINE1;CFB;F2;C2;VTN;CD46;C4A;ITGB2;SERPING1;C4B;F11;A2M;PROC;C4BPB;SERPINF2;CLU;C8G;C5;CFI;SERPINA5
TegvsNC	KEGG_2021_Human	Coronavirus disease	1.64255757563	0	0.0263292641771	C3;STAT2;PLCG1;MASP1;CFB;MAPK3;MAPK13;PIK3CB;RPL4;AGTR1;F2;C2;RPL23A;RPL31;C4A;RPL3;JAK1;RPS4Y1;RPL13;RPL7;RPL5;RPL7A;RPL10;IL6R;C4B;RPL23;TBK1;RPL18;RPL14;RPL29;RPL27A;EGFR;RPS25;RPS4X;RPL18A;RPL22;RPS3A;MAPK14;RPL27;RPL26;RPS7;RPS15A;RPL15;RPL17;C8G;C5;RPS8;RPS6;RPS24;RPS12;RPL24;PIK3CA;RPL12;RPS10;RPS9;RPL9;PIK3CD;PRKCA;RPS3;RPL28;RPS18;RPL11;RPL36AL;RPL8;RPL13A;RPLP0;IRF9;RPS14;IKBKB;MASP2;RPS5;RPLP1;RPS11;RPS2;MAVS;RPL32;STING1
TegvsNC	KEGG_2021_Human	DNA replication	-2.08774259984	0.00223713646532	0.000741581294251	POLE3;MCM2;RNASEH1;FEN1;MCM7;MCM5;MCM4;PCNA;MCM6;RNASEH2B;POLA1;RFC2;PRIM2;MCM3;RPA2;POLD2;POLE2;SSBP1;RFC3
TegvsNC	KEGG_2021_Human	Diabetic cardiomyopathy	1.64365319619	0	0.0268376913474	TBC1D4;CYC1;CTSD;GAPDH;SLC2A1;UQCRC2;GYS1;PPARA;PDHB;MAPK13;PIK3CB;ATP2A1;SMAD3;INSR;AGTR1;NDUFA4L2;PDK3;AGT;UQCRC1;SLC25A6;VDAC2;VDAC1;NDUFS1;PLCB1;MAPK14;PPP1CB;CYBA;NDUFV1;PDK2;ATP5PO;CAMK2D;SDHA;NDUFS2;NDUFA10;ATP5MC2;ATP5F1A;PRKCZ;PIK3CA;AKT2;PIK3CD;PRKCA;NDUFS4;COX4I1;TGFB1;NDUFB4;RAC2;PPP1CC;CPT1B;COX7A2;SDHC;PRKCD;AKT1;TGFB2;NDUFA7;NDUFS8;PIK3R2;PLCB3;CPT2;NDUFC1
TegvsNC	KEGG_2021_Human	Dilated cardiomyopathy	1.94231096507	0	0.000421268226833	ACTG1;ITGA1;ITGA2;TPM2;GNAS;ITGB5;ACTB;ATP2A1;TPM4;AGT;TNNC1;ADCY6;CACNA2D4;TPM1;ADCY9;LMNA;ITGB1;ITGAV;ITGB4;TGFB1;ITGA3;PRKACA;ITGA10;CACNB2;ITGA9;TGFB2;ITGA2B
TegvsNC	KEGG_2021_Human	ECM-receptor interaction	1.97998321574	0	0.000150452938155	FREM1;HSPG2;AGRN;FN1;ITGA1;ITGA2;LAMB2;FRAS1;COL9A2;ITGB5;LAMA5;VTN;LAMB1;LAMC1;RELN;TNXB;COL6A1;COL9A3;COL2A1;COL4A5
TegvsNC	KEGG_2021_Human	Endocrine and other factor-regulated calcium reabsorption	1.6529741805	0.00735294117647	0.0272609150633	ATP1A1;ATP1B1;AP2B1;GNAS;DNM2;DNM1;ADCY6;CLTCL1;PLCB1;AP2A1;RAB11A;AP2A2;ATP2B2;ADCY9;PRKCA;PRKACA;CLTC
TegvsNC	KEGG_2021_Human	Epstein-Barr virus infection	-1.84634342386	0	0.00808997775547	MYC;GADD45A;JUN;HES1;ADRM1;TAP2;CASP3;CDKN1A;PSMD12;PIK3R3;CDK4;USP7;PSMD11;E2F2;NFKBIB;NFKB1;CCND1;PSMD14;CASP8;TRAF3;E2F1;MAP2K6;MAP3K14;TP53;PSMC3;MAP2K3;E2F3;LYN;MDM2;NFKBIA;CYCS;PSMC5;PSMD7;FADD;PSMC4;PSMD1;CCNA2;PSMC2;STAT3;NEDD4;PSMC1;OAS3;PSMD2;BAK1;CCND3;IFNAR1;NFKBIE;CDK2;ICAM1;CCNE1;PSMD8;IRF3;IKBKE;CHUK;FAS;BAX;TAP1;MAPK8;BCL2L11;PIK3R1;PSMD3;ENTPD1;HDAC2;PSMD4;RIPK1;TRAF2;CCNE2;BID;CDKN1B;IKBKG
TegvsNC	KEGG_2021_Human	Ether lipid metabolism	1.59243878254	0.00749063670412	0.0385646281182	LPCAT1;GAL3ST1;PLD1;LPCAT4;PLD3;PLD2;SELENOI;JMJD7-PLA2G4B;PLAAT3;CEPT1;TMEM86B;PLA2G4B
TegvsNC	KEGG_2021_Human	Fat digestion and absorption	1.68844540012	0.00907441016334	0.0201018208239	MTTP;FABP1;SCARB1;ABCA1;APOA1;AGPAT2;MOGAT3;MOGAT2;SLC27A1;ACAT2;APOB;ABCG5
TegvsNC	KEGG_2021_Human	Focal adhesion	1.72980467298	0	0.0121593329109	ACTG1;FN1;IGF1R;ITGA1;ITGA2;PDGFB;SHC2;MYL12A;MAPK3;FLNA;FLNB;LAMB2;COL9A2;PIK3CB;ITGB5;ACTB;VCL;LAMA5;VTN;RAPGEF1;LAMB1;ACTN1;LAMC1;RELN;SOS1;PTK2;VEGFB;TNXB;MAP2K1;COL6A1;ACTN4;ERBB2;COL9A3;COL2A1;COL4A5;EGFR;ILK;DOCK1;TLN1;MYL12B;PPP1CB;VAV2;CAPN2;CHAD;VAV3;PPP1R12A;ITGB1;CRKL;PDGFRB;PPP1R12B;PIK3CA;AKT2;PIK3CD;PRKCA;ITGAV;ITGB4;ARHGAP35
TegvsNC	KEGG_2021_Human	Folate biosynthesis	-1.67129845355	0.0116822429907	0.0370172662714	MOCOS;AKR1B10;GCH1;DHFR;MOCS1;SPR;PCBD2;AKR1B1;CBR1;MOCS2;PCBD1
TegvsNC	KEGG_2021_Human	Fructose and mannose metabolism	2.02193196018	0	0.000263292641771	PFKFB4;PFKFB3;ALDOC;PFKL;ALDOA;TKFC;HK1;TPI1;GMDS;KHK;HK2;MPI;ENOSF1;PFKP;FCSK
TegvsNC	KEGG_2021_Human	Galactose metabolism	1.66420432048	0.00547445255474	0.0246441912697	PGM1;PFKL;HK1;G6PC1;UGP2;GALK1;GAA;HK2;GLB1;PFKP
TegvsNC	KEGG_2021_Human	Glucagon signaling pathway	1.60204446526	0.00177304964539	0.0360631133577	PHKA2;PCK1;LDHA;PYGL;PFKL;PPARGC1A;SLC2A1;GYS1;G6PC1;PPARA;ITPR2;PDHB;GNAS;PRKAB2;ITPR3;CREB3L2;PGAM1;PKM;PHKB;CPT1A;PLCB1;PFKP;ATF2;CAMK2D;PRKAA1;PRKAA2;ITPR1;AKT2
TegvsNC	KEGG_2021_Human	Glutamatergic synapse	1.60982440749	0.00171821305842	0.0347546287137	GLUL;MAPK3;ITPR2;PLD1;GNAS;ITPR3;SHANK2;SHANK3;SLC1A2;PLD2;SLC1A7;ADCY6;PLCB1;JMJD7-PLA2G4B;TRPC1;GNB5;ADCY9;DLG4;ITPR1;PLA2G4B;PRKCA;GNG4;GNB3;SLC38A2;GNG3;PRKACA
TegvsNC	KEGG_2021_Human	Glycolysis / Gluconeogenesis	2.10672868793	0	0	PGK1;PCK1;ENO2;ALDOC;LDHA;PGM1;PFKL;ACSS2;ALDOA;ENO1;HK1;GAPDH;TPI1;G6PC1;GPI;PDHB;PKLR;PGAM1;PKM;HK2;PFKP;ALDH7A1;ENO3
TegvsNC	KEGG_2021_Human	Glycosaminoglycan degradation	1.6192193536	0.011320754717	0.032444448115	GNS;GLB1;GUSB;IDS;HEXB;HYAL2;HEXA;GALNS;SGSH;NAGLU
TegvsNC	KEGG_2021_Human	HIF-1 signaling pathway	1.94499232463	0	0.000526585283541	PGK1;ENO2;PFKFB3;ALDOC;LDHA;EGLN3;TF;PFKL;ALDOA;PLCG1;IGF1R;ENO1;HK1;GAPDH;PDK1;SLC2A1;SERPINE1;MAPK3;PDHB;PIK3CB;INSR;MKNK2;TFRC;EPO;MAP2K1;ERBB2;EGLN1;IL6R;HK2;EGFR;ARNT;PFKP;ENO3;CAMK2D;IFNGR2;RPS6;EDN1;PIK3CA;AKT2;PIK3CD;PRKCA
TegvsNC	KEGG_2021_Human	Hypertrophic cardiomyopathy	1.94149983041	0	0.000382971115303	ACTG1;ITGA1;ITGA2;TPM2;PRKAB2;ITGB5;ACTB;ATP2A1;TPM4;AGT;TNNC1;CACNA2D4;TPM1;PRKAA1;LMNA;ITGB1;PRKAA2;EDN1;ITGAV;ITGB4;TGFB1;ITGA3;ITGA10;CACNB2;ITGA9;TGFB2;ITGA2B
TegvsNC	KEGG_2021_Human	Inositol phosphate metabolism	1.55159789088	0.00862068965517	0.0479577914328	PLCG1;TPI1;PIK3C2A;OCRL;PIK3CB;PIK3C3;ALDH6A1;PLCD1;INPP5D;PI4KA;INPP5F;SYNJ2;PLCH2;ISYNA1;PLCB1;PIKFYVE;IMPA2;MTM1;FIG4;MTMR4;MTMR3;PIK3CA;INPPL1;PIK3CD
TegvsNC	KEGG_2021_Human	Insulin signaling pathway	1.68212961944	0.00173913043478	0.0215022324113	PHKA2;PCK1;SORBS1;PYGL;HK1;PTPRF;PPARGC1A;SHC2;GYS1;MAPK3;G6PC1;TSC2;FASN;PIK3CB;PRKAB2;INSR;PPP1R3E;TSC1;PKLR;RAPGEF1;PPP1R3C;MKNK2;SOS1;PRKAR1A;MAP2K1;CBLB;PHKB;HK2;PRKCI;PPP1CB;ARAF;PRKAA1;SH2B2;RPS6;PRKAA2;CRKL;PRKCZ;PIK3CA;INPPL1;AKT2;PIK3CD
TegvsNC	KEGG_2021_Human	Leukocyte transendothelial migration	1.54905436976	0.00518134715026	0.0468538440658	ACTG1;PLCG1;AFDN;MYL12A;CTNND1;MAPK13;PIK3CB;ACTB;VCL;CTNNA1;ACTN1;ITGB2;PTK2;ACTN4;F11R;CLDN6;MYL12B;MAPK14;CLDN19;ITGAL;CYBA;VAV2;CLDN14;VAV3;ITGB1;PIK3CA;PIK3CD;PRKCA;ARHGAP35;CD99;CD99L2;CDH5;RAC2
TegvsNC	KEGG_2021_Human	Lysosome	1.98949497916	0	0.000175528427847	AP1G2;SORT1;ABCA2;TCIRG1;NPC1;CTSD;CTSB;GGA1;TPP1;CD68;MANBA;CTSZ;GNS;LIPA;IGF2R;SLC11A2;CTSH;ARSG;SLC17A5;GAA;GLB1;PSAP;CLTCL1;ARSA;GGA3;GUSB;ENTPD4;IDS;MAN2B1;HEXB;ATP6AP1;NPC2;LAPTM4A;HYAL2;GM2A;ASAH1;SCARB2;GNPTAB;HEXA;AP3S1;LAMP2;AP3B1;MFSD8;CD164;CTSL;CTSK;GALNS;SGSH;AP3D1;CLTC;GGA2;NAGLU;AP3S2;PLA2G15;FUCA1;GNPTG
TegvsNC	KEGG_2021_Human	One carbon pool by folate	-1.6679418079	0.00469483568075	0.0355727277086	MTHFD2;SHMT2;GART;MTHFD1L;ALDH1L2;DHFR;TYMS
TegvsNC	KEGG_2021_Human	Other glycan degradation	1.81515117005	0.00175438596491	0.00496494695911	MAN2C1;GBA2;ENGASE;MANBA;HEXD;GLB1;MAN2B1;HEXB;HEXA;MAN2B2;FUCA1;NEU1
TegvsNC	KEGG_2021_Human	Ovarian steroidogenesis	1.81341104936	0	0.0047041618663	CYP1A1;IGF1R;CYP19A1;GNAS;SCARB1;INSR;HSD17B2;CYP2J2;ADCY6;JMJD7-PLA2G4B;ADCY9;PLA2G4B
TegvsNC	KEGG_2021_Human	PPAR signaling pathway	1.99633125772	0	0.000210634113417	PCK1;SCD;SORBS1;ACSL4;ANGPTL4;ACOX1;PPARG;UBC;APOA2;PPARA;APOC3;FABP1;APOA1;PLIN2;CPT1A;SCP2;HMGCS1;SLC27A1;ACAA1;ILK;FABP3;AQP7;ACSL6;APOA5;ACSL3;ACOX2;FADS2;ACSL5;RXRA
TegvsNC	KEGG_2021_Human	Pentose phosphate pathway	1.74394463093	0.00359712230216	0.0126999980148	ALDOC;PGM1;PFKL;ALDOA;H6PD;GPI
TegvsNC	KEGG_2021_Human	Phospholipase D signaling pathway	1.73276153919	0	0.0127433638617	CYTH1;PLCG1;PDGFB;SHC2;LPAR6;MAPK3;TSC2;PLD1;GNAS;PIK3CB;GAB2;INSR;AGTR1;F2;TSC1;DNM2;AGT;RALGDS;SOS1;MAP2K1;AGPAT2;PLD2;DNM1;ADCY6;PLCB1;EGFR;RRAS;CYTH2;JMJD7-PLA2G4B;LPAR2;DGKD;ADCY9;DGKA;GNA12;PDGFRB;AGPAT5;PIK3CA;AKT2;PIK3CD;PLA2G4B;PRKCA
TegvsNC	KEGG_2021_Human	Platelet activation	1.57946762747	0	0.0407225952605	ACTG1;ITGA2;MYL12A;MAPK3;ITPR2;GNAS;MAPK13;PIK3CB;ACTB;ITPR3;F2;ARHGEF12;ADCY6;PLCB1;PRKCI;TLN1;MYL12B;MAPK14;PPP1CB;JMJD7-PLA2G4B;ADCY9;PPP1R12A;VAMP8;ITGB1;PRKCZ;ITPR1;PIK3CA;AKT2;PIK3CD;PLA2G4B;ARHGAP35;PRKACA;ARHGEF1;PPP1CC;STIM1;AKT1;ROCK1;PLA2G4D;PIK3R2;ITGA2B;PLCB3
TegvsNC	KEGG_2021_Human	Propanoate metabolism	1.80049641786	0.0018115942029	0.00526585283541	LDHA;ACSS2;ACOX1;PCCA;ALDH6A1;BCKDHA;MMUT;ACAT2;ACADS;MCEE;SUCLG2;ACSS3;BCKDHB;SUCLA2
TegvsNC	KEGG_2021_Human	Proteasome	-2.23132100072	0	0	ADRM1;PSME3;PSMD12;PSMD11;PSMD14;PSMA7;PSMA6;PSMB3;PSMC3;PSMC5;PSMD7;PSMC4;PSMD1;PSMC2;PSMA4;PSMB2;PSMC1;PSME4;PSMD2;PSMB5;PSMD8;PSME2;PSMB8;PSMD3;PSMB4;PSMA3;PSMD4
TegvsNC	KEGG_2021_Human	Proteoglycans in cancer	1.53318040101	0.0031746031746	0.0491699008507	HSPG2;FZD4;ACTG1;GPC3;IGF2;FN1;PLCG1;IGF1R;EIF4B;ITGA2;MAPK3;ERBB3;FLNA;FLNB;ITPR2;MAPK13;PIK3CB;ITGB5;ACTB;ITPR3;VTN;ARHGEF12;IQGAP1;TIMP3;SOS1;PTK2;MAP2K1;ERBB2;EGFR;PTCH1;PDCD4;RRAS;PTPN6;MAPK14;SDC2;PPP1CB;VAV2;CAMK2D;CTTN;ARAF;VAV3;PPP1R12A;ITGB1;RPS6;PPP1R12B;ITPR1;PIK3CA;AKT2;PIK3CD;PRKCA
TegvsNC	KEGG_2021_Human	RNA polymerase	-1.85156856939	0.00219298245614	0.00852818488389	POLR2D;POLR3H;POLR1B;POLR1A;POLR3C;POLR3K;POLR3B;POLR2A;POLR1F;POLR3F;POLR1C;POLR2J;POLR2I;POLR3E;POLR1E;POLR2G;POLR2L;POLR3G;POLR2B;POLR2F
TegvsNC	KEGG_2021_Human	RNA transport	-1.90395851028	0	0.00622398586246	EIF2S2;XPOT;EIF4EBP1;EIF1;PRMT5;NUP153;RAE1;EIF5;EIF3J;EIF1B;NUP98;NUP155;EIF4G2;EIF1AX;TGS1;RPP14;NUP62;NXT1;FUS;UPF1;EIF3B;EIF4G1;GEMIN5;NUP35;NUP188;DDX19A;POP1;ALYREF;SEH1L;NUP42;SMN2;NUP43;RANGAP1;EIF4A3;DDX20;XPO1;EIF4E;RAN;EIF2S1;KPNB1;MAGOH;STRAP;ELAC2;NUP88;NCBP1;THOC5;FXR2;ELAC1;XPO5;NUP50;PABPC4;RPP38;EIF2B2;EIF3I;EIF5B;EIF2B5;UPF2;UPF3A;GEMIN4;NUP214;RPP30;EIF4A1;SUMO1;SENP2
TegvsNC	KEGG_2021_Human	Ras signaling pathway	1.54453086046	0	0.0468777921304	IGF2;PLCG1;IGF1R;AFDN;PDGFB;RGL2;SHC2;EFNA1;MAPK3;RAPGEF5;PLD1;PIK3CB;GAB2;INSR;RALGDS;RAB5B;SOS1;VEGFB;MAP2K1;PLD2;FGF17;TBK1;ETS2;RASA1;EGFR;RASGRF2;FGFR3;EFNA3;RRAS;RALBP1;JMJD7-PLA2G4B;GNB5;NF1;FOXO4;PLAAT3;ZAP70;LAT;PDGFRB;PIK3CA;AKT2;PIK3CD;PLA2G4B;PRKCA;GNG4;GNB3;EFNA4;RALB;EXOC2;GNG3;PRKACA;RAC2;RIN1;RAB5A;IKBKB;TGFA;RASA4B;VEGFA
TegvsNC	KEGG_2021_Human	Regulation of actin cytoskeleton	1.74106079708	0	0.0127550657569	ACTG1;FN1;GSN;ITGA1;ITGA2;PDGFB;MYL12A;MAPK3;MYH10;PIK3CB;ITGB5;ACTB;VCL;F2;CYFIP1;ARHGEF12;IQGAP2;IQGAP1;ACTN1;ITGB2;SOS1;PTK2;MAP2K1;ACTN4;MYH9;FGF17;IQGAP3;EGFR;FGFR3;RRAS;DOCK1;MYL12B;NCKAP1;PPP1CB;ITGAL;VAV2;LPAR2;PIKFYVE;SPATA13;BRK1;PFN2;ARAF;VAV3;PPP1R12A;SSH3;ITGB1;CYFIP2;GNA12;MYH14;CRKL;PDGFRB;DIAPH2;PPP1R12B;PIK3CA;PIK3CD;ARHGEF7;ITGAV;ITGB4;ARHGAP35;ITGA3;ARHGEF1;RAC2;PPP1CC;ABI2;ITGA10;ARHGEF4;ITGAX
TegvsNC	KEGG_2021_Human	Ribosome biogenesis in eukaryotes	-2.47214721132	0	0	WDR43;NOP58;NOP56;UTP4;GNL3L;DKC1;RCL1;RRP7A;WDR3;UTP15;EMG1;TCOF1;RIOK1;IMP4;NXT1;GAR1;WDR75;UTP14A;NOL6;POP1;PWP2;NAT10;GNL2;XPO1;SBDS;RAN;MDN1;FCF1;EIF6;CSNK2A2;SNU13;HEATR1;GTPBP4;UTP6;LSG1;AK6;RPP38;UTP18;NOP10;RBM28;REXO1;RPP30;NVL
TegvsNC	KEGG_2021_Human	Selenocompound metabolism	-1.65805812868	0.0146341463415	0.0365883123855	MARS1;TXNRD1;CTH;MARS2;SCLY;SEPHS1
TegvsNC	KEGG_2021_Human	Spliceosome	-2.04764002118	0	0.00108147272078	HNRNPC;SRSF3;HNRNPM;PRPF19;SF3A3;PLRG1;BUD31;SF3B4;TRA2B;DHX15;SRSF7;SRSF6;RP9;PPIL1;FUS;PHF5A;SRSF2;SNRPG;SRSF8;U2AF2;DDX46;ALYREF;HNRNPU;SNRPD1;PUF60;DHX16;RBMXL1;SRSF1;SNRPC;EIF4A3;SNRPB;MAGOH;WBP11;LSM6;USP39;NCBP1;SNU13;SNRPA;SNRPB2;SRSF9;SF3B5;SNRPF;RBMX;EFTUD2;PRPF31;HNRNPK;ISY1;LSM5;TXNL4A;SMNDC1;PQBP1;PRPF4;DHX8;SF3A1;SLU7;SART1;CCDC12;BCAS2;SNRNP40;PPIE;LSM8;ZMAT2;CTNNBL1;CDC5L;TRA2A;RBM17;MAGOHB;ACIN1
TegvsNC	KEGG_2021_Human	Staphylococcus aureus infection	1.53014938761	0.0251346499102	0.0494130435454	C3;PLG;MASP1;CFB;C2;C4A;ITGB2;PTAFR;C4B;ITGAL;C5;CFI;KRT39
TegvsNC	KEGG_2021_Human	Starch and sucrose metabolism	2.08145493231	0	0	GBE1;PGM1;PYGL;HK1;ENPP3;GYS1;G6PC1;GPI;UGP2;ENPP1;GAA;HK2
TegvsNC	KEGG_2021_Human	TGF-beta signaling pathway	-1.82054883304	0	0.00898454260343	INHBE;MYC;THBS1;CREBBP;EP300;PPP2CA;TGFBR2;ID3;BAMBI;TFDP1;SMAD1;HAMP;E2F4;ID2;RBL1;ACVR2A;CDKN2B;TGIF2;ACVR1B
TegvsNC	KEGG_2021_Human	Thyroid hormone synthesis	1.54364798703	0.0125448028674	0.0462708199147	GPX3;ASGR1;ATP1A1;TTR;ATP1B1;ITPR2;ALB;GNAS;HSP90B1;ITPR3;CREB3L2;ADCY6;PLCB1;ATF2;SERPINA7;ADCY9;ATF6B;ITPR1;PRKCA;HSPA5
TegvsNC	KEGG_2021_Human	Transcriptional misregulation in cancer	-1.73622433731	0	0.0195327215897	MYC;CEBPB;GADD45A;CEBPA;DDIT3;NUPR1;RUNX1;CDKN1A;KDM6A;PER2;TGFBR2;CXCL8;TFE3;BCL2L1;PRCC;H3-3B;NFKB1;FUS;RARA;ATF1;SMAD1;TP53;MDM2;ID2;CCNA2;KLF3;MLLT1;LDB1;EWSR1;CCNT1;SIX1;BAK1;ZBTB17;BMI1;MET;MITF;BCL11B;NFKBIZ;BAX;MAX;ETV6;TCF3;ETV5
TegvsNC	KEGG_2021_Human	Vascular smooth muscle contraction	1.87280923484	0	0.00145823616981	ADM;MAPK3;ITPR2;MYH10;GNAS;AGTR1;ITPR3;ARHGEF12;AGT;MAP2K1;MYH9;ADCY6;PLCB1;PPP1CB;JMJD7-PLA2G4B;CALD1;ARAF;ADCY9;PPP1R12A;GNA12;MYL6B;MYH14;EDN1;PPP1R12B;ITPR1;PLA2G4B;PRKCA;MYL6;AVPR1B;PRKACA;ARHGEF1;PPP1CC;PRKCD;PLA2G6;ADORA2B;ROCK1;IRAG1;PLA2G4D;PLCB3
TegvsNC	KEGG_2021_Human	Vibrio cholerae infection	1.64574489471	0.00667779632721	0.027231981806	ACTG1;TCIRG1;ERO1A;PLCG1;GNAS;ACTB;KDELR3;TJP2;ATP6AP1;ADCY9;ATP6V1D;KDELR2;PRKCA;ARF1;PRKACA;PDIA4;KDELR1;ATP6V1B1
TegvsNC	KEGG_2021_Human	alpha-Linolenic acid metabolism	1.55162780707	0.0307101727447	0.0491567362186	ACOX1;ACAA1;JMJD7-PLA2G4B;PLAAT3;PLA2G4B;FADS2;PLA2G6;PLA2G4D
TegvsNC	KEGG_2021_Human	p53 signaling pathway	-1.87167685573	0	0.00787930125142	SESN2;THBS1;GADD45A;PMAIP1;CASP3;TNFRSF10B;CDKN1A;CDK4;BCL2L1;RCHY1;CCND1;AIFM2;SIAH1;CASP8;TP53;EI24;MDM2;BBC3;CYCS;SFN;TNFRSF10A;RRM2
TegvsNC	MSigDB_Hallmark_2020	Adipogenesis	1.78551781327	0	0.00153911593181	GPX3;GBE1;PFKFB3;SORBS1;PGM1;C3;FZD4;PFKL;DHCR7;CYC1;ALDOA;ANGPTL4;ACOX1;CAVIN2;ETFB;MAP4K3;PPARG;UBC;CCNG2;ECH1;SCARB1;ACLY;APLP2;PHYH;BCKDHA;ABCA1;BAZ2A;UQCRC1;VEGFB;PLIN2;CRAT;BCL6;ACO2;SCP2;RIOK3;GPX4;ADCY6;SLC27A1;EPHX2;PREB;ACADS;LIFR;SLC25A1;DDT;SULT1A1;PDCD4;DRAM2;CAVIN1
TegvsNC	MSigDB_Hallmark_2020	Androgen Response	1.38862398967	0.0394973070018	0.0421734226449	SCD;NDRG1;SEC24D;SELENOP;LMAN1;MYL12A;SGK1;CDC14B;PGM3;STK39;AZGP1;SAT1;IQGAP2;NGLY1;NCOA4;ACTN1;PDLIM5;RPS6KA3;HMGCS1;UAP1;ABHD2;TPD52;LIFR;AKAP12;FADS1;ARID5B;ELL2;ACSL3
TegvsNC	MSigDB_Hallmark_2020	Apical Junction	1.73104354172	0	0.00251855334296	ACTG1;SORBS3;PLCG1;MPZL2;ITGA2;NLGN2;EPB41L2;MYH10;CTNND1;MAPK13;PIK3CB;ACTB;CNN2;VCL;TSC1;CERCAM;GRB7;CTNNA1;ACTN1;TGFBI;PTK2;WNK4;RHOF;ACTN4;CRAT;MYH9;EXOC4;TRO;CAP1;RASA1;EGFR;RRAS;CLDN6;JUP;MYL12B;MAPK14;CLDN19;ADAM9;VAV2;ICAM5;NF1;CLDN14;ITGB1;CDH1;EVL;INPPL1;AKT2;LIMA1;MVD;VCAN;TSPAN4;ITGB4;MAP4K2;CD99;NECTIN2;ITGA3;STX4;RAC2;ACTA1;TMEM8B;ITGA10;CDH15;FBN1;SHC1;COL16A1;FYB1;CD276;ITGA9;NRXN2;TIAL1;ADAM23
TegvsNC	MSigDB_Hallmark_2020	Apoptosis	-1.5486113546	0	0.0156228223584	RHOB;ATF3;GADD45A;JUN;CTH;DDIT3;H1-0;MCL1;CREBBP;PMAIP1;SQSTM1;CASP3;DNAJA1;FDXR;CDKN1A;GSR;IER3;ETF1;BCL2L1;PPP3R1;TNFRSF12A;CCND1;GCH1;IFNGR1;RARA;PEA15;CASP8;BRCA1
TegvsNC	MSigDB_Hallmark_2020	Cholesterol Homeostasis	1.57195799808	0.00537634408602	0.00916473577577	SCD;ALDOC;FDFT1;ACTG1;ABCA2;DHCR7;ACSS2;LGALS3;FDPS;PPARG;FASN;ECH1;SREBF2;PDK3;SEMA3B;ALCAM;LSS;CXCL16;STARD4;HMGCS1;ACAT2;PNRC1;GUSB;CD9
TegvsNC	MSigDB_Hallmark_2020	Coagulation	2.14526437996	0	0	MST1;HPN;F10;TF;C3;PLG;SERPINA1;FN1;GSN;S100A1;LRP1;ITGA2;CTSB;SERPINE1;PDGFB;CFB;APOC3;F2;C2;GDA;TIMP3;ANG;LTA4H;APOC1;APOA1;APOC2;MMP11;CTSH;TMPRSS6;SERPING1;S100A13;F11;CPQ;A2M;PROC;MEP1A;ITIH1;WDR1;CD9;PROZ;SPARC;ADAM9;CAPN2;CLU;SH2B2;C8G;CFI;ACOX2;PRSS23;LAMP2
TegvsNC	MSigDB_Hallmark_2020	Complement	1.61120494519	0	0.00814332247557	F10;C3;PLG;SERPINA1;F5;FN1;LGALS3;CP;CTSD;LRP1;CTSB;SERPINE1;PDGFB;CFB;F2;C2;CD46;ANG;LIPA;LTA4H;DOCK4;APOC1;CTSH;TMPRSS6;SERPING1;CBLB;S100A13;TIMP2;CPQ;C4BPB;PIM1;CASP10;SPOCK2;XPNPEP1;ITIH1;ADAM9;PCSK9;CLU;LAP3;HSPA1A
TegvsNC	MSigDB_Hallmark_2020	DNA Repair	-1.59622410301	0	0.0107561446021	POLR2D;ADRM1;RAE1;EIF1B;POLR3C;SF3A3;FEN1;ELOA;EDF1;DGCR8;SRSF6;PCNA;SNAPC5;POLR2A;GTF2H1;POLA1;ZWINT;ERCC4;NME1;VPS37B;SSRP1;TP53;RFC2;ALYREF;TYMS;MPC2;REV3L;GTF2F1;POLR1C;POLR2J;POLR2I;RAD51;TAF13;RPA2;NUDT21;GTF2H3;NT5C3A;MRPL40;SAC3D1;DGUOK;GTF2A2;SNAPC4;POLB;UMPS;RFC3;NUDT9;POLR2G;ITPA;PNP;UPF3B;NFX1;DUT;GTF3C5;RALA;CMPK2
TegvsNC	MSigDB_Hallmark_2020	E2F Targets	-2.59919046798	0	0	MTHFD2;MYC;ASF1A;H2AZ1;NOP56;NUP153;PA2G4;HELLS;SYNCRIP;MCM2;BIRC5;USP1;CDKN1A;DCTPP1;TMPO;CDC25A;MYBL2;PLK1;CDC20;NOLC1;H2AX;CDK4;CTCF;GINS3;EXOSC8;LYAR;LMNB1;UBE2S;GINS1;MCM7;MCM5;BRCA2;TRA2B;PSMC3IP;MMS22L;CNOT9;RANBP1;ORC6;MCM4;DDX39A;GSPT1;HNRNPD;PPP1R8;PCNA;XRCC6;UNG;PHF5A;MCM6;RAD1;GINS4;EZH2;ASF1B;SRSF2;NME1;SSRP1;DNMT1;BRCA1;TK1;TP53;CSE1L;RFC2;SLBP;TIPIN;MSH2;CENPM;DONSON;SRSF1;CTPS1;RRM2;STAG1;ING3;SNRPB;XPO1;PRIM2;E2F8;RAN;EIF2S1;STMN1;CDCA8;TCF19;RAD51C;MCM3;DCLRE1B;RPA2;PPM1D;NUDT21;POLD2;BRMS1L;RAD51AP1;DEK;NASP;PSIP1;HMGB3;AURKA;CCNE1;KIF4A;LBR;SPC25;SMC1A;HMGB2;RFC3;NBN;PRPS1;UBE2T
TegvsNC	MSigDB_Hallmark_2020	Epithelial Mesenchymal Transition	1.75970536966	0	0.00215876000825	COL7A1;SLC6A8;ENO2;PLOD2;PLOD1;FN1;ANPEP;LRP1;QSOX1;LOX;ITGA2;SERPINE1;TPM2;FLNA;COPA;ITGB5;CCN2;TGFBR3;IGFBP2;DST;TPM4;SAT1;EFEMP2;CALU;MATN3;TIMP3;IGFBP3;TGFBI;LAMC1;CAP2;LOXL2;FBLN1;LGALS1;CADM1;TGM2;SERPINE2;P3H1;NT5E;SPARC;CCN1;CRLF1;PCOLCE2;CDH2;CALD1;TPM1;CTHRC1;PFN2;ITGB1;PDGFRB;VCAN;PCOLCE;MMP14;ECM1;ITGAV;IL32
TegvsNC	MSigDB_Hallmark_2020	Fatty Acid Metabolism	1.72613820677	0	0.00242527358952	ENO2;LDHA;CYP1A1;ALDOA;TP53INP2;ACSL4;ACOX1;GLUL;ACADVL;ALAD;PPARA;PDHB;AOC3;FASN;FABP1;ECH1;MIF;HMGCL;S100A10;SERINC1;CRAT;MAOA;ECI2;D2HGDH;CPT1A;ACO2;HSDL2;HMGCS1;LGALS1;ACAA1;VNN1;ACAT2;ACADS;BPHL;ENO3;MCEE;HSD17B11;AUH;SDHA;AQP7;SUCLG2;CRYZ;DLST;BLVRA;GABARAPL1;ACAA2;OSTC;GSTZ1;MDH1;PTPRG;CPOX;UBE2L6
TegvsNC	MSigDB_Hallmark_2020	G2-M Checkpoint	-2.53817633585	0	0	MYC;SLC7A1;SLC7A5;H2AZ1;PRMT5;SFPQ;SLC38A1;DKC1;ODC1;KMT5A;SYNCRIP;HIRA;MCM2;NCL;CDC6;BIRC5;TMPO;CDC25A;MYBL2;PLK1;CDC20;NOLC1;NUP98;H2AX;CDK4;TNPO2;CTCF;ABL1;DTYMK;HIF1A;LMNB1;UBE2S;MCM5;BRCA2;TRA2B;ORC6;DDX39A;GSPT1;E2F2;HNRNPD;UPF1;CCND1;HMGN2;MCM6;TFDP1;TOP1;EZH2;SRSF2;CDC45;ATF5;E2F1;GINS2;ORC5;H2AZ2;DBF4;PRC1;E2F3;HNRNPU;EXO1;SNRPD1;SRSF1;STAG1;XPO1;E2F4;PRIM2;STMN1;KPNB1;RBL1;CCNA2;MCM3;PAFAH1B1;BCL3;TRAIP;RPA2;CHAF1A;NDC80;UCK2;EWSR1;CENPA;TPX2;NASP;CCNT1;CUL3;NUP50;HMGB3;CUL1;G3BP1;AURKA;KIF4A;LBR;FBXO5;SMC1A;CBX1;DR1;STIL;KIF23;CDC7;CKS1B;POLQ;RAD54L;FANCC;CHMP1A
TegvsNC	MSigDB_Hallmark_2020	Glycolysis	2.09222488545	0	0	PHKA2;ANKZF1;PGK1;ENO2;LDHA;PLOD2;EGLN3;P4HA1;FAM162A;PPFIA4;P4HA2;PYGL;GPC3;PLOD1;CITED2;ERO1A;AGRN;SPAG4;ALDOA;ENO1;PAM;ANGPTL4;GLRX;QSOX1;TPI1;ELF3;GYS1;GAL3ST1;CHPF;MXI1;IL13RA1;PDK3;AK4;UGP2;KDELR3;MIF;ZNF292;ANG;PC;SLC16A3;IGFBP3;TGFBI;NOL3;PGAM1;DPYSL4;B3GNT3;PKM;GLCE;GALK1;SAP30;CHPF2;HK2;MPI;XYLT2;EGFR;SLC37A4;MED24;GUSB;EFNA3;PFKP;NT5E;ALDH7A1;ABCB6;CHST12;SDC2;HDLBP
TegvsNC	MSigDB_Hallmark_2020	Hedgehog Signaling	1.41949625347	0.0492359932088	0.032164024984	PLG;DPYSL2;L1CAM;MYH9;ETS2;RASA1;PTCH1;HEY1;NF1;CRMP1;TLE1
TegvsNC	MSigDB_Hallmark_2020	Hypoxia	2.39459405414	0	0	ANKZF1;PGK1;PCK1;GBE1;ENO2;KDM3A;BNIP3L;PFKFB3;ALDOC;LDHA;P4HA1;PGM1;FAM162A;PPFIA4;PLAC8;NDRG1;P4HA2;GPC3;CITED2;WSB1;PFKL;ERO1A;BHLHE40;RORA;ALDOA;SLC2A3;ENO1;CP;PAM;ANGPTL4;GLRX;ADM;HK1;GAPDH;PDK1;STBD1;PPARGC1A;SLC2A1;LOX;SERPINE1;TPI1;PDGFB;EFNA1;GYS1;GPI;KIF5A;CCNG2;CCN2;SCARB1;MXI1;DTNA;TMEM45A;KLHL24;PKLR;ANXA2;PDK3;AK4;PPP1R3C;FOSL2;UGP2;KDELR3;MIF;ZNF292;IGFBP3;TGFBI;NEDD4L;IGFBP1;PLIN2;DPYSL4;INHA;MYH9;GALK1;MT2A;JMJD6;SAP30;GAA;HK2;RBPJ;TPD52;PIM1;EGFR;SLC25A1;SLC37A4;TGM2;LARGE1;PNRC1;XPNPEP1;EFNA3;PFKP;AKAP12;IDS;NDST2;CCN1;CAVIN1;ENO3;SDC2;HDLBP;ATP7A;GCNT2;CSRP2
TegvsNC	MSigDB_Hallmark_2020	IL-2/STAT5 Signaling	-1.45361401003	0.00753768844221	0.0324301088358	PHLDA1;RHOB;MYC;XBP1;SLC1A5;KLF6;MXD1;FURIN;NOP2;PUS1;ODC1;SPRY4;CASP3;PRNP;CDC6;LCLAT1;LIF;BCL2L1;IFNGR1;SWAP70;MAFF;SH3BGRL2;TNFRSF21;AHR;SPP1;SPRED2;ABCB1;UCK2;TTC39B;IL4R;ST3GAL4;NFIL3;CCND3;UMPS;CCNE1;ITGAE;ARL4A
TegvsNC	MSigDB_Hallmark_2020	IL-6/JAK/STAT3 Signaling	-1.4021164438	0.0516431924883	0.039717373028	INHBE;JUN;HAX1;TNFRSF12A;IFNGR1;PTPN1;IL6ST;TNFRSF21;STAT3;ACVR1B;TNFRSF1A;IL4R;LTBR;PTPN11;BAK1;IFNAR1;CBL
TegvsNC	MSigDB_Hallmark_2020	Inflammatory Response	-1.42768543877	0.0125628140704	0.0346998994445	MYC;SLC7A1;KLF6;MXD1;SLC31A1;ADRM1;ATP2B1;C5AR1;CDKN1A;HIF1A;CXCL8;LIF;NFKB1;GCH1;SPHK1;RIPK2;PVR;LYN;NFKBIA;ATP2A2;AHR;ACVR2A;ACVR1B;IL4R;CD55;IRAK2;RHOG;BTG2;IFNAR1;ICAM1
TegvsNC	MSigDB_Hallmark_2020	Interferon Gamma Response	-1.44427078056	0.0157894736842	0.0322331098504	MTHFD2;APOL6;WARS1;CASP3;CDKN1A;HIF1A;IFI30;SAMHD1;TRIM14;NFKB1;TRIM25;GCH1;RIPK2;LATS2;PTPN1;CASP8;TRIM26;NFKBIA;ZNFX1;ISOC1;IFI35;STAT3;PNPT1;PSMB2;IL4R;OAS3;BATF2;ICAM1;ARL4A;PSME2;OGFR;UPP1;CASP1;C1R;HELZ2;PNP;NCOA3;FAS;TAP1;IRF1;PSMB8;CASP7;CMPK2;PSMA3;RIPK1;IL7;GPR18;C1S;PELI1
TegvsNC	MSigDB_Hallmark_2020	KRAS Signaling Up	1.42722863961	0.013201320132	0.0310061900444	PEG3;TFPI;IGF2;ERO1A;ANGPTL4;GLRX;MPZL2;SCN1B;ITGA2;CFB;CPE;SEMA3B;IGFBP3;ITGB2;RABGAP1L;RELN;MMP11;TSPAN7;ARG1;ZNF277;AKAP12;JUP;CCL20;MAP3K1;MMD;NR0B2;AKT2;AVL9;ST6GAL1;HKDC1;PCSK1N
TegvsNC	MSigDB_Hallmark_2020	Mitotic Spindle	1.52028363532	0	0.0133677062049	FARP1;CEP250;GSN;SUN2;TUBGCP6;FLNA;HDAC6;FLNB;EPB41L2;RAPGEF5;MYH10;ATG4B;SPTAN1;DST;VCL;TSC1;ARHGEF12;FGD4;MARK4;MYO1E;CDK5RAP2;NEDD9;DOCK4;SOS1;MARCKS;RHOF;ACTN4;PDLIM5;MYH9;CLASP1;ANLN;PCGF5;STAU1;TBCD;TRIO;NUMA1;ABR;RASA1;SPTBN1;CLIP2;KIF1B;ARL8A;NET1;RFC1;CYTH2;RALBP1;TOP2A;BUB1;ECT2;CTTN;NF1;LRPPRC;KNTC1;CENPF;CEP192;ARHGAP29;CDC42EP4;DLGAP5;SORBS2;NEK2;KIF5B;CCDC88A;RABGAP1;ARHGEF7;PIF1
TegvsNC	MSigDB_Hallmark_2020	Myc Targets V1	-2.49415845999	0	0	MYC;IFRD1;EIF2S2;XPOT;H2AZ1;NOP56;HNRNPC;NOP16;EPRS1;SRSF3;CNBP;PA2G4;ODC1;DDX21;SYNCRIP;POLE3;EIF3J;MCM2;USP1;CDC20;NOLC1;CDK4;EIF4G2;ERH;IARS1;ETF1;EIF1AX;DDX18;MCM7;STARD7;MCM5;RSL1D1;TRA2B;RRP9;RANBP1;MCM4;DHX15;GSPT1;SET;TRIM28;HNRNPD;SRSF7;PCNA;XRCC6;UBE2L3;HNRNPR;AIMP2;MCM6;TFDP1;EIF3B;PPM1G;SRSF2;PSMD14;SNRPG;CCT3;CDC45;NME1;CCT2;C1QBP;PSMA7;PSMA6;PSMB3;HNRNPA2B1;TCP1;TYMS;HNRNPU;SNRPD1;PSMD7;SRSF1;CTPS1;PSMC4;XPO1;PSMD1;EIF4E;RAN;YWHAQ;EIF2S1;KPNB1;TUFM;CCNA2;POLD2;PSMA4;NCBP1;PTGES3;PSMB2;DEK;SNRPA;RRM1;SNRPB2;APEX1;CUL1;G3BP1;ABCE1;HSPE1;PABPC4;SSBP1;CSTF2;CCT5;CDK2;CCT7;PRPF31;PSMD8
TegvsNC	MSigDB_Hallmark_2020	Myc Targets V2	-2.64029978647	0	0	MYC;WDR43;NOP56;NIP7;NOP2;NOP16;PUS1;PA2G4;RCL1;BYSL;GRWD1;DCTPP1;PPRC1;PLK1;NOLC1;CDK4;MRTO4;MYBBP1A;RRP12;DDX18;MCM5;UTP20;TCOF1;RRP9;MCM4;IMP4;UNG;AIMP2;NDUFAF4;FARSA;PRMT3;PES1;TFB2M;NOC4L;IPO4;SLC19A1
TegvsNC	MSigDB_Hallmark_2020	Myogenesis	2.12958300016	0	0	GPX3;SLC6A8;SCD;SORBS1;PPFIA4;PTP4A3;WWTR1;SORBS3;BHLHE40;AGRN;APP;EIF4A2;GSN;HDAC5;FDPS;TNNI2;CKB;TPM2;ERBB3;TSC2;PLXNB2;ITGB5;ATP2A1;SPTAN1;FXYD1;DTNA;PPP1R3C;PC;IGFBP3;TNNC1;CHRNB1;CRAT;SMTN;MYH9;RIT1;LSP1;GAA;FST;LARGE1;SPARC;MYO1C;ATP6AP1;ENO3;LPIN1;FABP3;FLII;CLU;HRC;SH2B1;FOXO4;ADCY9;CACNA1H;GABARAPL2;ITGB1;PICK1;MYL6B;MYOM1;DAPK2;AKT2
TegvsNC	MSigDB_Hallmark_2020	Oxidative Phosphorylation	1.48347630289	0.005	0.0193688745185	LDHA;TCIRG1;CYC1;CYB5R3;ETFB;UQCRC2;ACADVL;ATP1B1;GPI;PDHB;ECH1;OXA1L;IDH2;ALDH6A1;PHYH;GLUD1;BCKDHA;UQCRC1;ACADSB;SLC25A6;VDAC2;CPT1A;ACO2;GPX4;OPA1;VDAC1;NDUFS1;ACAA1;NNT;ATP6AP1;RHOT1;NDUFV1;ATP5PO;SDHA;NDUFS2;LRPPRC;PDHX;DLST;ATP5MC2;ATP5F1A;ATP6V1D;ACAA2;MDH1;NDUFS4;COX4I1;COX15;SLC25A3;OGDH;MAOB;ABCB7;NDUFB4;SUCLA2;CYB5A;IMMT
TegvsNC	MSigDB_Hallmark_2020	Protein Secretion	2.02366605615	0	0	BNIP3;SEC24D;ATP1A1;PAM;LMAN1;AP2B1;OCRL;GNAS;SEC31A;USO1;ADAM10;DST;STX7;ARFGAP3;COPB1;ABCA1;GOLGA4;IGF2R;RPS6KA3;STX16;TPD52;EGFR;ARCN1;KIF1B;TMED10;ATP7A;MON2;ERGIC3;SCAMP1;AP3S1;LAMP2;AP3B1;RAB2A;YIPF6;ARF1;DNM1L;COPB2;CLTC;RAB5A;TSG101;ATP6V1B1;ARFGEF1
TegvsNC	MSigDB_Hallmark_2020	TGF-beta Signaling	-1.54630104962	0.0167865707434	0.0148360615202	THBS1;PPP1R15A;FURIN;KLF10;JUNB;UBE2D3;ID3;SMAD1;BCAR3;SKIL;SKI;ID2;FKBP1A;TJP1
TegvsNC	MSigDB_Hallmark_2020	TNF-alpha Signaling via NF-kB	-2.29250712973	0	0	EGR1;PHLDA1;RHOB;MYC;ATF3;CEBPB;GADD45A;PPP1R15A;NFE2L2;KLF6;MXD1;JUN;TRIB1;HES1;IER2;KDM6B;EIF1;KLF10;MCL1;JAG1;JUNB;SQSTM1;DUSP1;YRDC;FOSL1;ATP2B1;CDKN1A;SPSB1;RCAN1;IER3;CLCF1;LIF;F2RL1;NFKB1;CCND1;GCH1;KLF9;SPHK1;RIPK2;ZC3H12A;MAP2K3;IL6ST;PLPP3;NFKBIA;FOS;MAFF;ZBTB10;SIK1;ID2;B4GALT1;KYNU;BCL3
TegvsNC	MSigDB_Hallmark_2020	UV Response Dn	1.357669944	0.0296052631579	0.0486920312972	TFPI;ATRN;CITED2;BHLHE40;IGF1R;PTPRM;RBPMS;SERPINE1;PPARG;FHL2;TGFBR3;SMAD3;ANXA2;LAMC1;ANXA4;WDR37;ERBB2;PDLIM5;CAP2;ATRX;GRK5;SYNJ2;ADGRL2;CDON;PHF3;MTA1;KALRN;DDAH1;CCN1;MAPK14;SDC2;VAV2;PIAS3;MT1E;NIPBL;GCNT1;PDGFRB;PEX14;MAGI2;PIK3CD;PRKCA
TegvsNC	MSigDB_Hallmark_2020	UV Response Up	-1.7951256604	0	0.000961596580013	ASNS;RHOB;ATF3;TARS1;CEBPG;FURIN;JUNB;SQSTM1;EIF5;DDX21;CASP3;POLE3;DNAJA1;H2AX;PPIF;TGFBRAP1;MARK2;FEN1;EPHX1;DNAJB1;GCH1;HSPA13;FKBP4;WIZ;PSMC3;IL6ST;SLC6A12;LYN;NFKBIA;HNRNPU;FOS;CNP;PDAP1;STIP1;CDKN2B;ABCB1;UROD;PDLIM3;CLTB;SPR;DGAT1;CYB5B;BAK1;CCND3;BTG2;ALAS1;RPN1;PPAT;CDK2;ICAM1;CHKA;CCNE1;RAB27A;E2F5
TegvsNC	MSigDB_Hallmark_2020	Unfolded Protein Response	-2.30447101722	0	0	MTHFD2;ASNS;PSAT1;ATF4;ATF3;XBP1;CEBPB;DDIT4;STC2;SLC1A4;TARS1;CEBPG;XPOT;EIF4EBP1;SLC7A5;HSPA9;NOP56;ERN1;DKC1;NOP14;NOLC1;H2AX;SRPRB;IARS1;PARN;RRP9;KHSRP;FUS;CXXC1;EIF4G1;EXOSC2;HERPUD1;LSM1;EIF4A3;CHAC1;EIF4E;EIF2S1;HYOU1;DNAJC3;NFYA
TegvsNC	MSigDB_Hallmark_2020	Xenobiotic Metabolism	1.58807720094	0	0.0088530965995	ABCC2;LPIN2;F10;HGFAC;CYP1A1;PLG;ENTPD5;TKFC;ABCC3;NPC1;ACOX1;LEAP2;SERPINE1;CFB;FABP1;NDRG2;ECH1;IL1R1;GCKR;VTN;SLC12A4;CYP2S1;PC;HSD17B2;IGFBP1;DHRS1;DDAH2;PDLIM5;MAOA;HPRT1;CSAD;MT2A;FBLN1;ACO2;CYP2J2;MARCHF6;ABHD6;MAN1A1;F11;CYP4F2;ETS2;VNN1;ARG1;DDT;ITIH1;JUP;GSTO1;PINK1;BPHL
TegvsNC	MSigDB_Hallmark_2020	heme Metabolism	1.3825142767	0.0106382978723	0.0415561301588	DMTN;SLC6A8;LPIN2;BNIP3L;P4HA2;C3;OPTN;NFE2L1;RNF19A;EIF2AK1;TNS1;KHNYN;SLC2A1;CTSB;FTCD;ALAD;MXI1;ARHGEF12;BSG;ALDH6A1;ALDH1L1;NCOA4;PC;TFRC;SLC11A2;RNF123;EZH1;CROCCP2;KDM7A;RIOK3;SDCBP;SIDT2;MARCHF8;NNT;MKRN1;BCAM;DCAF10;PPP2R5B;CIR1;CAST;ABCB6;FBXO7;ACSL6;NARF;RAP1GAP;GDE1;ELL2;HAGH;BLVRB;BLVRA
TegvsNC	MSigDB_Hallmark_2020	mTORC1 Signaling	-2.06430529328	0	0.000176619780002	SLC7A11;MTHFD2;TRIB3;ASNS;PSAT1;XBP1;DDIT4;SLC1A4;SLC1A5;PPP1R15A;IFRD1;TXNRD1;SHMT2;CTH;EIF2S2;PHGDH;BCAT1;PSPH;WARS1;SLC7A5;DDIT3;HSPA9;TES;NUPR1;SQSTM1;EPRS1;ARPC5L;MCM2;PSME3;FDXR;CDKN1A;PSMD12;CDC25A;PLK1;GSR;UBE2D3;PIK3R3;ETF1;ABCF2;GCLC;IFI30;PNO1;RRP9;MCM4;DDX39A;TCEA1;TOMM40;NFKBIB;UNG;SDF2L1;PSMG1;GTF2H1;EEF1E1;PSMD14;DHFR;MAP2K3;HSPA4;CACYBP;VLDLR;UCHL5;RRM2;NFYC;PSMC4;ATP2A2;PSMC2;PDAP1;PRDX1;STIP1;PSMA4;NUFIP1;M6PR;GLA
TegvsNC	MSigDB_Hallmark_2020	p53 Pathway	-2.02043982608	0	0.000309084615004	SLC7A11;TRIB3;ATF3;DDIT4;GADD45A;PPP1R15A;SLC3A2;EPHA2;MXD1;JUN;CEBPA;AEN;DDIT3;NUPR1;ZFP36L1;TRAF4;FDXR;OSGIN1;CDKN1A;PLK3;IER3;PHLDA3;GPX2;CDKN2AIP;LIF;IFI30;EPHX1;RCHY1;PCNA;ABCC5;SPHK1;CSRNP2;CDK5R1;SLC35D1;TP53;EI24;TRIAP1;FOXO3;MDM2;NOL8;FOS;SFN;PTPN14;RRP8;RAD51C;NUDT15;PPM1D;CDKN2B;HSPA4L;TSC22D1;HRAS;ACVR1B;RAD9A;ABHD4;PRKAB1;DNTTIP2;BAK1;HEXIM1;CCND3;BTG2;PLK2
TegvsNC	Reactome_2022	APC/C-mediated Degradation Of Cell Cycle Proteins R-HSA-174143	-2.03228740397	0	0.000627963491785	PSME3;PSMD12;PLK1;CDC20;PSMD11;UBE2S;PSMD5;PSMD14;PSMA7;PSMA6;PSMB3;PSMC3;PSMC5;PSMD7;PSMC4;CCNA2;PSMC2;ANAPC7;UBE2D1;CDC14A;PSMA4;PSMB2;PSMC1;PSME4;PSMD2;ANAPC1;CUL1;PSMB5;AURKA;CDK2;PSMD8;PSME2;FBXO5;ANAPC15;PSMB8;PSMD3;PSMB4;PSMA3;PSMD4
TegvsNC	Reactome_2022	APC/C:Cdc20 Mediated Degradation Of Mitotic Proteins R-HSA-176409	-1.94965566932	0	0.00154342834126	PSME3;PSMD12;CDC20;PSMD11;UBE2S;PSMD5;PSMD14;PSMA7;PSMA6;PSMB3;PSMC3;PSMC5;PSMD7;PSMC4;CCNA2;PSMC2;ANAPC7;UBE2D1;PSMA4;PSMB2;PSMC1;PSME4;PSMD2;ANAPC1;PSMB5;PSMD8;PSME2;ANAPC15;PSMB8;PSMD3;PSMB4;PSMA3;PSMD4;UBE2C;PSMB7
TegvsNC	Reactome_2022	APC/C:Cdc20 Mediated Degradation Of Securin R-HSA-174154	-1.98471270579	0	0.00109100030826	PSME3;PSMD12;CDC20;PSMD11;UBE2S;PSMD5;PSMD14;PSMA7;PSMA6;PSMB3;PSMC3;PSMC5;PSMD7;PSMC4;PSMC2;ANAPC7;UBE2D1;PSMA4;PSMB2;PSMC1;PSME4;PSMD2;ANAPC1;PSMB5;PSMD8;PSME2;ANAPC15;PSMB8;PSMD3;PSMB4;PSMA3;PSMD4;UBE2C;PSMB7
TegvsNC	Reactome_2022	APC/C:Cdh1 Mediated Degradation Of Cdc20 And APC/C:Cdh1 Targets In Late Mitosis/Early G1 R-HSA-174178	-1.98480297086	0	0.00110681190693	PSME3;PSMD12;PLK1;CDC20;PSMD11;UBE2S;PSMD5;PSMD14;PSMA7;PSMA6;PSMB3;PSMC3;PSMC5;PSMD7;PSMC4;PSMC2;ANAPC7;UBE2D1;PSMA4;PSMB2;PSMC1;PSME4;PSMD2;ANAPC1;PSMB5;AURKA;PSMD8;PSME2;ANAPC15;PSMB8;PSMD3;PSMB4;PSMA3;PSMD4;UBE2C;PSMB7
TegvsNC	Reactome_2022	APC:Cdc20 Mediated Degradation Of Cell Cycle Proteins Before Cycle Checkpoint Satisfied R-HSA-179419	-1.96267496364	0	0.00132901990012	PSME3;PSMD12;CDC20;PSMD11;UBE2S;PSMD5;PSMD14;PSMA7;PSMA6;PSMB3;PSMC3;PSMC5;PSMD7;PSMC4;CCNA2;PSMC2;ANAPC7;UBE2D1;PSMA4;PSMB2;PSMC1;PSME4;PSMD2;ANAPC1;PSMB5;PSMD8;PSME2;ANAPC15;PSMB8;PSMD3;PSMB4;PSMA3;PSMD4;UBE2C;PSMB7
TegvsNC	Reactome_2022	ATF4 Activates Genes In Response To Endoplasmic Reticulum Stress R-HSA-380994	-2.23512438923	0	0	ASNS;ATF4;ATF3;CEBPB;CEBPG;DDIT3;EXOSC6;PARN;EXOSC8;CXCL8;KHSRP;EXOSC2;HERPUD1;NFYC;NFYA
TegvsNC	Reactome_2022	AUF1 (hnRNP D0) Binds And Destabilizes mRNA R-HSA-450408	-1.95307661805	0	0.00157480036328	PSME3;PSMD12;PSMD11;HNRNPD;EIF4G1;PSMD5;PSMD14;PSMA7;PSMA6;PSMB3;PSMC3;PSMC5;PSMD7;PSMC4;PSMC2;PSMA4;PSMB2;PSMC1;PSME4;PSMD2;PSMB5;PSMD8;PSME2;PSMB8;PSMD3;PSMB4;HSPB1;PSMA3;PSMD4
TegvsNC	Reactome_2022	Aberrant Regulation Of Mitotic Cell Cycle Due To RB1 Defects R-HSA-9687139	-1.90607013515	0	0.00240133824772	CDKN1A;CDK4;UBE2S;E2F2;CCND1;TFDP1;E2F1;E2F3;ANAPC7;UBE2D1;ANAPC1;CCND3;CDK2;CCNE1;ANAPC15;TFDP2;CCNE2;UBE2C;CDKN1B
TegvsNC	Reactome_2022	Aberrant Regulation Of Mitotic G1/S Transition In Cancer Due To RB1 Defects R-HSA-9659787	-1.99155462336	0	0.00103930976946	CDKN1A;CDK4;E2F2;CCND1;TFDP1;E2F1;E2F3;CCND3;CDK2;CCNE1;TFDP2;CCNE2;CDKN1B
TegvsNC	Reactome_2022	Activation Of APC/C And APC/C:Cdc20 Mediated Degradation Of Mitotic Proteins R-HSA-176814	-2.00031678326	0	0.00104063711271	PSME3;PSMD12;PLK1;CDC20;PSMD11;UBE2S;PSMD5;PSMD14;PSMA7;PSMA6;PSMB3;PSMC3;PSMC5;PSMD7;PSMC4;CCNA2;PSMC2;ANAPC7;UBE2D1;PSMA4;PSMB2;PSMC1;PSME4;PSMD2;ANAPC1;PSMB5;PSMD8;PSME2;ANAPC15;PSMB8;PSMD3;PSMB4;PSMA3;PSMD4;UBE2C;PSMB7
TegvsNC	Reactome_2022	Activation Of ATR In Response To Replication Stress R-HSA-176187	-2.34491467678	0	0	POLR1B;CDC6;POLR1A;CDC25A;MCM7;MCM5;ORC6;MCM4;MCM8;MCM6;CDC45;ORC5;CLSPN;DBF4;RFC2;MCM10;MCM3;ORC4;RAD9A;ATRIP;CDK2;RFC3;CDC7
TegvsNC	Reactome_2022	Activation Of BH3-only Proteins R-HSA-114452	-1.931235465	0	0.00188965412629	PMAIP1;DYNLL2;PPP3R1;YWHAB;TFDP1;YWHAH;E2F1;TP53BP2;TP53;YWHAG;BBC3;YWHAQ;DYNLL1;TFDP2;MAPK8;BCL2L11
TegvsNC	Reactome_2022	Activation Of HOX Genes During Differentiation R-HSA-5619507	-2.12222549523	0	0.000166456019132	AJUBA;JUN;H2AZ1;CREBBP;POLR2D;EP300;H2AX;CTCF;KDM6A;CNOT9;H3-3B;POLR2A;EZH2;RARA;H2AZ2;PAXIP1;YY1;KMT2D;ASH2L;POLR2J;H2AC6;POLR2I;SUZ12;RBBP5
TegvsNC	Reactome_2022	Activation Of NF-kappaB In B Cells R-HSA-1169091	-1.90182223113	0	0.00245147286216	PSME3;PSMD12;PSMD11;NFKBIB;NFKB1;PSMD5;PSMD14;PSMA7;PSMA6;PSMB3;PSMC3;NFKBIA;PSMC5;PSMD7;PSMC4;PSMC2;PSMA4;PSMB2;PSMC1;PSME4;PSMD2;CUL1;PSMB5;NFKBIE;PSMD8;PSME2;CHUK;PSMB8;PSMD3;PSMB4;PSMA3;PSMD4;PSMB7;IKBKG
TegvsNC	Reactome_2022	Activation Of Pre-Replicative Complex R-HSA-68962	-2.3699695456	0	0	POLR1B;POLE3;CDC6;POLR1A;MCM7;MCM5;ORC6;MCM4;MCM8;MCM6;POLA1;CDC45;ORC5;DBF4;PRIM2;MCM10;MCM3;ORC4;POLE2;CDK2;CDT1
TegvsNC	Reactome_2022	Amino Acid Transport Across Plasma Membrane R-HSA-352230	-2.06974592121	0	0.000458334713146	SLC7A11;SLC7A1;SLC1A4;SLC1A5;SLC3A2;SLC7A5;SLC38A1;SLC43A1;SLC38A5;SLC6A12;SLC6A14;SLC7A6
TegvsNC	Reactome_2022	Antigen Presentation: Folding, Assembly, Peptide Loading Of Class I MHC R-HSA-983170	1.97695157101	0	0.000864923683308	SEC24D;SEC24A;SEC31A;SEC23A;PIK3C3;HLA-E;SEC24C;ERAP1;HLA-C;SEC14L2;HLA-B;HLA-A;SEC13;SEC24B;TAPBP;HSPA5;ERAP2;PDIA3
TegvsNC	Reactome_2022	Antigen Processing: Ubiquitination And Proteasome Degradation R-HSA-983168	-1.53836634748	0	0.0461893218895	SIAH2;VHL;RNF41;TRIM11;KLHL21;PSME3;PSMD12;SPSB1;CDC20;FBXO9;UBE2D3;PSMD11;UBE2S;DTX3L;RCHY1;KBTBD8;UBE2L3;UBE2G1;SIAH1;PSMD5;PSMD14;MEX3C;ARIH2;PSMA7;PSMA6;PSMB3;PSMC3;RNF34;KBTBD6;LRR1;FBXL3;ELOC;KLHL11;FBXO22;RNF6;TRIM39;PSMC5;PSMD7;PSMC4;TRIM71;UBE2D2;KEAP1;ANAPC13;PSMC2;UBE2W;UBE2J2;ANAPC7;UBE2M;TRAIP;ASB7;RNF25;UBE2D1;PSMA4;UBE3C;UBE2K;NEDD4;PSMB2;PSMC1;UBE3A;TRIM50;PSME4;FBXL18;UBE2A;CUL3;PSMD2;ANAPC1;FBXO30;CUL1;RNF114;RNF4;PSMB5;UBE2Z;UBE2J1;RNF111;PSMD8;BLMH;PSME2;ZNRF1;RNF115;TRIM69;KLHL25;ASB6;SPSB2;STUB1;SMURF1;KLHL20;ZNRF2;RNF138;UBE2B;RNF7;FBXL12;ELOB;PSMB8;PSMD3;RBBP6;PSMB4;UBE2F;GAN;KLHL2;PSMA3;PSMD4;TRIP12;UBE2Q1;DCAF1;SH3RF1;TRIM37;UBE2C;PSMB7;FBXL5
TegvsNC	Reactome_2022	Apoptosis R-HSA-109581	-1.65029343514	0	0.0219820205636	H1-0;PMAIP1;DYNLL2;CASP3;TNFRSF10B;PSME3;PSMD12;PSMD11;LMNB1;BCL2L1;PPP3R1;YWHAB;HMGB1;TFDP1;YWHAH;PSMD5;PSMD14;CASP8;E2F1;TP53BP2;C1QBP;PSMA7;PSMA6;CLSPN;TP53;PSMB3;PSMC3;YWHAG;BBC3;CYCS;PSMC5;PSMD7;TNFRSF10A;FADD;PSMC4;YWHAQ;KPNB1;PSMC2;PSMA4;STAT3;TJP1;PSMB2;PSMC1;GAS2;PSME4;DYNLL1;DAPK1;OCLN;PSMD2;H1-4;BAK1;PSMB5;PSMD8;PSME2;HMGB2;DFFB;BAX;TFDP2;MAPK8;BCL2L11;PSMB8;CASP7;PSMD3;PSMB4;PSMA3;PSMD4
TegvsNC	Reactome_2022	Asparagine N-linked Glycosylation R-HSA-446203	1.67159762546	0	0.0319644120089	COL7A1;SEC24D;SERPINA1;F5;ARFGAP1;ASGR1;UBC;LMAN1;GOLGA2;ENGASE;SEC24A;PGM3;SEC31A;COPA;AMDHD2;USO1;GMDS;SEC23A;SPTAN1;GOLGB1;COPG1;GANAB;MIA3;CTSZ;ARFGAP3;KDELR3;NGLY1;COPB1;MOGAT3;COG6;SYVN1;DYNC1I2;COG3;SLC17A5;MARCHF6;MAN1A1;MOGAT2;GLB1;PPP6R1;UAP1;RPN2;TMED7;RNF5;ST6GALNAC6;SPTBN1;SEC24C;PREB;MGAT4A;ST3GAL3;ARCN1;OS9;MAN2A1;FCSK;EGFL7;TRAPPC4;AMFR;UGGT2;COPG2;TRAPPC6A;MAN1B1;KDELR2;SEC13;MOGS;ST6GAL1;MVD;SEC24B;TRAPPC9;RNF103;COG7;PMM1;MAN2A2;EDEM3;SCFD1;TMED9;SEL1L;ANK2;EDEM1;COG5;COPB2;STX17;DAD1
TegvsNC	Reactome_2022	Aspirin ADME R-HSA-9749641	1.82926907094	0	0.00707075111105	ABCC2;ABCC3;UGT1A1;ALB;BSG;UGT1A9;UGT1A3;CES2;UGT2B11;CES1;CYP3A4;SLCO2B1;UGT1A6
TegvsNC	Reactome_2022	Assembly Of Collagen Fibrils And Other Multimeric Structures R-HSA-2022090	2.24129106816	0	0	COL7A1;COL27A1;COL18A1;LOX;CTSB;COL9A2;PLEC;DST;COL6A1;LOXL4;COL9A3;LOXL2;COL2A1;COL4A5;LOXL3;CD151;PCOLCE;ITGB4;CTSL
TegvsNC	Reactome_2022	Assembly Of ORC Complex At Origin Of Replication R-HSA-68616	-1.99053357083	0	0.00101115820577	H2AZ1;H2AX;H3-3B;ORC6;ORC5;H2AZ2;KPNB1;H2AC6;ORC4
TegvsNC	Reactome_2022	Assembly Of Pre-Replicative Complex R-HSA-68867	-2.24545312479	0	0	H2AZ1;CDC6;PSME3;PSMD12;H2AX;PSMD11;UBE2S;MCM7;MCM5;H3-3B;ORC6;MCM4;MCM8;MCM6;PSMD5;PSMD14;ORC5;H2AZ2;PSMA7;PSMA6;PSMB3;PSMC3;PSMC5;PSMD7;PSMC4;KPNB1;H2AC6;MCM3;PSMC2;ANAPC7;UBE2D1;PSMA4;ORC4;PSMB2;PSMC1;PSMD2;ANAPC1;PSMB5;PSMD8;CDT1;PSME2;ANAPC15;PSMB8;PSMD3;PSMB4;PSMA3;PSMD4
TegvsNC	Reactome_2022	Asymmetric Localization Of PCP Proteins R-HSA-4608870	-1.68688150582	0	0.0175904946014	PSME3;PSMD12;PSMD11;PSMD5;PSMD14;PSMA7;PSMA6;PSMB3;PSMC3;PSMC5;PSMD7;PSMC4;PSMC2;PSMA4;PSMB2;PSMC1;PSME4;PSMD2;PSMB5;PSMD8;PSME2;SMURF1;PSMB8;PSMD3;PSMB4;PSMA3;PSMD4;FZD1;PSMB7
TegvsNC	Reactome_2022	Attenuation Phase R-HSA-3371568	-1.83780577235	0.0021645021645	0.00499607754064	CREBBP;EP300;DNAJB1;FKBP4;HSPH1;DNAJB6;HSP90AA1;TNFRSF21;MRPL18;PTGES3
TegvsNC	Reactome_2022	Autodegradation Of Cdh1 By Cdh1:APC/C R-HSA-174084	-1.90670813646	0	0.00241327257126	PSME3;PSMD12;PSMD11;UBE2S;PSMD5;PSMD14;PSMA7;PSMA6;PSMB3;PSMC3;PSMC5;PSMD7;PSMC4;PSMC2;ANAPC7;UBE2D1;PSMA4;PSMB2;PSMC1;PSMD2;ANAPC1;PSMB5;PSMD8;PSME2;ANAPC15;PSMB8;PSMD3;PSMB4;PSMA3;PSMD4;UBE2C;PSMB7
TegvsNC	Reactome_2022	Autodegradation Of E3 Ubiquitin Ligase COP1 R-HSA-349425	-1.83244520643	0	0.00512918617704	PSME3;PSMD12;PSMD11;PSMD5;PSMD14;PSMA7;PSMA6;TP53;PSMB3;PSMC3;PSMC5;PSMD7;PSMC4;PSMC2;PSMA4;PSMB2;PSMC1;PSME4;PSMD2;PSMB5;PSMD8;PSME2;PSMB8;PSMD3;PSMB4;PSMA3;PSMD4
TegvsNC	Reactome_2022	B-WICH Complex Positively Regulates rRNA Expression R-HSA-5250924	-1.71238440009	0.00240963855422	0.0142020275524	BAZ1B;H2AZ1;POLR1B;DDX56;POLR1G;POLR1A;EP300;H2AX;MYBBP1A;H3-3B;POLR1F;H2AZ2;H2AC6;DEK;POLR1E;GSK3B;TAF1A;TAF1B;POLR2L
TegvsNC	Reactome_2022	BBSome-mediated Cargo-Targeting To Cilium R-HSA-5620922	-1.73280683083	0.00678733031674	0.0121777710361	SMOX;RAB3IP;MKKS;CCT3;CCT2;TCP1;CCT5;BBS5;LZTFL1;BBS4
TegvsNC	Reactome_2022	Base Excision Repair R-HSA-73884	-1.83662490422	0	0.00502485805057	H2AZ1;POLR1B;POLE3;POLR1A;H2AX;FEN1;PCNA;UNG;H2AZ2;RFC2;LRIG3;TERF2;SLC19A1;H2AC6;POLD2;ACD;NEIL3;APEX1;POLE2;RFC3;TERF2IP;TERF1;TDG;RFC5;LRIG1;H2AC20;RFC4;H2AC14;RPA3;NEIL2;SMUG1;POLE4;MBD4;H2BC13;POLD1;H2BC11
TegvsNC	Reactome_2022	C-type Lectin Receptors (CLRs) R-HSA-5621481	-1.6448282845	0.0025641025641	0.0227798304832	CREBBP;CARD9;SRC;PSME3;EP300;PSMD12;PSMD11;PPP3R1;NFKB1;PSMD5;PSMD14;CASP8;MAP3K14;PSMA7;PSMA6;PSMB3;PSMC3;LYN;NFKBIA;PSMC5;PSMD7;PSMC4;UBE2D2;PSMC2;UBE2M;UBE2D1;PSMA4;PSMB2;PSMC1;HRAS;PSME4;PSMD2;CUL1;PSMB5;NFATC3;PSMD8;PDPK1;PSME2;FYN;CHUK;CALM1;PSMB8;PSMD3;PSMB4;PSMA3;PSMD4
TegvsNC	Reactome_2022	CD28 Co-Stimulation R-HSA-389356	-1.60565559028	0.0202702702703	0.0298247739405	TRIB3;SRC;PIK3R3;PRR5;MAP3K14;LYN
TegvsNC	Reactome_2022	CD28 Dependent PI3K/Akt Signaling R-HSA-389357	-1.58267419634	0.025462962963	0.0350141536682	TRIB3;PIK3R3;PRR5;MAP3K14
TegvsNC	Reactome_2022	CDK-mediated Phosphorylation And Removal Of Cdc6 R-HSA-69017	-2.04193217179	0	0.000655199224244	CDC6;PSME3;PSMD12;PSMD11;UBE2S;PSMD5;PSMD14;PSMA7;PSMA6;PSMB3;PSMC3;PSMC5;PSMD7;PSMC4;CCNA2;PSMC2;ANAPC7;UBE2D1;PSMA4;PSMB2;PSMC1;PSME4;PSMD2;ANAPC1;PSMB5;CDK2;CCNE1;PSMD8;PSME2;ANAPC15;PSMB8;PSMD3;PSMB4;PSMA3;PSMD4;CCNE2;UBE2C;PSMB7
TegvsNC	Reactome_2022	CLEC7A (Dectin-1) Signaling R-HSA-5607764	-1.72043729528	0.00236966824645	0.0133113315101	CARD9;SRC;PSME3;PSMD12;PSMD11;PPP3R1;NFKB1;PSMD5;PSMD14;CASP8;MAP3K14;PSMA7;PSMA6;PSMB3;PSMC3;NFKBIA;PSMC5;PSMD7;PSMC4;UBE2D2;PSMC2;UBE2M;UBE2D1;PSMA4;PSMB2;PSMC1;PSME4;PSMD2;CUL1;PSMB5;NFATC3;PSMD8;PDPK1;PSME2;CHUK;CALM1;PSMB8;PSMD3;PSMB4;PSMA3;PSMD4
TegvsNC	Reactome_2022	COPII-mediated Vesicle Transport R-HSA-204005	1.76804693972	0	0.0131468399863	COL7A1;SEC24D;SERPINA1;F5;LMAN1;GOLGA2;SEC24A;SEC31A;USO1;SEC23A;CTSZ;PPP6R1;SEC24C;PREB;TRAPPC4;TRAPPC6A;SEC13;SEC24B;TRAPPC9;SCFD1;STX17;TGFA
TegvsNC	Reactome_2022	Cargo Concentration In ER R-HSA-5694530	1.94547859666	0	0.00142900434634	COL7A1;SEC24D;SERPINA1;F5;LMAN1;SEC24A;SEC23A;MIA3;CTSZ;SEC24C;PREB
TegvsNC	Reactome_2022	Cdc20:Phospho-APC/C Mediated Degradation Of Cyclin A R-HSA-174184	-1.99850764792	0	0.00104387673015	PSME3;PSMD12;CDC20;PSMD11;UBE2S;PSMD5;PSMD14;PSMA7;PSMA6;PSMB3;PSMC3;PSMC5;PSMD7;PSMC4;CCNA2;PSMC2;ANAPC7;UBE2D1;PSMA4;PSMB2;PSMC1;PSME4;PSMD2;ANAPC1;PSMB5;PSMD8;PSME2;ANAPC15;PSMB8;PSMD3;PSMB4;PSMA3;PSMD4;UBE2C;PSMB7
TegvsNC	Reactome_2022	Cell Cycle Checkpoints R-HSA-69620	-2.27013288277	0	0	DYNLL2;POLR1B;RCC2;CDC6;PSME3;BIRC5;SKA1;PKMYT1;POLR1A;CDKN1A;PSMD12;DYNC1LI1;CDC25A;PLK1;CDC20;NUP98;RBBP8;H2AX;PSMD11;PPP2CA;TOP3A;UBE2S;MCM7;CLIP1;CENPO;CENPN;MCM5;ORC6;MCM4;MCM8;YWHAB;MCM6;YWHAH;MAPRE1;PSMD5;ZWINT;PSMD14;CDC45;BRCA1;ORC5;PSMA7;PSMA6;CLSPN;TP53;DBF4;PSMB3;PSMC3;YWHAG;RFC2;SEH1L;MDM2;NUP43;EXO1;CENPM;PSMC5;RANGAP1;PSMD7;PSMC4;XPO1;YWHAQ;CDCA8;MCM10;CCNA2;MCM3;PSMC2;RMI1;PAFAH1B1;ANAPC7;UBE2D1;PSMA4;NDC80;SPDL1;ORC4;PSMB2;PSMC1;CENPA;PSME4;RAD9A;DYNLL1;MAD1L1;NUDC;DSN1;PSMD2;ANAPC1;ATRIP;PSMB5;CDK2;CCNE1;ZWILCH;PSMD8;PPP2R5E;CENPL;PSME2;ERCC6L;SPC25;CENPU;RFC3;CDC7;ANAPC15;BRIP1;CLASP2;PHF20;MIS12;PSMB8;PSMD3;PSMB4;BARD1;PSMA3;PCBP4;RANBP2;PSMD4;AHCTF1;BLM;CCNE2;CENPK;RFC5;ZW10;UBE2C;CDKN1B;PSMB7;KIF2A;CCNB2
TegvsNC	Reactome_2022	Cell Cycle, Mitotic R-HSA-69278	-2.14430724257	0	0.000158938650526	AJUBA;PHLDA1;MYC;H2AZ1;NUP153;DYNLL2;POLR1B;KMT5A;POLE3;SRC;E2F6;RCC2;CDC6;PSME3;BIRC5;SKA1;PKMYT1;POLR1A;CDKN1A;EP300;PSMD12;DYNC1LI1;TMPO;CDC25A;MYBL2;PLK1;CDC20;RCC1;NUP98;NUP155;H2AX;CDK4;GINS3;ABL1;PSMD11;PPP2CA;FEN1;LMNB1;UBE2S;GINS1;FOXM1;MCM7;CLIP1;CENPO;CENPN;MCM5;HAUS2;H3-3B;ORC6;MCM4;E2F2;SET;NUP62;MCM8;PCNA;CCND1;MCM6;TFDP1;GINS4;MAPRE1;PSMD5;POLA1;CDCA5;NUP35;ZWINT;PSMD14;PPP2R2A;CDC45;NUP188;E2F1;GINS2;TK1;ORC5;TUBA1B;H2AZ2;PSMA7;PSMA6;TP53;DHFR;DBF4;PSMB3;PSMC3;YWHAG;RFC2;SEH1L;E2F3;NUP42;LYN;TYMS;NUP43;CENPM;PSMC5;RANGAP1;PSMD7;DYRK1A;RRM2;VRK1;TNPO1;PSMC4;XPO1;E2F4;PRIM2;RAB33B;RAN;TUBA1C;KPNB1;WAPL;CDCA8;MCM10;RBL1;SLC19A1;HSP90AA1;H2AC6;SSNA1;CCNA2;MCM3;PSMC2;PAFAH1B1;ANAPC7;HAUS8;RAB8A;UBE2D1;CDC14A;POLD2;CSNK2A2;PSMA4;CDKN2B;GORASP2;NDC80;NUP88;SPDL1;ORC4;PSMB2;CEP78;PSMC1;CENPA;PSME4;FBXL18;NCAPH2;TPX2;DYNLL1;MAD1L1;NUDC;RBBP4;DSN1;PSMD2;ANAPC1;NUP50;CUL1;BORA;CABLES1;CCND3;PSMB5;POLE2;AURKA;CDK2;CCNE1;ZWILCH;ENSA;PSMD8;CHMP4C;PPP2R5E;CENPL;CDT1;E2F5;LBR;PSME2;CEP72;FBXO5;NCAPH;ERCC6L;SPC25;MASTL;FKBPL;SMC1A;CENPU;HAUS7;NUP214;CEP43;RFC3;TUBB4B;KIF23;CDC7;GSK3B;SUMO1;PCNT;CHMP6;CCNH;ANAPC15;TUBGCP3;MAX;CKS1B;LIN52;NCAPG2;CLASP2;TFDP2;MIS12;LIN9;ANKLE2;PSMB8;PSMD3;BLZF1;PSMB4;ARPP19;PSMA3;MCPH1;RANBP2;PSMD4;AHCTF1
TegvsNC	Reactome_2022	Cellular Response To Chemical Stress R-HSA-9711123	-2.08483775702	0	0.000360519378023	SLC7A11;SESN2;ATF4;MYC;SRXN1;NFE2L2;TXNRD1;PHGDH;MAP1LC3B;CREBBP;SQSTM1;MAFG;GCLM;PSME3;EP300;PSMD12;GSR;GPX2;PSMD11;GCLC;PSMD5;TACO1;PSMD14;NPLOC4;PSMA7;PSMA6;PSMB3;PSMC3;SCO1;CYCS;COX14;PSMC5;PSMD7;PSMC4;KEAP1;PSMC2;PRDX1;TBL1XR1;UBL4A;CSNK2A2;PSMA4;STAT3;GSTA1;PSMB2;PSMC1;VCP;IDH1;PSME4;UFD1;NQO1;CUL3;PSMD2;GPX1;CUL1;PSMB5;PSMD8;PSME2;HM13;HELZ2;MUL1;GSK3B;BRIP1;SCO2;LIN9;PSMB8;PSMD3;PSMB4;PSMA3;CARM1;PSMD4;COX7A2L
TegvsNC	Reactome_2022	Cellular Response To Heat Stress R-HSA-3371556	-1.86008307099	0	0.00401388600618	HSPA9;NUP153;CREBBP;BAG2;POLR1B;POLR1A;EP300;NUP98;NUP155;RPTOR;NUP62;DNAJB1;HSPA13;NUP35;NUP188;FKBP4;AKT1S1;HSPH1;HSPA4;SEH1L;NUP42;NUP43;HSPA14;DNAJC7;SIRT1;DNAJB6;HSP90AA1;TNFRSF21;MRPL18;RPS19BP1;HSPA4L;NUP88;PTGES3;VCP
TegvsNC	Reactome_2022	Cellular Response To Hypoxia R-HSA-1234174	-1.75353985488	0	0.0106778983267	AJUBA;VHL;CREBBP;PSME3;EP300;PSMD12;UBE2D3;PSMD11;HIF1A;PSMD5;PSMD14;PSMA7;PSMA6;PSMB3;PSMC3;ELOC;PSMC5;PSMD7;PSMC4;UBE2D2;PSMC2;UBE2D1;PSMA4;PSMB2;PSMC1;PSME4;PSMD2;PSMB5;PSMD8;PSME2;ELOB;PSMB8;PSMD3;PSMB4;PSMA3;PSMD4
TegvsNC	Reactome_2022	Cellular Senescence R-HSA-2559583	-1.89631870801	0	0.00257014495695	CEBPB;JUN;CBX4;KDM6B;ASF1A;H2AZ1;H1-0;HIRA;CDKN1A;H2AX;CDK4;ETF1;EP400;CXCL8;LMNB1;UBE2S;H3-3B;E2F2;NFKB1;PHC2;TFDP1;TNRC6C;EZH2;E2F1;MAP2K6;H2AZ2;TP53;MAP2K3;E2F3;MDM2;FOS;RING1;TERF2;H2AC6;CCNA2;SUZ12;ANAPC7;MAPKAPK5;UBE2D1;CDKN2B;ACD;STAT3;RBBP4;H1-4;ANAPC1;CDK2;CCNE1;TERF2IP;ANAPC15;UBN1;TFDP2;MAPK8;MAPKAPK3;SCMH1;CBX6;TERF1;HMGA1;ID1;RBBP7;CCNE2;HMGA2;UBE2C;CDKN1B
TegvsNC	Reactome_2022	Cholesterol Biosynthesis R-HSA-191273	1.71270871647	0.00551470588235	0.0231147309595	FDFT1;DHCR7;FDPS;SREBF2;SH3D19;MSMO1;HMGCS1;SOAT2;TM7SF2;MVD;SC5D;HMGCR
TegvsNC	Reactome_2022	Chondroitin Sulfate/Dermatan Sulfate Metabolism R-HSA-1793185	1.99142491141	0	0.00067667558753	HSPG2;GPC3;AGRN;CHST15;CHPF;CHPF2;XYLT2;IDS;HEXB;CHST12;SDC2;GPC6;HEXA;B4GALT7;CSGALNACT1;VCAN
TegvsNC	Reactome_2022	Chromatin Modifying Enzymes R-HSA-3247509	-1.57820736697	0	0.0357404120834	KDM6B;KDM4A;H2AZ1;PRMT5;CREBBP;KMT5A;GATAD2A;MTA2;EP300;H2AX;CDK4;KDM6A;RIOX2;EP400;TAF5L;JADE2;RUVBL1;ARID1A;USP22;NFKB1;CCND1;KANSL3;EZH2;CHD4;AEBP2;PRMT6;PRMT3;H2AZ2;JADE1;HCFC1;SETD1B;BRD1;MSL2;KANSL2;YEATS4;ELP5;ING3;EPC1;KMT2D;KAT7;VPS72;ASH2L;H2AC6;ELP6;SUZ12;RBBP5;TBL1XR1;SMARCD1;SUPT7L;TADA2B;BRMS1L;SUV39H2;RCOR1;WDR77;SMARCA2;RBBP4;ATXN7;KAT6A;SMARCE1;HAT1;CLOCK;MCRS1;TADA3;ZZZ3;SAP130;DR1;WDR5;GATAD2B;ATF7IP;SGF29;PBRM1;PHF20;BRPF3;HDAC2;CARM1;ING5;PRMT1;COPRS;RBBP7;ARID1B
TegvsNC	Reactome_2022	Chromosome Maintenance R-HSA-73886	-2.10115490535	0	0.000369532362474	H2AZ1;DKC1;POLR2D;POLR1B;POLR1A;H2AX;FEN1;CENPO;CENPN;H3-3B;RUVBL1;PCNA;CHTF8;POLR2A;GAR1;POLA1;WRAP53;CENPX;H2AZ2;RFC2;CENPM;DAXX;PRIM2;TERF2;SLC19A1;POLR2J;H2AC6;CCNA2;POLR2I;POLD2;ACD;CENPA;RBBP4;MIS18A;PPP6R3;CDK2;CENPL;NOP10;CENPU;RFC3;POLR2G;TERF2IP;OIP5;POLR2L;TERF1;BLM;RBBP7;NPM1;CENPK;RFC5;SHQ1;POLR2B
TegvsNC	Reactome_2022	Collagen Biosynthesis And Modifying Enzymes R-HSA-1650814	2.26586659263	0	0	COL7A1;PLOD2;P4HA1;P4HA2;PLOD1;COL27A1;COL18A1;COL9A2;COL6A1;COL9A3;P3H3;P4HB;COL2A1;COL4A5;P3H1;PCOLCE2
TegvsNC	Reactome_2022	Collagen Chain Trimerization R-HSA-8948216	2.153356756	0	0.000117382499878	COL7A1;COL27A1;COL18A1;COL9A2;COL6A1;COL9A3;COL2A1;COL4A5
TegvsNC	Reactome_2022	Collagen Formation R-HSA-1474290	2.332949285	0	0	COL7A1;PLOD2;P4HA1;P4HA2;PLOD1;COL27A1;COL18A1;LOX;CTSB;COL9A2;PLEC;DST;COL6A1;LOXL4;COL9A3;P3H3;LOXL2;P4HB;COL2A1;COL4A5;P3H1;PCOLCE2;LOXL3;CD151;PCOLCE;ITGB4;CTSL
TegvsNC	Reactome_2022	Condensation Of Prophase Chromosomes R-HSA-2299718	-1.76092265566	0.00699300699301	0.0100246305459	H2AZ1;KMT5A;PLK1;H2AX;H3-3B;SET;H2AZ2;RAB33B;H2AC6;NCAPH2
TegvsNC	Reactome_2022	Cross-presentation Of Soluble Exogenous Antigens (Endosomes) R-HSA-1236978	-2.12884708471	0	0.000140774233323	PSME3;PSMD12;PSMD11;PSMD5;PSMD14;PSMA7;PSMA6;PSMB3;PSMC3;PSMC5;PSMD7;PSMC4;PSMC2;PSMA4;PSMB2;PSMC1;PSME4;PSMD2;PSMB5;PSMD8;PSME2;PSMB8;PSMD3;PSMB4;PSMA3;PSMD4
TegvsNC	Reactome_2022	Cyclin A:Cdk2-associated Events At S Phase Entry R-HSA-69656	-2.15347886744	0	0.000164236605544	MYC;PSME3;CDKN1A;PSMD12;CDC25A;CDK4;PSMD11;CCND1;TFDP1;PSMD5;PSMD14;E2F1;PSMA7;PSMA6;PSMB3;PSMC3;PSMC5;PSMD7;PSMC4;E2F4;CCNA2;PSMC2;PSMA4;PSMB2;PSMC1;RBBP4;PSMD2;CUL1;CABLES1;PSMB5;CDK2;CCNE1;PSMD8;E2F5;PSME2;CCNH;MAX;CKS1B;LIN52;TFDP2;LIN9;PSMB8;PSMD3;PSMB4;PSMA3;PSMD4;CCNE2;CDKN1B;PSMB7
TegvsNC	Reactome_2022	Cyclin D Associated Events In G1 R-HSA-69231	-1.9100994735	0	0.00239939415912	SRC;CDKN1A;CDK4;ABL1;PPP2CA;E2F2;CCND1;TFDP1;PPP2R2A;E2F1;E2F3;LYN;E2F4;RBL1;CDKN2B;CUL1;CCND3;CDK2;CCNE1;E2F5;CCNH;CKS1B;TFDP2
TegvsNC	Reactome_2022	Cyclin E Associated Events During G1/S Transition R-HSA-69202	-2.20227951349	0	9.47518878138e-05	MYC;PSME3;CDKN1A;PSMD12;CDC25A;CDK4;PSMD11;CCND1;TFDP1;PSMD5;PSMD14;E2F1;PSMA7;PSMA6;PSMB3;PSMC3;PSMC5;PSMD7;PSMC4;E2F4;CCNA2;PSMC2;PSMA4;PSMB2;PSMC1;RBBP4;PSMD2;CUL1;CABLES1;PSMB5;CDK2;CCNE1;PSMD8;E2F5;PSME2;CCNH;MAX;CKS1B;LIN52;TFDP2;LIN9;PSMB8;PSMD3;PSMB4;PSMA3;PSMD4;CCNE2;CDKN1B;PSMB7
TegvsNC	Reactome_2022	Cytosolic tRNA Aminoacylation R-HSA-379716	-2.38705833596	0	0	GARS1;CARS1;MARS1;AARS1;YARS1;SARS1;TARS1;WARS1;NARS1;EPRS1;FARSB;IARS1;AIMP2;EEF1E1;VARS1;FARSA
TegvsNC	Reactome_2022	DAG And IP3 Signaling R-HSA-1489509	1.67707556127	0.00742115027829	0.0309379440982	AHCYL1;PLCG1;ITPR2;ITPR3;PRKAR1A;ADCY6;CAMK2D;ADCY9;NBEA;ITPR1;PRKCA
TegvsNC	Reactome_2022	DNA Damage Bypass R-HSA-73893	-1.62151787363	0.00943396226415	0.0270579807634	POLR1B;POLE3;USP1;POLR1A;RCHY1;PCLAF;PCNA;TRIM25;NPLOC4;RFC2;SPRTN;DTL;REV3L;SLC19A1;POLD2;VCP;UFD1;POLE2;RFC3;UBE2B;USP43
TegvsNC	Reactome_2022	DNA Damage/Telomere Stress Induced Senescence R-HSA-2559586	-1.81436391824	0.00232558139535	0.00579196114232	ASF1A;H2AZ1;H1-0;HIRA;CDKN1A;H2AX;EP400;LMNB1;H2AZ2;TP53;TERF2;H2AC6;CCNA2;ACD;H1-4;CDK2;CCNE1;TERF2IP;UBN1;TERF1;HMGA1;CCNE2;HMGA2;CDKN1B
TegvsNC	Reactome_2022	DNA Double-Strand Break Repair R-HSA-5693532	-1.83191055749	0	0.00513716824317	KDM4A;BAZ1B;POLR1B;POLE3;POLR1A;RBBP8;H2AX;ABL1;FEN1;TOP3A;BRCA2;XRCC2;PCNA;XRCC6;XRCC3;ERCC4;BRCA1;CLSPN;TP53;RFC2;PAXIP1;TIPIN;CNKSR3;EXO1;LRIG3;SLC19A1;RAD51C;CCNA2;RAD51;RMI1;POLD2;RAD51AP1;PPP5C;RAD9A;NHEJ1;ATRIP;RNF4;POLE2;CDK2;SIRT6;GEN1;EYA3;RFC3;SUMO1;BRIP1;MAPK8;BARD1;TDP1;DCLRE1C;BLM;PALB2;PPP4R2;LRIF1;RFC5
TegvsNC	Reactome_2022	DNA Methylation R-HSA-5334118	-1.88296058153	0	0.00318879951418	H2AZ1;UHRF1;H2AX;H3-3B;DNMT1;H2AZ2;H2AC6
TegvsNC	Reactome_2022	DNA Repair R-HSA-73894	-1.95819762895	0	0.00143707029851	KDM4A;BAZ1B;H2AZ1;POLR2D;POLR1B;POLE3;PRPF19;USP1;POLR1A;INO80;EP300;RBBP8;H2AX;ABL1;USP7;FEN1;TOP3A;BRCA2;RUVBL1;XRCC2;RCHY1;PCLAF;TCEA1;PCNA;XRCC6;UNG;TRIM25;XRCC3;POLR2A;GTF2H1;ERCC4;COPS3;CENPX;BRCA1;NPLOC4;H2AZ2;CLSPN;TP53;DCLRE1A;RFC2;PAXIP1;TIPIN;CNKSR3;MSH2;EXO1;ALKBH3;SPRTN;DTL;REV3L;ALKBH2;YY1;LRIG3;TERF2;GTF2H2;SLC19A1;RAD51C;POLR2J;H2AC6;CCNA2;DCLRE1B;POLR2I;RAD51;RMI1;POLD2;GTF2H3;ACD;RAD51AP1;NEIL3;VCP;FANCF;PPP5C;RAD9A;NHEJ1;ASCC1;UFD1;TFPT;APEX1;ATRIP;RNF4;POLE2;CDK2;RNF111;SIRT6;MCRS1;GEN1;EYA3;ACTR5;RFC3;POLR2G;TERF2IP;SUMO1;UBE2T;CCNH;UBE2B;USP43;BRIP1;MAPK8;FANCI;FANCC;POLR2L;FAAP24;FANCE;BARD1;FAAP100;TDP1;TERF1;DCLRE1C;BLM;PALB2;TDG;PPP4R2;LRIF1
TegvsNC	Reactome_2022	DNA Replication Pre-Initiation R-HSA-69002	-2.39240626598	0	0	H2AZ1;POLR1B;POLE3;CDC6;PSME3;POLR1A;PSMD12;H2AX;PSMD11;UBE2S;MCM7;MCM5;H3-3B;ORC6;MCM4;MCM8;MCM6;PSMD5;POLA1;PSMD14;CDC45;ORC5;H2AZ2;PSMA7;PSMA6;DBF4;PSMB3;PSMC3;PSMC5;PSMD7;PSMC4;PRIM2;KPNB1;MCM10;H2AC6;MCM3;PSMC2;ANAPC7;UBE2D1;PSMA4;ORC4;PSMB2;PSMC1;PSMD2;ANAPC1;PSMB5;POLE2;CDK2;PSMD8;CDT1;PSME2;CDC7;ANAPC15;PSMB8;PSMD3;PSMB4;PSMA3;PSMD4
TegvsNC	Reactome_2022	DNA Replication R-HSA-69306	-2.47580032747	0	0	H2AZ1;POLR1B;POLE3;CDC6;PSME3;POLR1A;PSMD12;H2AX;GINS3;PSMD11;FEN1;UBE2S;GINS1;MCM7;MCM5;H3-3B;ORC6;MCM4;MCM8;PCNA;MCM6;GINS4;PSMD5;POLA1;PSMD14;CDC45;GINS2;ORC5;H2AZ2;PSMA7;PSMA6;DBF4;PSMB3;PSMC3;RFC2;PSMC5;PSMD7;PSMC4;PRIM2;KPNB1;MCM10;SLC19A1;H2AC6;CCNA2;MCM3;PSMC2;ANAPC7;UBE2D1;POLD2;PSMA4;ORC4;PSMB2;PSMC1;PSME4;PSMD2;ANAPC1;CUL1;PSMB5;POLE2;CDK2;CCNE1;PSMD8;CDT1;PSME2;RFC3;CDC7;ANAPC15;PSMB8;PSMD3;PSMB4;PSMA3;PSMD4;CCNE2;RFC5;UBE2C;PSMB7
TegvsNC	Reactome_2022	DNA Strand Elongation R-HSA-69190	-2.39262792851	0	0	POLR1B;POLR1A;GINS3;FEN1;GINS1;MCM7;MCM5;MCM4;MCM8;PCNA;MCM6;GINS4;POLA1;CDC45;GINS2;RFC2;PRIM2;SLC19A1;MCM3;POLD2
TegvsNC	Reactome_2022	Dectin-1 Mediated Noncanonical NF-kB Signaling R-HSA-5607761	-2.01280155932	0	0.000806252427215	PSME3;PSMD12;PSMD11;PSMD5;PSMD14;MAP3K14;PSMA7;PSMA6;PSMB3;PSMC3;PSMC5;PSMD7;PSMC4;PSMC2;UBE2M;PSMA4;PSMB2;PSMC1;PSME4;PSMD2;CUL1;PSMB5;PSMD8;PSME2;CHUK;PSMB8;PSMD3;PSMB4;PSMA3;PSMD4
TegvsNC	Reactome_2022	Defective B3GALT6 Causes EDSP2 And SEMDJL1 R-HSA-4420332	1.7535016362	0.00568181818182	0.0150543056093	HSPG2;GPC3;AGRN;SDC2;GPC6;VCAN
TegvsNC	Reactome_2022	Defective B3GAT3 Causes JDSSDHD R-HSA-3560801	1.78203786648	0.00759013282732	0.0114863667068	HSPG2;GPC3;AGRN;SDC2;GPC6;VCAN
TegvsNC	Reactome_2022	Defective B4GALT7 Causes EDS, Progeroid Type R-HSA-3560783	1.81535420385	0.0018315018315	0.00758618528279	HSPG2;GPC3;AGRN;SDC2;GPC6;B4GALT7;VCAN
TegvsNC	Reactome_2022	Defective CFTR Causes Cystic Fibrosis R-HSA-5678895	-1.74215620448	0.00225225225225	0.0113366226705	PSME3;PSMD12;PSMD11;PSMD5;PSMD14;PSMA7;PSMA6;PSMB3;PSMC3;PSMC5;PSMD7;PSMC4;PSMC2;PSMA4;DERL2;PSMB2;PSMC1;VCP;PSME4;PSMD2;PSMB5;PSMD8;PSME2;PSMB8;PSMD3;PSMB4;PSMA3;RNF185;PSMD4
TegvsNC	Reactome_2022	Defective HDR Thru Homologous Recombination (HRR) Due To BRCA1 Loss-Of-Function R-HSA-9701192	-1.52818121587	0.0431965442765	0.0492273017149	RBBP8;TOP3A;BRCA2;XRCC2;BRCA1;EXO1;RAD51C;RAD51;RMI1;RAD51AP1;BRIP1;BARD1;BLM;PALB2
TegvsNC	Reactome_2022	Defective Homologous Recombination Repair (HRR) Due To BRCA2 Loss Of Function R-HSA-9701190	-1.71592231527	0.0089485458613	0.0138793393701	POLR1B;POLR1A;RBBP8;TOP3A;BRCA2;XRCC2;BRCA1;RFC2;EXO1;RAD51C;RAD51;RMI1;RAD51AP1;RAD9A;ATRIP;RFC3;BRIP1;BARD1;BLM;PALB2;RFC5
TegvsNC	Reactome_2022	Defective Pyroptosis R-HSA-9710421	-1.78075176664	0.00227272727273	0.00821734157268	H2AZ1;H2AX;H3-3B;EZH2;POLA1;DNMT1;H2AZ2;PRIM2;H2AC6;SUZ12;RBBP4
TegvsNC	Reactome_2022	Defective TPR May Confer Susceptibility Towards Thyroid Papillary Carcinoma (TPC) R-HSA-5619107	-1.58303363222	0.00883002207506	0.035069345772	NUP153;NUP98;NUP155;NUP62;NUP35;NUP188;SEH1L;NUP42;NUP43;NUP88;NUP50;NUP214;RANBP2;NUP37;POM121C;NDC1;NUP205
TegvsNC	Reactome_2022	Degradation Of AXIN R-HSA-4641257	-1.75019060598	0.00223214285714	0.0108993383679	PSME3;PSMD12;PSMD11;PSMD5;PSMD14;PSMA7;PSMA6;PSMB3;PSMC3;PSMC5;PSMD7;PSMC4;PSMC2;PSMA4;PSMB2;PSMC1;PSME4;PSMD2;AXIN2;PSMB5;PSMD8;PSME2;PSMB8;PSMD3;PSMB4;PSMA3;PSMD4
TegvsNC	Reactome_2022	Degradation Of Beta-Catenin By Destruction Complex R-HSA-195253	-1.81474825629	0	0.00581573551417	MYC;TCF7;PSME3;PSMD12;PSMD11;CSNK1A1;PPP2CA;PSMD5;PSMD14;PSMA7;PSMA6;PSMB3;PSMC3;PSMC5;PSMD7;AMER1;PSMC4;PSMC2;FRAT2;PSMA4;PSMB2;PSMC1;PSME4;FRAT1;PSMD2;AXIN2;CUL1;PSMB5;PSMD8;PPP2R5E;PSME2;GSK3B;PSMB8;PSMD3;PSMB4;PSMA3;PSMD4
TegvsNC	Reactome_2022	Degradation Of DVL R-HSA-4641258	-1.95048715671	0	0.00154722899735	PSME3;PSMD12;PSMD11;PSMD5;PSMD14;PSMA7;PSMA6;PSMB3;PSMC3;PSMC5;PSMD7;PSMC4;PSMC2;PSMA4;PSMB2;PSMC1;KLHL12;PSME4;CUL3;PSMD2;PSMB5;PSMD8;PSME2;PSMB8;PSMD3;PSMB4;PSMA3;PSMD4
TegvsNC	Reactome_2022	Degradation Of Extracellular Matrix R-HSA-1474228	1.82286987823	0	0.00717464743154	HSPG2;PLG;CTSD;CAPN12;COL18A1;CTSB;COL9A2;ADAM10;LAMA5;BSG;LAMB1;LAMC1;NCSTN;MMP11;COL9A3;TMPRSS6;TIMP2;ADAM9;CAPN2;NID1
TegvsNC	Reactome_2022	Degradation Of GLI1 By Proteasome R-HSA-5610780	-1.80820031523	0	0.00604689320411	PSME3;PSMD12;PSMD11;PSMD5;PSMD14;PSMA7;PSMA6;PSMB3;PSMC3;PSMC5;PSMD7;PSMC4;PSMC2;PSMA4;PSMB2;PSMC1;PSME4;PSMD2;CUL1;PSMB5;PSMD8;PSME2;PSMB8;PSMD3;PSMB4;PSMA3;PSMD4;PSMB7;PRKACB;GLI1
TegvsNC	Reactome_2022	Degradation Of GLI2 By Proteasome R-HSA-5610783	-1.92491977995	0	0.00197083926653	PSME3;PSMD12;PSMD11;CSNK1A1;PSMD5;PSMD14;PSMA7;PSMA6;PSMB3;PSMC3;PSMC5;PSMD7;PSMC4;PSMC2;PSMA4;PSMB2;PSMC1;PSME4;PSMD2;CUL1;PSMB5;PSMD8;PSME2;GSK3B;PSMB8;PSMD3;PSMB4;PSMA3;PSMD4
TegvsNC	Reactome_2022	Deposition Of New CENPA-containing Nucleosomes At Centromere R-HSA-606279	-1.79167318853	0.004662004662	0.00727333538837	H2AZ1;H2AX;CENPO;CENPN;RUVBL1;CENPX;H2AZ2;CENPM;H2AC6;CENPA;RBBP4;MIS18A;CENPL;CENPU;OIP5;RBBP7;NPM1;CENPK
TegvsNC	Reactome_2022	Deubiquitination R-HSA-5688426	-1.55291544067	0	0.0418803344137	MYC;SIAH2;ADRM1;PSME3;INO80;EP300;PSMD12;CDC25A;CDC20;USP7;PSMD11;HIF1A;TGFBR2;RUVBL1;USP22;OTUD7B;TRIM25;RIPK2;PSMD5;PSMD14;TRAF3;BRCA1;PSMA7;PSMA6;SMAD1;CLSPN;TP53;HCFC1;PSMB3;PSMC3;CNKSR3;MDM2;NFKBIA;PSMC5;PSMD7;UCHL5;PSMC4;YY1;KEAP1;H2AC6;CCNA2;PSMC2;TADA2B;UBE2D1;USP14;PSMA4;PSMB2;PSMC1;VCP;USP2;PSME4;FOXK2;UFD1;TFPT;PSMD2;AXIN2;ATXN7;RCE1;PSMB5;PSMD8;PSME2;MCRS1;WDR20;TADA3;ACTR5;UCHL3;STAMBP;MUL1;SMAD7;PSMB8;PSMD3;PSMB4;BARD1;PSMA3;USP42;PSMD4;PTRH2;RIPK1;JOSD1;TAF9B;CYLD;ZRANB1;PSMB7;IKBKG
TegvsNC	Reactome_2022	Diseases Of Carbohydrate Metabolism R-HSA-5663084	1.99854128854	0	0.000667612968054	GBE1;UBC;GYS1;G6PC1;PPP1R3C;GNS;KHK;GAA;GLB1;SLC37A4;GUSB;IDS
TegvsNC	Reactome_2022	Diseases Of DNA Repair R-HSA-9675135	-1.64320941444	0.0111607142857	0.0229842758211	POLR1B;POLR1A;RBBP8;TOP3A;BRCA2;XRCC2;BRCA1;RFC2;MSH2;EXO1;RAD51C;RAD51;RMI1;RAD51AP1;NEIL3;RAD9A;ATRIP;RFC3;BRIP1;BARD1;BLM;PALB2;RFC5;MSH6;RAD51D;PMS2;ARTN;RFC4;MLH1;RPA3
TegvsNC	Reactome_2022	Diseases Of Mitotic Cell Cycle R-HSA-9675126	-1.82631094546	0	0.00534386398865	CDKN1A;CDK4;UBE2S;E2F2;CCND1;TFDP1;E2F1;E2F3;DAXX;ANAPC7;UBE2D1;ANAPC1;CCND3;CDK2;CCNE1;ANAPC15;TFDP2;CCNE2;UBE2C;CDKN1B
TegvsNC	Reactome_2022	Diseases Of Programmed Cell Death R-HSA-9645723	-1.75867343728	0	0.010137274954	JUN;H2AZ1;CDC25A;H2AX;LMNB1;H3-3B;EZH2;POLA1;CASP8;CDK5R1;DNMT1;C1QBP;H2AZ2;TP53;FOXO3;FADD;PRIM2;H2AC6;PRDX1;SUZ12
TegvsNC	Reactome_2022	Dopamine Neurotransmitter Release Cycle R-HSA-212676	1.62702447863	0.0126126126126	0.0461885464206	PPFIA4;UNC13B;RAB3A;VAMP2;STXBP1;LIN7A;PPFIA3;PPFIA1;SYN3
TegvsNC	Reactome_2022	Downstream Signaling Events Of B Cell Receptor (BCR) R-HSA-1168372	-1.99127339518	0	0.00102332038839	PSME3;PSMD12;PSMD11;PPP3R1;NFKBIB;NFKB1;PSMD5;PSMD14;PSMA7;PSMA6;PSMB3;PSMC3;NFKBIA;PSMC5;PSMD7;PSMC4;PSMC2;FKBP1A;PSMA4;PSMB2;PSMC1;HRAS;PSME4;PSMD2;CUL1;PSMB5;NFKBIE;NFATC3;PSMD8;PSME2;CHUK;CALM1;PPIA;PSMB8;PSMD3;PSMB4;PSMA3;PSMD4
TegvsNC	Reactome_2022	Downstream TCR Signaling R-HSA-202424	-1.70891342077	0	0.0145705095507	PSME3;PSMD12;PSMD11;NFKB1;RIPK2;PSMD5;PSMD14;PSMA7;PSMA6;PSMB3;PSMC3;NFKBIA;PSMC5;PSMD7;PSMC4;UBE2D2;PSMC2;UBE2D1;PSMA4;PSMB2;PSMC1;PSME4;PSMD2;CUL1;PSMB5;PSMD8;PDPK1;PSME2;CHUK;PIK3R1;PSMB8;PSMD3;PSMB4;PSMA3;PSMD4;PSMB7;IKBKG;CDC34
TegvsNC	Reactome_2022	Dual Incision In TC-NER R-HSA-6782135	-1.59646376692	0.00982800982801	0.0318494692225	POLR2D;POLR1B;POLE3;PRPF19;POLR1A;EP300;USP7;TCEA1;PCNA;POLR2A;GTF2H1;ERCC4;RFC2;GTF2H2;SLC19A1;POLR2J;POLR2I;POLD2;GTF2H3
TegvsNC	Reactome_2022	E2F Mediated Regulation Of DNA Replication R-HSA-113510	-1.91246769715	0.00214132762313	0.00234561322279	PPP2CA;ORC6;MCM8;TFDP1;POLA1;E2F1;ORC5;PRIM2;ORC4
TegvsNC	Reactome_2022	ECM Proteoglycans R-HSA-3000178	2.083306076	0	0.000149395908935	HSPG2;PTPRS;AGRN;ITGA2;SERPINE1;COL9A2;ITGB5;LAMA5;VTN;MATN3;LAMB1;LAMC1;TNXB;COL9A3;SPARC;ITGB1;VCAN;ITGAV;TGFB1;ITGAX;DMTF1;ITGA9;TGFB2;ITGA2B
TegvsNC	Reactome_2022	EML4 And NUDC In Mitotic Spindle Formation R-HSA-9648025	-1.693403435	0	0.0167278812097	DYNLL2;RCC2;BIRC5;SKA1;DYNC1LI1;PLK1;CDC20;NUP98;PPP2CA;CLIP1;CENPO;CENPN;MAPRE1;ZWINT;SEH1L;NUP43;CENPM;RANGAP1;XPO1;CDCA8;PAFAH1B1;NDC80;SPDL1;CENPA;DYNLL1;MAD1L1;NUDC;DSN1;ZWILCH;PPP2R5E;CENPL;ERCC6L;SPC25;CENPU;CLASP2;MIS12;RANBP2;AHCTF1;CENPK;ZW10;KIF2A;NUP37
TegvsNC	Reactome_2022	ER To Golgi Anterograde Transport R-HSA-199977	1.82807588235	0	0.00703693037728	COL7A1;SEC24D;SERPINA1;F5;ARFGAP1;LMAN1;GOLGA2;SEC24A;SEC31A;COPA;USO1;SEC23A;SPTAN1;GOLGB1;COPG1;MIA3;CTSZ;ARFGAP3;KDELR3;COPB1;COG6;DYNC1I2;COG3;PPP6R1;TMED7;SPTBN1;SEC24C;PREB;ARCN1;TRAPPC4;COPG2;TRAPPC6A;KDELR2;SEC13;SEC24B;TRAPPC9;COG7;SCFD1;TMED9;ANK2;COG5;COPB2;STX17
TegvsNC	Reactome_2022	ESR-mediated Signaling R-HSA-8939211	-1.63253680544	0.0025974025974	0.0248641747127	MYC;GPAM;JUN;H2AZ1;CREBBP;POLR2D;SRC;RUNX1;EP300;H2AX;PIK3R3;ZNF217;H3-3B;CCND1;TNRC6C;SPHK1;POLR2A;SRF;FKBP4;H2AZ2;FKBP5;FOXO3;FOS;YY1;XPO1;FOXA1;NRIP1;GTF2F1;HSP90AA1;POLR2J;H2AC6;POLR2I;CHD1;EBAG9;PTGES3;HRAS;PPP5C;GTF2A2;CCNT1;CBFB;PDPK1;SMC1A;POLR2G;NCOA3;CALM1;NR5A2;POLR2L;CXXC5;PIK3R1;GNAI2;CARM1;JUND;PRMT1;GTF2F2;PPID;CDK9;TBP;CDKN1B;POLR2B
TegvsNC	Reactome_2022	Elastic Fibre Formation R-HSA-1566948	1.69426544865	0.00362976406534	0.0269636631642	LOX;ITGB5;VTN;EFEMP2;LTBP3;LOXL4;LOXL2;BMP4;FBLN1;FBN3;ITGB1;LOXL3;ITGAV;TGFB1;FBN1;TGFB2;FBLN5
TegvsNC	Reactome_2022	Epigenetic Regulation Of Gene Expression R-HSA-212165	-1.71110153912	0	0.0142779887723	BAZ1B;H2AZ1;TET3;UHRF1;POLR1B;GATAD2A;MTA2;DDX56;POLR1G;POLR1A;EP300;H2AX;MYBBP1A;UBTF;H3-3B;EZH2;CHD4;GTF2H1;POLR1F;AEBP2;DNMT1;H2AZ2;RRP8;GTF2H2;SIRT1;H2AC6;SUZ12;GTF2H3;DEK;RBBP4;POLR1E;SAP30BP;SAP130;PHF19;GSK3B;TAF1A;GATAD2B;CCNH;TAF1B;POLR2L;HDAC2
TegvsNC	Reactome_2022	Estrogen-dependent Gene Expression R-HSA-9018519	-1.79972446567	0.00237529691211	0.00664308752769	MYC;GPAM;JUN;H2AZ1;CREBBP;POLR2D;RUNX1;EP300;H2AX;ZNF217;H3-3B;CCND1;TNRC6C;POLR2A;FKBP4;H2AZ2;FOS;YY1;FOXA1;NRIP1;GTF2F1;HSP90AA1;POLR2J;H2AC6;POLR2I;CHD1;EBAG9;PTGES3;GTF2A2;CCNT1;CBFB;SMC1A;POLR2G;NCOA3;NR5A2;POLR2L;CXXC5;CARM1;JUND;PRMT1;GTF2F2;CDK9;TBP;POLR2B
TegvsNC	Reactome_2022	Eukaryotic Translation Elongation R-HSA-156842	2.10528964664	0	0.000102709687393	RPL4;RPL23A;EEF1A1;RPL31;EEF1G;RPL3;RPS4Y1;RPL7;RPL5;RPL7A;RPL23;RPL18;EEF2;RPL14;RPL29;RPL27A;RPS25;RPS4X;RPL18A;RPL22;RPS3A;RPL27;RPL26;RPS7;RPS15A;RPL15;RPS8;RPS6;RPS24;RPS12;RPL12;EEF1B2;RPS10;RPS9;RPL9;RPS3;RPL28;RPL11;RPL36AL;RPL8;RPL13A;RPLP0;RPS14;RPS5;RPLP1;RPS11;RPS2;RPL32;RPS20;RPL34;RPS17
TegvsNC	Reactome_2022	Eukaryotic Translation Termination R-HSA-72764	1.89359098631	0	0.00334757499651	RPL4;RPL23A;RPL31;RPL3;RPS4Y1;RPL7;RPL5;RPL7A;RPL23;RPL18;RPL14;RPL29;RPL27A;RPS25;RPS4X;RPL18A;RPL22;RPS3A;RPL27;RPL26;RPS7;RPS15A;RPL15;RPS8;RPS6;RPS24;RPS12;RPL12;RPS10;RPS9;RPL9;RPS3;RPL28;RPL11;RPL36AL;RPL8;RPL13A;RPLP0;RPS14;RPS5;RPLP1;RPS11;RPS2;RPL32;RPS20;RPL34;RPS17
TegvsNC	Reactome_2022	Export Of Viral Ribonucleoproteins From Nucleus R-HSA-168274	-1.67051692864	0.00215517241379	0.0195492638967	NUP153;NUP98;NUP155;NUP62;NUP35;NUP188;SEH1L;NUP42;NUP43;XPO1;RAN;NUP88;NUP50;NUP214;PBRM1;RANBP2;NUP37;POM121C;NDC1;NUP205
TegvsNC	Reactome_2022	Extension Of Telomeres R-HSA-180786	-1.89363889308	0.00223713646532	0.00270990399147	DKC1;POLR1B;POLR1A;FEN1;RUVBL1;PCNA;CHTF8;GAR1;POLA1;WRAP53;RFC2;PRIM2;TERF2;SLC19A1;CCNA2;POLD2;ACD;PPP6R3;CDK2;NOP10;RFC3;TERF2IP;TERF1;BLM;RFC5;SHQ1
TegvsNC	Reactome_2022	Extracellular Matrix Organization R-HSA-1474244	2.21868464876	0	0	COL7A1;PLOD2;HSPG2;P4HA1;P4HA2;PLG;PLOD1;PTPRS;AGRN;FN1;DDR1;COL27A1;ITGA1;CTSD;CAPN12;COL18A1;LOX;ITGA2;CTSB;SERPINE1;PDGFB;TTR;CEACAM1;COL9A2;ITGB5;ADAM10;PLEC;DST;LAMA5;VTN;BSG;EFEMP2;MATN3;LAMB1;ACTN1;LAMC1;ITGB2;NCSTN;LTBP3;MMP11;TNXB;COL6A1;LOXL4;COL9A3;P3H3;LOXL2;TMPRSS6;P4HB;BMP4;FBLN1;COL2A1;COL4A5;TIMP2;P3H1;F11R;SPARC;SDC2;TRAPPC4;PCOLCE2;ADAM9;ITGAL;CAPN2;NID1;FBN3;ICAM5;ITGB1;CAPN1;LOXL3;PRKCA;CD151;VCAN;PCOLCE;MMP14;ITGAV;ITGB4;CTSL;SH3PXD2A;CTSK
TegvsNC	Reactome_2022	FBXL7 Down-Regulates AURKA During Mitotic Entry And In Early Mitosis R-HSA-8854050	-1.99385766836	0	0.00101670279622	PSME3;PSMD12;PSMD11;PSMD5;PSMD14;PSMA7;PSMA6;PSMB3;PSMC3;PSMC5;PSMD7;PSMC4;PSMC2;PSMA4;PSMB2;PSMC1;PSME4;FBXL18;PSMD2;CUL1;PSMB5;AURKA;PSMD8;PSME2;PSMB8;PSMD3;PSMB4;PSMA3;PSMD4
TegvsNC	Reactome_2022	FCERI Mediated NF-kB Activation R-HSA-2871837	-1.82928728631	0	0.00523739251648	PSME3;PSMD12;PSMD11;NFKB1;PSMD5;PSMD14;PSMA7;PSMA6;PSMB3;PSMC3;LYN;NFKBIA;PSMC5;PSMD7;PSMC4;UBE2D2;PSMC2;UBE2D1;PSMA4;PSMB2;PSMC1;PSME4;PSMD2;CUL1;PSMB5;PSMD8;PDPK1;PSME2;CHUK;PSMB8;PSMD3;PSMB4;PSMA3;PSMD4;PSMB7;IKBKG;CDC34
TegvsNC	Reactome_2022	Fatty Acid Metabolism R-HSA-8978868	1.67255610397	0	0.0321041137165	SCD;CYP1A1;ACSL4;ACOX1;ACAD11;ACADVL;FASN;PCCA;PRKAB2;ACSF2;ACLY;PHYH;LTA4H;ACBD5;MMUT;CRAT;ECI2;ACAD10;CPT1A;CYP4F3;GPX4;ACBD4;CYP2J2;CYP4F2;GGT1;EPHX2;ACAA1;PRXL2B;ACADS;SLC25A1;MCEE;ACSL6;ACSL3;PRKAA2;ACOT11;ACOX2;ACAA2;FADS2;ACSL5;RXRA;ELOVL6;GGT5
TegvsNC	Reactome_2022	Formation Of A Pool Of Free 40S Subunits R-HSA-72689	1.86962302274	0	0.00408348817756	RPL4;RPL23A;EIF3L;RPL31;RPL3;RPS4Y1;EIF3D;RPL7;RPL5;RPL7A;RPL23;RPL18;RPL14;RPL29;RPL27A;RPS25;EIF3E;RPS4X;RPL18A;EIF3H;RPL22;RPS3A;RPL27;RPL26;RPS7;RPS15A;RPL15;EIF3A;RPS8;RPS6;RPS24;RPS12;RPL12;EIF3F;RPS10;RPS9;RPL9;RPS3;RPL28;RPL11;RPL36AL;RPL8;RPL13A;RPLP0;RPS14;RPS5;RPLP1;RPS11;RPS2;RPL32;RPS20;RPL34;RPS17
TegvsNC	Reactome_2022	Formation Of HIV Elongation Complex In Absence Of HIV Tat R-HSA-167152	-1.68573051278	0.00717703349282	0.0175932242605	POLR2D;ELOA;TCEA1;POLR2A;GTF2H1;SSRP1;ELOC;GTF2H2;GTF2F1;POLR2J;POLR2I;GTF2H3;NCBP1;CCNT1;SUPT16H;CCNK;POLR2G;CCNH;POLR2L;ELOB;NELFA;GTF2F2;CDK9;POLR2B;SUPT4H1;POLR2F;NELFE
TegvsNC	Reactome_2022	Formation Of HIV-1 Elongation Complex Containing HIV-1 Tat R-HSA-167200	-1.66586223618	0.00705882352941	0.020237126077	POLR2D;ELOA;TCEA1;POLR2A;GTF2H1;SSRP1;ELOC;GTF2H2;GTF2F1;POLR2J;POLR2I;GTF2H3;NCBP1;CCNT1;SUPT16H;POLR2G;CCNH;POLR2L;ELOB;NELFA;GTF2F2;CDK9;POLR2B;SUPT4H1;POLR2F;NELFE
TegvsNC	Reactome_2022	Formation Of RNA Pol II Elongation Complex R-HSA-112382	-1.64687960794	0.00710900473934	0.0224611409886	POLR2D;ELOA;TCEA1;POLR2A;GTF2H1;EAF1;SSRP1;ELOC;GTF2H2;GTF2F1;POLR2J;POLR2I;SUPT6H;MLLT1;GTF2H3;NCBP1;CCNT1;PAF1;SUPT16H;CCNK;CDC73;POLR2G;CCNH;POLR2L;ELOB;NELFA;GTF2F2;CDK9;POLR2B;SUPT4H1;POLR2F
TegvsNC	Reactome_2022	Formation Of beta-catenin:TCF Transactivating Complex R-HSA-201722	-1.99555556348	0	0.00101323389711	MYC;H2AZ1;CREBBP;TCF7;EP300;H2AX;BCL9L;H3-3B;RUVBL1;H2AZ2;KMT2D;ASH2L;H2AC6;RBBP5
TegvsNC	Reactome_2022	G0 And Early G1 R-HSA-1538133	-1.90203417525	0	0.00245135329562	MYC;CDC6;CDC25A;MYBL2;PCNA;TFDP1;E2F1;DYRK1A;E2F4;RBL1;CCNA2;RBBP4;CDK2;CCNE1;E2F5;MAX;LIN52;TFDP2;LIN9
TegvsNC	Reactome_2022	G1/S DNA Damage Checkpoints R-HSA-69615	-2.01035541755	0	0.000901834932227	PSME3;CDKN1A;PSMD12;CDC25A;PSMD11;PSMD5;PSMD14;PSMA7;PSMA6;TP53;PSMB3;PSMC3;MDM2;PSMC5;PSMD7;PSMC4;CCNA2;PSMC2;PSMA4;PSMB2;PSMC1;PSME4;PSMD2;PSMB5;CDK2;CCNE1;PSMD8;PSME2;PHF20;PSMB8;PSMD3;PSMB4;PSMA3;PCBP4;PSMD4;CCNE2;CDKN1B;PSMB7
TegvsNC	Reactome_2022	G1/S Transition R-HSA-69206	-2.53350874531	0	0	MYC;POLR1B;POLE3;E2F6;CDC6;PSME3;POLR1A;CDKN1A;PSMD12;CDC25A;CDK4;PSMD11;PPP2CA;MCM7;MCM5;ORC6;MCM4;MCM8;PCNA;CCND1;MCM6;TFDP1;PSMD5;POLA1;PSMD14;CDC45;E2F1;TK1;ORC5;PSMA7;PSMA6;DHFR;DBF4;PSMB3;PSMC3;TYMS;PSMC5;PSMD7;RRM2;PSMC4;E2F4;PRIM2;MCM10;RBL1;CCNA2;MCM3;PSMC2;PSMA4;ORC4;PSMB2;PSMC1;RBBP4;PSMD2;CUL1;CABLES1;PSMB5;POLE2;CDK2;CCNE1;PSMD8;CDT1;E2F5;PSME2;FBXO5;CDC7;CCNH;MAX;CKS1B;LIN52;TFDP2;LIN9;PSMB8;PSMD3;PSMB4;PSMA3;PSMD4
TegvsNC	Reactome_2022	G1/S-Specific Transcription R-HSA-69205	-2.0226781843	0	0.000790194988937	E2F6;CDC6;CDC25A;PCNA;TFDP1;POLA1;CDC45;E2F1;TK1;DHFR;TYMS;RRM2;E2F4;RBL1;RBBP4;CCNE1;CDT1;E2F5;FBXO5;LIN52;TFDP2;LIN9
TegvsNC	Reactome_2022	G2/M Checkpoints R-HSA-69481	-2.16678199316	0	0.00016989993677	POLR1B;CDC6;PSME3;PKMYT1;POLR1A;PSMD12;CDC25A;RBBP8;H2AX;PSMD11;TOP3A;MCM7;MCM5;ORC6;MCM4;MCM8;YWHAB;MCM6;YWHAH;PSMD5;PSMD14;CDC45;BRCA1;ORC5;PSMA7;PSMA6;CLSPN;TP53;DBF4;PSMB3;PSMC3;YWHAG;RFC2;EXO1;PSMC5;PSMD7;PSMC4;YWHAQ;MCM10;MCM3;PSMC2;RMI1;PSMA4;ORC4;PSMB2;PSMC1;PSME4;RAD9A;PSMD2;ATRIP;PSMB5;CDK2;PSMD8;PSME2;RFC3;CDC7;BRIP1;PSMB8;PSMD3;PSMB4;BARD1;PSMA3;PSMD4
TegvsNC	Reactome_2022	G2/M Transition R-HSA-69275	-1.67266475205	0	0.019504098351	AJUBA;PHLDA1;PSME3;PKMYT1;CDKN1A;EP300;PSMD12;CDC25A;MYBL2;PLK1;PSMD11;PPP2CA;FOXM1;HAUS2;MAPRE1;PSMD5;PSMD14;PPP2R2A;PSMA7;PSMA6;TP53;PSMB3;PSMC3;YWHAG;PSMC5;PSMD7;PSMC4;XPO1;HSP90AA1;SSNA1;CCNA2;PSMC2;PAFAH1B1;HAUS8;RAB8A;PSMA4;PSMB2;CEP78;PSMC1;PSME4;FBXL18;TPX2;DYNLL1;RBBP4;PSMD2;CUL1;BORA;PSMB5;AURKA;CDK2;PSMD8;PSME2;CEP72;FKBPL;HAUS7;CEP43;TUBB4B;PCNT;CCNH;TUBGCP3;LIN52;LIN9;PSMB8;PSMD3;PSMB4
TegvsNC	Reactome_2022	GAG Synthesis Requires Tetrasaccharide Linker Sequence R-HSA-1971475	1.8600707636	0	0.00480923006851	HSPG2;GPC3;AGRN;XYLT2;SDC2;GPC6;B4GALT7;VCAN
TegvsNC	Reactome_2022	GLI3 Is Processed To GLI3R By Proteasome R-HSA-5610785	-1.92491977995	0	0.00197083926653	PSME3;PSMD12;PSMD11;CSNK1A1;PSMD5;PSMD14;PSMA7;PSMA6;PSMB3;PSMC3;PSMC5;PSMD7;PSMC4;PSMC2;PSMA4;PSMB2;PSMC1;PSME4;PSMD2;CUL1;PSMB5;PSMD8;PSME2;GSK3B;PSMB8;PSMD3;PSMB4;PSMA3;PSMD4
TegvsNC	Reactome_2022	GSK3B And BTRC:CUL1-mediated-degradation Of NFE2L2 R-HSA-9762114	-2.01768659772	0	0.00079837238806	NFE2L2;PSME3;PSMD12;PSMD11;PSMD5;PSMD14;PSMA7;PSMA6;PSMB3;PSMC3;PSMC5;PSMD7;PSMC4;PSMC2;PSMA4;PSMB2;PSMC1;PSMD2;CUL1;PSMB5;PSMD8;PSME2;GSK3B;PSMB8;PSMD3;PSMB4;PSMA3;PSMD4
TegvsNC	Reactome_2022	Gap-filling DNA Repair Synthesis And Ligation In TC-NER R-HSA-6782210	-1.66932280054	0.00952380952381	0.0196091501667	POLR2D;POLR1B;POLE3;PRPF19;POLR1A;EP300;USP7;TCEA1;PCNA;POLR2A;GTF2H1;RFC2;LRIG3;GTF2H2;SLC19A1;POLR2J;POLR2I;POLD2;GTF2H3;POLE2;RFC3;POLR2G;CCNH;POLR2L;RFC5;PPIE;POLR2B;POLR2F;LRIG1
TegvsNC	Reactome_2022	Gene Silencing By RNA R-HSA-211000	-1.77999709096	0	0.00822004210747	H2AZ1;NUP153;POLR2D;NUP98;NUP155;H2AX;PLD6;H3-3B;DGCR8;NUP62;TSN;TNRC6C;POLR2A;NUP35;NUP188;H2AZ2;SEH1L;NUP42;NUP43;RAN;HSP90AA1;POLR2J;H2AC6;POLR2I;ELAC2;NUP88;XPO5;NUP50
TegvsNC	Reactome_2022	Glucagon-like Peptide-1 (GLP1) Regulates Insulin Secretion R-HSA-381676	1.62423403125	0.0109289617486	0.0470486449509	ITPR2;GNAS;ITPR3;IQGAP1;PRKAR1A;ADCY6;GNB5;ITPR1;PRKCA;GNG4;GNB3;GNG3
TegvsNC	Reactome_2022	Gluconeogenesis R-HSA-70263	1.84276346695	0	0.00598650749376	PGK1;PCK1;ENO2;ALDOC;ENO1;TPI1;G6PC1;PROC;SLC25A1;SLC37A4;ENO3
TegvsNC	Reactome_2022	Glutamate Neurotransmitter Release Cycle R-HSA-210500	1.75910899176	0.00746268656716	0.0145315187348	PPFIA4;UNC13B;SLC1A2;SLC1A7;RAB3A;VAMP2;STXBP1;SLC38A2;ARL6IP5;PPFIA3;PPFIA1
TegvsNC	Reactome_2022	Glycogen Metabolism R-HSA-8982491	2.02051578656	0	0.000645603749327	PHKA2;GBE1;PGM1;PYGL;UBC;GYS1;PPP1R3C;UGP2;PHKB;GAA
TegvsNC	Reactome_2022	Glycosphingolipid Metabolism R-HSA-1660662	1.69506946199	0.00881834215168	0.0274805474713	GBA2;SUMF2;ARSG;GLB1;CERK;ARSA;ESYT2;HEXB;EGFL7;NAT8;GM2A;ASAH1;HEXA;UGCG;ARSL;ARSD;ENPP7
TegvsNC	Reactome_2022	HATs Acetylate Histones R-HSA-3214847	-1.73785849445	0	0.0117552587754	CREBBP;EP300;EP400;TAF5L;JADE2;RUVBL1;USP22;KANSL3;JADE1;HCFC1;BRD1;MSL2;KANSL2;YEATS4;ELP5;ING3;EPC1;KAT7;VPS72;H2AC6;ELP6;SUPT7L;TADA2B;ATXN7;KAT6A;HAT1;CLOCK;MCRS1;TADA3;ZZZ3;SAP130;DR1;WDR5;SGF29;PHF20;BRPF3
TegvsNC	Reactome_2022	HCMV Early Events R-HSA-9609690	-1.63522027847	0.00705882352941	0.0244782430178	NUP153;DYNLL2;DYNC1LI1;NUP98;NUP155;TRIM28;NUP62;NFKB1;EZH2;NUP35;NUP188;SEH1L;NUP42;NUP43;DAXX;H2AC6;SUZ12;TBL1XR1;NUP88;RRM1;DYNLL1;RBBP4;NUP50
TegvsNC	Reactome_2022	HCMV Infection R-HSA-9609646	-1.56177691853	0.0047619047619	0.0400650877208	NUP153;DYNLL2;DYNC1LI1;NUP98;NUP155;TRIM28;NUP62;NFKB1;EZH2;NUP35;NUP188;VPS37B;SEH1L;NUP42;NUP43;MVB12B;DAXX;UBAP1;H2AC6;SUZ12;TBL1XR1;NUP88;RRM1;DYNLL1;RBBP4;NUP50;HNRNPK;CHMP4C;NUP214;CBX1;VPS37C;CHMP6;CHMP1A;DUT;RANBP2;CHMP2B;RBBP7;VPS4A;NUP37;SNF8;POM121C;NDC1;NUP205;EED
TegvsNC	Reactome_2022	HDR Thru Homologous Recombination (HRR) Or Single Strand Annealing (SSA) R-HSA-5693567	-1.61744310586	0	0.0274675626259	POLR1B;POLE3;POLR1A;RBBP8;H2AX;ABL1;TOP3A;BRCA2;XRCC2;PCNA;XRCC3;ERCC4;BRCA1;CLSPN;RFC2;TIPIN;EXO1;SLC19A1;RAD51C;CCNA2;RAD51;RMI1;POLD2;RAD51AP1;RAD9A;ATRIP;RNF4;POLE2;CDK2;SIRT6;GEN1
TegvsNC	Reactome_2022	HDR Thru Homologous Recombination (HRR) R-HSA-5685942	-1.60593031117	0.00892857142857	0.0298158974722	POLR1B;POLE3;POLR1A;RBBP8;TOP3A;BRCA2;XRCC2;PCNA;XRCC3;BRCA1;RFC2;EXO1;SLC19A1;RAD51C;RAD51;RMI1;POLD2;RAD51AP1;RAD9A;ATRIP;POLE2;GEN1;RFC3;BRIP1;BARD1;BLM;PALB2;RFC5
TegvsNC	Reactome_2022	HDR Thru Single Strand Annealing (SSA) R-HSA-5685938	-1.63894369762	0.0129589632829	0.0236932359472	POLR1B;POLR1A;RBBP8;ABL1;TOP3A;ERCC4;BRCA1;RFC2;EXO1;RAD51;RMI1;RAD9A;ATRIP;RFC3;BRIP1;BARD1;BLM;RFC5
TegvsNC	Reactome_2022	HIV Elongation Arrest And Recovery R-HSA-167287	-1.87499799223	0.00446428571429	0.0033957027903	POLR2D;ELOA;TCEA1;POLR2A;SSRP1;ELOC;GTF2F1;POLR2J;POLR2I;CCNT1;SUPT16H;CCNK;POLR2G;POLR2L;ELOB;NELFA;GTF2F2;CDK9;POLR2B;SUPT4H1;POLR2F;NELFE
TegvsNC	Reactome_2022	HIV Infection R-HSA-162906	-1.98531211886	0	0.00108685988963	FURIN;NUP153;POLR2D;PSME3;PSMD12;RCC1;NUP98;NUP155;PSMD11;TAF3;FEN1;ELOA;RANBP1;NUP62;TCEA1;XRCC6;AP1S3;POLR2A;GTF2H1;PSMD5;NUP35;PSMD14;NUP188;VPS37B;SSRP1;TAF7;PSMA7;PSMA6;PSMB3;PSMC3;ELOC;SEH1L;NUP42;NUP43;MVB12B;PSMC5;RANGAP1;PSMD7;PSMC4;UBAP1;XPO1;GTF2H2;RAN;KPNB1;GTF2F1;POLR2J;PSMC2;POLR2I;TAF13;AP1M2;GTF2H3;PSMA4;NUP88;NCBP1;PSMB2;PSMC1;PSME4;GTF2A2;PSIP1;CCNT1;SUPT16H;PSMD2;NUP50;PSMB5;PSMD8;CHMP4C;PSME2;CCNK;GTF2E1;NUP214;FYN;POLR2G;VPS37C;CHMP6;CCNH;TAF11;PPIA;POLR2L;ELOB;PSMB8;PSMD3;PSMB4;NELFA;PSMA3;RANBP2;PSMD4;TAF4;AP2S1;ELMO1;GTF2F2;CHMP2B;HMGA1;NPM1;TAF9B;CDK9;VPS4A;TBP;PSMB7;POLR2B;NUP37;SUPT4H1;AP1G1;BANF1;POLR2F;POM121C;VPS4B;LRIG1
TegvsNC	Reactome_2022	HIV Life Cycle R-HSA-162587	-1.90014290996	0	0.00245159010703	FURIN;NUP153;POLR2D;RCC1;NUP98;NUP155;TAF3;FEN1;ELOA;RANBP1;NUP62;TCEA1;XRCC6;POLR2A;GTF2H1;NUP35;NUP188;VPS37B;SSRP1;TAF7;ELOC;SEH1L;NUP42;NUP43;MVB12B;RANGAP1;UBAP1;XPO1;GTF2H2;RAN;GTF2F1;POLR2J;POLR2I;TAF13;GTF2H3;NUP88;NCBP1;GTF2A2;PSIP1;CCNT1;SUPT16H;NUP50;CHMP4C;CCNK;GTF2E1;NUP214;POLR2G;VPS37C;CHMP6;CCNH;TAF11;PPIA;POLR2L;ELOB;NELFA;RANBP2;TAF4;GTF2F2;CHMP2B;HMGA1;TAF9B;CDK9;VPS4A;TBP;POLR2B;NUP37;SUPT4H1;BANF1;POLR2F;POM121C;VPS4B;LRIG1;NDC1;NUP205;NELFE;TAF2
TegvsNC	Reactome_2022	HIV Transcription Initiation R-HSA-167161	-1.87415553602	0	0.00338737998934	POLR2D;TAF3;POLR2A;GTF2H1;TAF7;GTF2H2;GTF2F1;POLR2J;POLR2I;TAF13;GTF2H3;GTF2A2;GTF2E1;POLR2G;CCNH;TAF11;POLR2L;TAF4;GTF2F2;TAF9B;TBP;POLR2B;POLR2F;TAF2;ERCC3;TAF9;TAF15
TegvsNC	Reactome_2022	HS-GAG Biosynthesis R-HSA-2022928	1.88162631656	0	0.00352526152858	HSPG2;GPC3;AGRN;GLCE;NDST2;HS3ST3B1;SDC2;HS3ST5;SLC35D2;GPC6;HS3ST3A1;NDST1
TegvsNC	Reactome_2022	HS-GAG Degradation R-HSA-2024096	1.87765375877	0.00378071833648	0.0036205164806	HSPG2;GPC3;AGRN;GLB1;GUSB;IDS;SDC2;GPC6;SGSH;NAGLU
TegvsNC	Reactome_2022	HSF1 Activation R-HSA-3371511	-1.53846080194	0.0331125827815	0.0463209708951	POLR1B;POLR1A;DNAJB1;FKBP4;HSPH1;DNAJB6;HSP90AA1;TNFRSF21;MRPL18;PTGES3;VCP
TegvsNC	Reactome_2022	HSF1-dependent Transactivation R-HSA-3371571	-1.77656878295	0.0046403712297	0.00850006008162	CREBBP;EP300;RPTOR;DNAJB1;FKBP4;AKT1S1;HSPH1;DNAJB6;HSP90AA1;TNFRSF21;MRPL18;PTGES3
TegvsNC	Reactome_2022	HSP90 Chaperone Cycle For Steroid Hormone Receptors (SHR) In Presence Of Ligand R-HSA-3371497	-1.81878978916	0.00211416490486	0.00562840046006	DYNLL2;DNAJA1;DYNC1LI1;NR3C1;DNAJB1;FKBP4;FKBP5;DCTN5;HSP90AA1;STIP1;PTGES3;DYNLL1
TegvsNC	Reactome_2022	Hedgehog Ligand Biogenesis R-HSA-5358346	-1.67246061471	0	0.0194572541665	PSME3;PSMD12;PSMD11;PSMD5;PSMD14;PSMA7;PSMA6;PSMB3;PSMC3;PSMC5;PSMD7;PSMC4;PSMC2;PSMA4;DERL2;PSMB2;PSMC1;VCP;PSME4;PSMD2;PSMB5;PSMD8;PSME2;PSMB8;PSMD3;PSMB4;ADAM17;PSMA3;PSMD4
TegvsNC	Reactome_2022	Hedgehog On State R-HSA-5632684	-1.72946145377	0	0.0125473982964	SMOX;PSME3;PSMD12;PSMD11;CSNK1A1;PSMD5;PSMD14;PSMA7;PSMA6;PSMB3;PSMC3;PSMC5;PSMD7;PSMC4;SPOP;PSMC2;PSMA4;PSMB2;PSMC1;PSME4;CUL3;PSMD2;PSMB5;PSMD8;PSME2;CDC73;SMURF1;KIF7;PSMB8;PSMD3;PSMB4;PSMA3;PSMD4;EFCAB7
TegvsNC	Reactome_2022	Heme Degradation R-HSA-189483	1.7908039058	0.00562851782364	0.0102797099893	ABCC2;UGT1A1;ALB;FABP1;GUSB;BLVRB;BLVRA;ABCG2;ABCC1;SLCO2B1
TegvsNC	Reactome_2022	Heparan Sulfate/Heparin (HS-GAG) Metabolism R-HSA-1638091	2.03125758258	0	0.000616258124357	HSPG2;GPC3;AGRN;GLCE;GLB1;XYLT2;GUSB;IDS;NDST2;HS3ST3B1;SDC2;HS3ST5;SLC35D2;GPC6;B4GALT7;VCAN;HS3ST3A1;NDST1;SGSH;NAGLU
TegvsNC	Reactome_2022	Hh Mutants Abrogate Ligand Secretion R-HSA-5387390	-1.76583980294	0	0.00948544853993	PSME3;PSMD12;PSMD11;PSMD5;PSMD14;PSMA7;PSMA6;PSMB3;PSMC3;PSMC5;PSMD7;PSMC4;PSMC2;PSMA4;DERL2;PSMB2;PSMC1;VCP;PSME4;PSMD2;PSMB5;PSMD8;PSME2;PSMB8;PSMD3;PSMB4;PSMA3;PSMD4
TegvsNC	Reactome_2022	Hh Mutants Are Degraded By ERAD R-HSA-5362768	-1.7749808817	0	0.00862242179105	PSME3;PSMD12;PSMD11;PSMD5;PSMD14;PSMA7;PSMA6;PSMB3;PSMC3;PSMC5;PSMD7;PSMC4;PSMC2;PSMA4;DERL2;PSMB2;PSMC1;VCP;PSME4;PSMD2;PSMB5;PSMD8;PSME2;PSMB8;PSMD3;PSMB4;PSMA3;PSMD4
TegvsNC	Reactome_2022	Homologous DNA Pairing And Strand Exchange R-HSA-5693579	-1.76879550326	0.00223713646532	0.00924228252811	POLR1B;POLR1A;RBBP8;TOP3A;BRCA2;XRCC2;XRCC3;BRCA1;RFC2;EXO1;RAD51C;RAD51;RMI1;RAD51AP1;RAD9A;ATRIP;RFC3;BRIP1;BARD1;BLM;PALB2;RFC5
TegvsNC	Reactome_2022	Homology Directed Repair R-HSA-5693538	-1.6801297719	0	0.0184030793451	POLR1B;POLE3;POLR1A;RBBP8;H2AX;ABL1;FEN1;TOP3A;BRCA2;XRCC2;PCNA;XRCC3;ERCC4;BRCA1;CLSPN;RFC2;TIPIN;EXO1;LRIG3;SLC19A1;RAD51C;CCNA2;RAD51;RMI1;POLD2;RAD51AP1;RAD9A;ATRIP;RNF4;POLE2;CDK2;SIRT6;GEN1
TegvsNC	Reactome_2022	Host Interactions Of HIV Factors R-HSA-162909	-1.96676014604	0	0.00131500255115	NUP153;PSME3;PSMD12;RCC1;NUP98;NUP155;PSMD11;RANBP1;NUP62;AP1S3;PSMD5;NUP35;PSMD14;NUP188;PSMA7;PSMA6;PSMB3;PSMC3;ELOC;SEH1L;NUP42;NUP43;PSMC5;RANGAP1;PSMD7;PSMC4;XPO1;RAN;KPNB1;PSMC2;AP1M2;PSMA4;NUP88;PSMB2;PSMC1;PSME4;PSIP1;CCNT1;PSMD2;NUP50;PSMB5;PSMD8;PSME2;NUP214;FYN;PPIA;ELOB;PSMB8;PSMD3;PSMB4;PSMA3;RANBP2;PSMD4;AP2S1;ELMO1;HMGA1;NPM1;CDK9;PSMB7;NUP37;AP1G1;BANF1;POM121C;NDC1;NUP205
TegvsNC	Reactome_2022	Impaired BRCA2 Binding To RAD51 R-HSA-9709570	-1.64733285077	0.0151515151515	0.0225933383021	POLR1B;POLR1A;RBBP8;TOP3A;BRCA2;BRCA1;RFC2;EXO1;RAD51;RMI1;RAD9A;ATRIP;RFC3;BRIP1;BARD1;BLM;RFC5
TegvsNC	Reactome_2022	Inhibition Of DNA Recombination At Telomere R-HSA-9670095	-1.74952562796	0	0.0109004626601	H2AZ1;POLR2D;H2AX;H3-3B;POLR2A;H2AZ2;DAXX;TERF2;POLR2J;H2AC6;POLR2I;ACD;POLR2G;TERF2IP;POLR2L;TERF1;POLR2B;POLR2F
TegvsNC	Reactome_2022	Initiation Of Nuclear Envelope (NE) Reformation R-HSA-2995383	-1.63142078605	0.015625	0.0249408467053	TMPO;PPP2CA;LMNB1;PPP2R2A;VRK1;KPNB1;LBR;ANKLE2;CCNB2;LEMD3;BANF1
TegvsNC	Reactome_2022	Integration Of Energy Metabolism R-HSA-163685	1.80908399421	0	0.00825412396866	AHCYL1;ACSL4;SLC2A1;ITPR2;GNAS;FASN;PRKAB2;ACLY;ITPR3;PKLR;IQGAP1;MARCKS;PRKAR1A;ADCY6;PLCB1;MLXIPL;VAMP2;GNB5;ADCY9;ACSL3;PRKAA2;ITPR1;PRKCA;GNG4;GNB3;ADIPOR1;STXBP1;GNG3;TKT;ADIPOR2;CACNB2;AGPAT1;PPP2R1A;GNB1;PLCB3;ACACB
TegvsNC	Reactome_2022	Interactions Of Rev With Host Cellular Proteins R-HSA-177243	-1.87121016748	0	0.0035427143895	NUP153;RCC1;NUP98;NUP155;RANBP1;NUP62;NUP35;NUP188;SEH1L;NUP42;NUP43;RANGAP1;XPO1;RAN;KPNB1;NUP88;NUP50;NUP214;RANBP2;NPM1;NUP37;POM121C;NDC1;NUP205
TegvsNC	Reactome_2022	Interactions Of Vpr With Host Cellular Proteins R-HSA-176033	-1.56894253775	0.00890868596882	0.0381803272356	NUP153;NUP98;NUP155;NUP62;NUP35;NUP188;SEH1L;NUP42;NUP43;NUP88;PSIP1;NUP50;NUP214;RANBP2;HMGA1;NUP37;BANF1;POM121C;NDC1;NUP205
TegvsNC	Reactome_2022	Interleukin-1 Signaling R-HSA-9020702	-1.58058372555	0	0.0351174641507	SQSTM1;PSME3;PSMD12;PSMD11;NFKBIB;NFKB1;HMGB1;RIPK2;PSMD5;PSMD14;CASP8;MAP2K6;PSMA7;PSMA6;TP53;PSMB3;PSMC3;NFKBIA;PSMC5;PSMD7;PSMC4;PSMC2;USP14;PSMA4;PSMB2;PSMC1;PSME4;IRAK2;PSMD2;CUL1;PSMB5;PSMD8;PSME2;NKIRAS2;CHUK;PSMB8;PSMD3;PSMB4;PSMA3;PSMD4
TegvsNC	Reactome_2022	Intrinsic Pathway For Apoptosis R-HSA-109606	-1.68264703798	0.00228310502283	0.0180454970341	PMAIP1;DYNLL2;CASP3;BCL2L1;PPP3R1;YWHAB;TFDP1;YWHAH;CASP8;E2F1;TP53BP2;C1QBP;TP53;YWHAG;BBC3;CYCS;YWHAQ;STAT3;DYNLL1;BAK1;BAX;TFDP2;MAPK8;BCL2L11;CASP7
TegvsNC	Reactome_2022	Ion Channel Transport R-HSA-983712	1.82536835164	0	0.00706642649263	TCIRG1;ANO9;WNK1;TPCN1;ATP9A;CLCN6;UBC;SGK1;ATP1B1;ASPH;TTYH3;ATP2A1;FXYD1;ATP10A;SCNN1A;TRPC4AP;WNK2;TRPV2;NEDD4L;WNK4;WWP1;ATP11A;ANO8;ATP8B3;TRPM4;ATP13A2;ANO7;ATP6AP1;TRPV1;ANO6;TRPC1;CAMK2D;ATP7A;ATP6V1D;SCNN1D;FXYD3;STOM;ANO10;SLC9B2
TegvsNC	Reactome_2022	KEAP1-NFE2L2 Pathway R-HSA-9755511	-2.61032504583	0	0	SLC7A11;SESN2;ATF4;MYC;SRXN1;NFE2L2;TXNRD1;PHGDH;MAP1LC3B;CREBBP;SQSTM1;MAFG;GCLM;PSME3;EP300;PSMD12;GSR;PSMD11;GCLC;PSMD5;PSMD14;NPLOC4;PSMA7;PSMA6;PSMB3;PSMC3;PSMC5;PSMD7;PSMC4;KEAP1;PSMC2;PRDX1;UBL4A;CSNK2A2;PSMA4;GSTA1;PSMB2;PSMC1;VCP;IDH1;PSME4;UFD1;NQO1;CUL3;PSMD2;CUL1;PSMB5;PSMD8;PSME2
TegvsNC	Reactome_2022	L13a-mediated Translational Silencing Of Ceruloplasmin Expression R-HSA-156827	1.68667265645	0	0.0279370349709	EIF4A2;EIF4B;RPL4;RPL23A;EIF3L;RPL31;RPL3;RPS4Y1;EIF3D;RPL7;RPL5;RPL7A;RPL23;RPL18;RPL14;RPL29;RPL27A;RPS25;EIF3E;RPS4X;RPL18A;EIF3H;RPL22;RPS3A;RPL27;RPL26;RPS7;RPS15A;RPL15;EIF3A;RPS8;RPS6;RPS24;RPS12;RPL12;EIF3F;RPS10;RPS9;RPL9;RPS3;RPL28;RPL11;RPL36AL;RPL8;RPL13A;RPLP0;RPS14;PABPC1;RPS5;RPLP1;RPS11;RPS2;RPL32;RPS20;RPL34;RPS17
TegvsNC	Reactome_2022	L1CAM Interactions R-HSA-373760	1.81965526038	0	0.00729727874239	DPYSL2;ITGA1;SCN1B;ITGA2;MAPK3;AP2B1;SPTAN1;SCN9A;DNM2;L1CAM;LAMB1;LAMC1;ALCAM;MAP2K1;RPS6KA3;PKN1;SDCBP;DNM1;CNTNAP1;AP2A1;SPTBN1;EGFR;AP2A2;VAV2;ITGB1;ITGAV;NUMB;RPS6KA1;ANK2;RANBP9;CLTC;SCN3A;ITGA10
TegvsNC	Reactome_2022	Lagging Strand Synthesis R-HSA-69186	-1.86876269837	0.00642398286938	0.00362034604395	POLR1B;POLR1A;FEN1;PCNA;POLA1;RFC2;PRIM2;SLC19A1;POLD2
TegvsNC	Reactome_2022	Laminin Interactions R-HSA-3000157	1.89509657329	0	0.00331831297731	HSPG2;ITGA1;COL18A1;ITGA2;LAMA5;LAMB1;LAMC1;NID1;ITGB1;ITGAV;ITGB4;ITGA3
TegvsNC	Reactome_2022	Late Phase Of HIV Life Cycle R-HSA-162599	-1.84726022676	0	0.00469100804585	FURIN;NUP153;POLR2D;RCC1;NUP98;NUP155;TAF3;ELOA;RANBP1;NUP62;TCEA1;POLR2A;GTF2H1;NUP35;NUP188;VPS37B;SSRP1;TAF7;ELOC;SEH1L;NUP42;NUP43;MVB12B;RANGAP1;UBAP1;XPO1;GTF2H2;RAN;GTF2F1;POLR2J;POLR2I;TAF13;GTF2H3;NUP88;NCBP1;GTF2A2;CCNT1;SUPT16H;NUP50;CHMP4C;CCNK;GTF2E1;NUP214;POLR2G;VPS37C;CHMP6;CCNH;TAF11;PPIA;POLR2L;ELOB;NELFA;RANBP2;TAF4;GTF2F2;CHMP2B;TAF9B;CDK9;VPS4A;TBP;POLR2B;NUP37;SUPT4H1;POLR2F;POM121C;VPS4B;NDC1;NUP205;NELFE;TAF2
TegvsNC	Reactome_2022	M Phase R-HSA-68886	-1.67797225912	0	0.0186839465119	H2AZ1;NUP153;DYNLL2;KMT5A;RCC2;PSME3;BIRC5;SKA1;PSMD12;DYNC1LI1;TMPO;PLK1;CDC20;RCC1;NUP98;NUP155;H2AX;PSMD11;PPP2CA;LMNB1;UBE2S;CLIP1;CENPO;CENPN;HAUS2;H3-3B;SET;NUP62;MAPRE1;PSMD5;CDCA5;NUP35;ZWINT;PSMD14;PPP2R2A;NUP188;TUBA1B;H2AZ2;PSMA7;PSMA6;PSMB3;PSMC3;YWHAG;SEH1L;NUP42;NUP43;CENPM;PSMC5;RANGAP1;PSMD7;VRK1;TNPO1;PSMC4;XPO1;RAB33B;RAN;TUBA1C;KPNB1;WAPL;CDCA8;HSP90AA1;H2AC6;SSNA1;PSMC2;PAFAH1B1;ANAPC7;HAUS8;UBE2D1;CSNK2A2;PSMA4;GORASP2;NDC80;NUP88;SPDL1;PSMB2;CEP78;PSMC1;CENPA;PSME4;NCAPH2;DYNLL1;MAD1L1;NUDC;DSN1;PSMD2;ANAPC1;NUP50;PSMB5;ZWILCH;ENSA;PSMD8;CHMP4C;PPP2R5E;CENPL;LBR;PSME2;CEP72;FBXO5;NCAPH;ERCC6L;SPC25;MASTL;SMC1A;CENPU;HAUS7;NUP214;CEP43;TUBB4B;KIF23;SUMO1;PCNT;CHMP6;ANAPC15;TUBGCP3;NCAPG2;CLASP2;MIS12;ANKLE2;PSMB8;PSMD3;BLZF1;PSMB4;ARPP19;PSMA3;MCPH1;RANBP2;PSMD4;AHCTF1
TegvsNC	Reactome_2022	MAPK6/MAPK4 Signaling R-HSA-5687128	-1.75998499565	0.00227790432802	0.0100543596956	MYC;JUN;PSME3;IGF2BP1;PSMD12;PSMD11;DNAJB1;TNRC6C;PSMD5;PSMD14;PSMA7;PSMA6;PSMB3;PSMC3;FOXO3;PSMC5;PSMD7;PSMC4;XPO1;PSMC2;MAPKAPK5;CDC14A;PSMA4;PSMB2;PSMC1;PSME4;PSMD2;CDC42EP2;CCND3;PSMB5;PSMD8;PSME2;NCOA3;PSMB8;PSMD3;PSMB4;HSPB1;PSMA3;PSMD4
TegvsNC	Reactome_2022	Major Pathway Of rRNA Processing In Nucleolus And Cytosol R-HSA-6791226	-1.78639729005	0	0.00768194528296	WDR43;NOP58;NOP56;NIP7;UTP4;RCL1;WDR12;RSL24D1;BYSL;PDCD11;DDX56;RRP7A;NOL11;NOP14;EXOSC6;WDR3;UTP15;DHX37;FTSJ3;EXOSC8;BOP1;EMG1;PNO1;UTP20;RRP9;RIOK1;EBNA1BP2;RPP14;IMP4;UTP25;NOL12;EXOSC2;NOL9;WDR75;ISG20L2;WDR46;TEX10;UTP14A;NOL6;PES1;PWP2;UTP3;NOC4L;TSR1;UTP11;LTV1;DDX49;FCF1;RPL22L1;SNU13;HEATR1;UTP6;RPP38;ERI1;UTP18;EXOSC3;FAU;RBM28;BUD23;RPP30;SENP3;PELP1;RPL26L1;RRP36;WDR36;DDX52
TegvsNC	Reactome_2022	Meiotic Recombination R-HSA-912446	-1.82311585893	0	0.00546025431118	H2AZ1;POLR1B;POLR1A;RBBP8;H2AX;CDK4;TOP3A;BRCA2;PSMC3IP;H3-3B;BRCA1;H2AZ2;RAD51C;H2AC6;RAD51
TegvsNC	Reactome_2022	Metabolism Of Carbohydrates R-HSA-71387	1.89157404917	0	0.00340409249645	PFKFB4;PHKA2;PGK1;PCK1;GBE1;ENO2;PFKFB3;ALDOC;HSPG2;PGM1;PYGL;MAN2C1;GPC3;PFKL;AGRN;ENO1;CHST15;TKFC;SLC2A1;TPI1;UBC;CRYL1;GYS1;CEMIP;G6PC1;CHPF;FUT11;FUT6;MANBA;PKLR;PPP1R3C;UGP2;GNS;TPR;KHK;B3GNT3;PKM;GLCE;GALK1;PHKB;CHPF2;NUP210;GAA;GLB1;PROC;HOOK2;XYLT2;ST6GALNAC6;SLC25A1;SLC37A4;ST3GAL3;GUSB;SHPK;PFKP;IDS;MAN2B1;HEXB;NDST2;ENO3;CHST12;HS3ST3B1;SDC2;PAPSS1;HYAL2;HS3ST5;RBKS;SLC35B2;SLC35D2;GPC6;GALE;HEXA;B4GALT7;CSGALNACT1;SEC13;DERA;MDH1;PRKCA;VCAN
TegvsNC	Reactome_2022	Metabolism Of Fat-Soluble Vitamins R-HSA-6806667	1.65248931247	0.00922509225092	0.0364997794356	HSPG2;GPC3;AGRN;APOM;TTR;APOC3;VKORC1;APOA1;APOC2;APOB;SDC2;GPC6
TegvsNC	Reactome_2022	Metabolism Of Folate And Pterines R-HSA-196757	-1.91480208116	0	0.00227812065754	MTHFD2;SHMT2;MTHFD1L;ALDH1L2;SLC25A32;DHFR;SLC19A1;ST20-MTHFS;SLC46A1
TegvsNC	Reactome_2022	Metabolism Of Non-Coding RNA R-HSA-194441	-1.82991649012	0	0.00522082901854	PRMT5;NUP153;NUP98;NUP155;NUP62;GEMIN5;NUP35;SNRPG;NUP188;SEH1L;NUP42;NUP43;DDX20;SNRPB;NUP88;NCBP1;WDR77;NUP50;SNRPF;GEMIN4;NUP214;LIN9;RANBP2;GEMIN2;SMN1;GEMIN6;NUP37;POM121C;NDC1;NUP205;SNUPN
TegvsNC	Reactome_2022	Metabolism Of Polyamines R-HSA-351202	-2.29812944703	0	0	SMOX;SLC38A1;PSME3;PSMD12;PSMD11;OAZ1;PSMD5;PSMD14;AZIN1;PSMA7;PSMA6;PSMB3;PSMC3;PSMC5;PSMD7;PSMC4;PSMC2;AGMAT;PSMA4;PSMB2;PSMC1;PSME4;NQO1;PSMD2;PSMB5;PSMD8;PSME2;PSMB8;PSMD3;PSMB4;PSMA3;PSMD4
TegvsNC	Reactome_2022	Metabolism Of Porphyrins R-HSA-189445	1.63382863412	0.0142348754448	0.0432160760625	ABCC2;UGT1A1;ALAD;ALB;FABP1;GUSB;BLVRB;BLVRA;ABCG2;COX15;CPOX
TegvsNC	Reactome_2022	Mismatch Repair R-HSA-5358508	-1.66346475411	0.0251046025105	0.0203470905757	POLR1B;POLR1A;PCNA;MSH2;EXO1;POLD2;MSH6;LRIG1;PMS2;MLH1;RPA3
TegvsNC	Reactome_2022	Mitochondrial Translation Elongation R-HSA-5389840	-1.83812878705	0	0.00501650115724	MRPL12;TSFM;MRPL4;MRPL36;MRPS16;TUFM;MRPL49;MRPL18;MRPL15;MRPL30;MRPS11;MRPS10;MRPL40;MRPS34;AURKAIP1;MRPS7;GFM1;MRPL3;MRPS26;ERAL1;MRPL35;MRPS23;MRPL11;MRPL20;MRPL47;MRPL1;MRPL48;MRPL46;MRPL50;MRPS30;MRPL37;MRPL38;MRPS2;MRPS18B;MRPS24;MRPL52;MRPS9;MRPS17;GADD45GIP1;CHCHD1;MRPL41;MRPS22;MRPL16;MRPL9;MRPL21;MRPS21
TegvsNC	Reactome_2022	Mitochondrial Translation Initiation R-HSA-5368286	-1.77276067794	0	0.0087503983668	MRPL12;MRPL4;MRPL36;MRPS16;MRPL49;MRPL18;MRPL15;MRPL30;MRPS11;MRPS10;MRPL40;MRPS34;AURKAIP1;MRPS7;MRPL3;MRPS26;ERAL1;MRPL35;MRPS23;MRPL11;MRPL20;MRPL47;MTIF2;MRPL1;MRPL48;MRPL46;MRPL50;MRPS30;MRPL37;MRPL38;MRPS2;MRPS18B;MRPS24;MRPL52;MRPS9;MRPS17;GADD45GIP1;CHCHD1;MRPL41;MRPS22;MRPL16;MRPL9;MRPL21;MRPS21
TegvsNC	Reactome_2022	Mitochondrial Translation R-HSA-5368287	-1.81548759618	0	0.00577782015187	MRPL12;TSFM;MRPL4;MRPL36;MRPS16;TUFM;MRPL49;MRPL18;MRPL15;MRPL30;MRPS11;MRPS10;MRPL40;MRPS34;AURKAIP1;MRPS7;GFM1;MRPL3;MRPS26;ERAL1;MRPL35;MRPS23;MRPL11;MRPL20;MTRF1L;MRPL47;MTIF2;MRPL1;MRPL48;MRPL46;MRPL50;MRPS30;MRPL37;MRPL38;MRPS2;MRPS18B;MRPS24;MRPL52;MRPS9;MRPS17;GADD45GIP1;CHCHD1;MRPL41;MRPS22;MRPL16;MRPL9;MRPL21;MRPS21
TegvsNC	Reactome_2022	Mitochondrial Translation Termination R-HSA-5419276	-1.74830698501	0	0.0109026710912	MRPL12;MRPL4;MRPL36;MRPS16;MRPL49;MRPL18;MRPL15;MRPL30;MRPS11;MRPS10;MRPL40;MRPS34;AURKAIP1;MRPS7;MRPL3;MRPS26;ERAL1;MRPL35;MRPS23;MRPL11;MRPL20;MTRF1L;MRPL47;MRPL1;MRPL48;MRPL46;MRPL50;MRPS30;MRPL37;MRPL38;MRPS2;MRPS18B;MRPS24;MRPL52;MRPS9;MRPS17;GADD45GIP1;CHCHD1;MRPL41;MRPS22;MRPL16;MRPL9;MRPL21;MRPS21
TegvsNC	Reactome_2022	Mitotic Anaphase R-HSA-68882	-2.12591480299	0	0.000136863837953	DYNLL2;RCC2;PSME3;BIRC5;SKA1;PSMD12;DYNC1LI1;TMPO;PLK1;CDC20;RCC1;NUP98;NUP155;PSMD11;PPP2CA;LMNB1;UBE2S;CLIP1;CENPO;CENPN;NUP62;MAPRE1;PSMD5;CDCA5;NUP35;ZWINT;PSMD14;PPP2R2A;NUP188;TUBA1B;PSMA7;PSMA6;PSMB3;PSMC3;SEH1L;NUP43;CENPM;PSMC5;RANGAP1;PSMD7;VRK1;TNPO1;PSMC4;XPO1;RAN;TUBA1C;KPNB1;WAPL;CDCA8;PSMC2;PAFAH1B1;ANAPC7;UBE2D1;PSMA4;NDC80;SPDL1;PSMB2;PSMC1;CENPA;PSME4;DYNLL1;MAD1L1;NUDC;DSN1;PSMD2;ANAPC1;PSMB5;ZWILCH;PSMD8;CHMP4C;PPP2R5E;CENPL;LBR;PSME2;ERCC6L;SPC25;SMC1A;CENPU;TUBB4B;SUMO1;CHMP6;ANAPC15;CLASP2;MIS12;ANKLE2;PSMB8;PSMD3;PSMB4;PSMA3;RANBP2;PSMD4;AHCTF1;CHMP2B;CENPK;ZW10;VPS4A;UBE2C;PSMB7;KIF2A;CCNB2;LEMD3;NUP37
TegvsNC	Reactome_2022	Mitotic G1 Phase And G1/S Transition R-HSA-453279	-2.59906891249	0	0	MYC;POLR1B;POLE3;SRC;E2F6;CDC6;PSME3;POLR1A;CDKN1A;PSMD12;CDC25A;MYBL2;CDK4;ABL1;PSMD11;PPP2CA;MCM7;MCM5;ORC6;MCM4;E2F2;MCM8;PCNA;CCND1;MCM6;TFDP1;PSMD5;POLA1;PSMD14;PPP2R2A;CDC45;E2F1;TK1;ORC5;PSMA7;PSMA6;DHFR;DBF4;PSMB3;PSMC3;E2F3;LYN;TYMS;PSMC5;PSMD7;DYRK1A;RRM2;PSMC4;E2F4;PRIM2;MCM10;RBL1;CCNA2;MCM3;PSMC2;PSMA4;CDKN2B;ORC4;PSMB2;PSMC1;RBBP4;PSMD2;CUL1;CABLES1;CCND3;PSMB5;POLE2;CDK2;CCNE1;PSMD8;CDT1;E2F5;PSME2;FBXO5;CDC7;CCNH;MAX;CKS1B;LIN52;TFDP2;LIN9;PSMB8;PSMD3;PSMB4;PSMA3;PSMD4
TegvsNC	Reactome_2022	Mitotic G2-G2/M Phases R-HSA-453274	-1.70209006747	0	0.0154197535545	AJUBA;PHLDA1;PSME3;PKMYT1;CDKN1A;EP300;PSMD12;CDC25A;MYBL2;PLK1;PSMD11;PPP2CA;FOXM1;HAUS2;MAPRE1;PSMD5;PSMD14;PPP2R2A;E2F1;PSMA7;PSMA6;TP53;PSMB3;PSMC3;YWHAG;E2F3;PSMC5;PSMD7;PSMC4;XPO1;HSP90AA1;SSNA1;CCNA2;PSMC2;PAFAH1B1;HAUS8;RAB8A;PSMA4;PSMB2;CEP78;PSMC1;PSME4;FBXL18;TPX2;DYNLL1;RBBP4;PSMD2;CUL1;BORA;PSMB5;AURKA;CDK2;PSMD8;PSME2;CEP72;FKBPL;HAUS7;CEP43;TUBB4B;PCNT;CCNH;TUBGCP3;LIN52;LIN9;PSMB8;PSMD3;PSMB4
TegvsNC	Reactome_2022	Mitotic Metaphase And Anaphase R-HSA-2555396	-2.13413753747	0	0.00014930600504	DYNLL2;RCC2;PSME3;BIRC5;SKA1;PSMD12;DYNC1LI1;TMPO;PLK1;CDC20;RCC1;NUP98;NUP155;PSMD11;PPP2CA;LMNB1;UBE2S;CLIP1;CENPO;CENPN;NUP62;MAPRE1;PSMD5;CDCA5;NUP35;ZWINT;PSMD14;PPP2R2A;NUP188;TUBA1B;PSMA7;PSMA6;PSMB3;PSMC3;SEH1L;NUP43;CENPM;PSMC5;RANGAP1;PSMD7;VRK1;TNPO1;PSMC4;XPO1;RAN;TUBA1C;KPNB1;WAPL;CDCA8;PSMC2;PAFAH1B1;ANAPC7;UBE2D1;PSMA4;NDC80;SPDL1;PSMB2;PSMC1;CENPA;PSME4;DYNLL1;MAD1L1;NUDC;DSN1;PSMD2;ANAPC1;PSMB5;ZWILCH;PSMD8;CHMP4C;PPP2R5E;CENPL;LBR;PSME2;FBXO5;ERCC6L;SPC25;SMC1A;CENPU;TUBB4B;SUMO1;CHMP6;ANAPC15;CLASP2;MIS12;ANKLE2;PSMB8;PSMD3;PSMB4;PSMA3;RANBP2;PSMD4;AHCTF1;CHMP2B;CENPK;ZW10;VPS4A;UBE2C;PSMB7;KIF2A;CCNB2;LEMD3;NUP37
TegvsNC	Reactome_2022	Mitotic Spindle Checkpoint R-HSA-69618	-1.85394480673	0	0.00437384349934	DYNLL2;RCC2;BIRC5;SKA1;DYNC1LI1;PLK1;CDC20;NUP98;PPP2CA;UBE2S;CLIP1;CENPO;CENPN;MAPRE1;ZWINT;SEH1L;NUP43;CENPM;RANGAP1;XPO1;CDCA8;PAFAH1B1;ANAPC7;UBE2D1;NDC80;SPDL1;CENPA;DYNLL1;MAD1L1;NUDC;DSN1;ANAPC1;ZWILCH;PPP2R5E;CENPL;ERCC6L;SPC25;CENPU;ANAPC15;CLASP2;MIS12;RANBP2;AHCTF1;CENPK;ZW10;UBE2C;KIF2A;NUP37
TegvsNC	Reactome_2022	Molecules Associated With Elastic Fibres R-HSA-2129379	1.75767814958	0.00556586270872	0.0144914031667	ITGB5;VTN;EFEMP2;LTBP3;BMP4;FBLN1;ITGB1;ITGAV;TGFB1;TGFB2;FBLN5
TegvsNC	Reactome_2022	Muscle Contraction R-HSA-397014	2.02332373645	0	0.000695265576198	SORBS1;WWTR1;SORBS3;AHCYL1;ITGA1;SCN1B;TNNI2;MYL12A;TTR;ATP1B1;TPM2;ITPR2;ASPH;ITGB5;ATP2A1;SCN9A;VCL;ANXA6;FXYD1;ITPR3;TPM4;AKAP9;ANXA2;PKN1;FGF11;TLN1;MYL12B;DYSF;TRPC1;CALD1;CAMK2D;TPM1;CACNA1H;MYL6B;HIPK2;ITPR1;PRKCA;FXYD3
TegvsNC	Reactome_2022	NEP/NS2 Interacts With Cellular Export Machinery R-HSA-168333	-1.73320714944	0	0.0121910486058	NUP153;NUP98;NUP155;NUP62;NUP35;NUP188;SEH1L;NUP42;NUP43;XPO1;RAN;NUP88;NUP50;NUP214;PBRM1;RANBP2;NUP37;POM121C;NDC1;NUP205
TegvsNC	Reactome_2022	NGF-stimulated Transcription R-HSA-9031628	-1.71848279408	0.0042735042735	0.0135427519654	EGR1;TRIB1;NAB2;FOSL1;EP300;ID3;CHD4;SRF;CDK5R1;FOS;ID2
TegvsNC	Reactome_2022	NIK To Noncanonical NF-kB Signaling R-HSA-5676590	-2.00584935742	0	0.000972453585457	PSME3;PSMD12;PSMD11;PSMD5;PSMD14;MAP3K14;PSMA7;PSMA6;PSMB3;PSMC3;PSMC5;PSMD7;PSMC4;PSMC2;UBE2M;PSMA4;PSMB2;PSMC1;PSME4;PSMD2;CUL1;PSMB5;PSMD8;PSME2;CHUK;PSMB8;PSMD3;PSMB4;PSMA3;PSMD4
TegvsNC	Reactome_2022	NRAGE Signals Death Thru JNK R-HSA-193648	1.66282720996	0.00538599640934	0.033511117465	ARHGEF40;MCF2L;NGEF;ARHGEF12;FGD4;ARHGEF10L;MAGED1;SOS1;TRIO;ABR;RASGRF2;ARHGEF16;KALRN;VAV2;ECT2;VAV3;ARHGEF17;ARHGEF7;PLEKHG5
TegvsNC	Reactome_2022	NS1 Mediated Effects On Host Pathways R-HSA-168276	-1.66183689119	0	0.0203746707128	NUP153;NUP98;NUP155;KPNA4;NUP62;NUP35;NUP188;SEH1L;NUP42;NUP43;KPNB1;KPNA3;NUP88;NUP50;CPSF4;NUP214;RANBP2;NUP37;POM121C;NDC1;NUP205
TegvsNC	Reactome_2022	Neddylation R-HSA-8951664	-1.66234196963	0	0.0203383412893	NFE2L2;VHL;SQSTM1;KLHL21;PSME3;BIRC5;SOCS6;PSMD12;SPSB1;FBXO9;UBE2D3;PSMD11;HIF1A;DCUN1D5;KBTBD8;COMMD5;PSMD5;PSMD14;COPS3;NPLOC4;PSMA7;PSMA6;PSMB3;PSMC3;KBTBD6;LRR1;FBXL3;ELOC;KLHL11;FBXO22;PSMC5;PSMD7;DTL;PSMC4;DCUN1D4;UBE2D2;KEAP1;DCUN1D3;PSMC2;RBBP5;UBE2M;ASB7;UBE2D1;PSMA4;PSMB2;PSMC1;VCP;PSME4;FBXL18;UFD1;TULP4;CUL3;PSMD2;FEM1B;FBXO30;CUL1;NAE1;PSMB5;PSMD8;PSME2;UCHL3;KLHL25;ASB6;SPSB2;WDR5;MUL1;DCUN1D2;KLHL20;RNF7;FBXL12;ELOB;PSMB8;PSMD3;PSMB4;UBE2F;GAN;KLHL2;PSMA3;PSMD4
TegvsNC	Reactome_2022	Negative Epigenetic Regulation Of rRNA Expression R-HSA-5250941	-1.66394992718	0	0.0203386028958	H2AZ1;POLR1B;POLR1G;POLR1A;H2AX;UBTF;H3-3B;GTF2H1;POLR1F;DNMT1;H2AZ2;RRP8;GTF2H2;SIRT1;H2AC6;GTF2H3;POLR1E;SAP30BP;SAP130;TAF1A;CCNH;TAF1B;POLR2L;HDAC2
TegvsNC	Reactome_2022	Negative Regulation Of NOTCH4 Signaling R-HSA-9604323	-1.87986156898	0	0.00331894807037	PSME3;PSMD12;PSMD11;PSMD5;PSMD14;PSMA7;PSMA6;PSMB3;PSMC3;PSMC5;PSMD7;PSMC4;PSMC2;PSMA4;PSMB2;PSMC1;PSMD2;CUL1;PSMB5;PSMD8;PSME2;PSMB8;PSMD3;PSMB4;PSMA3;PSMD4;TACC3;PSMB7
TegvsNC	Reactome_2022	Neutrophil Degranulation R-HSA-6798695	2.00574500482	0	0.000602563499372	LPCAT1;RNASET2;ARHGAP45;ALDOC;ORMDL3;PGM1;PLAC8;PYGL;C3;TMC6;TCIRG1;SERPINA1;PFKL;PTPRN2;CYB5R3;LGALS3;SLC2A3;UNC13D;GSN;ANPEP;TINAGL1;LYZ;CTSD;QSOX1;STBD1;CTSB;AHSG;TTR;ALAD;TMEM63A;CEACAM1;CSTB;ADAM10;SPTAN1;ACLY;CNN2;VCL;CD68;SERPINB1;MANBA;CYFIP1;PDXK;IQGAP2;CKAP4;EEF1A1;ANXA2;IQGAP1;CTSZ;COPB1;NHLRC3;GNS;ITGB2;TMBIM1;UBR4;IGF2R;LTA4H;NCSTN;RAB5B;SLC44A2;RHOF;SERPINB6;CTSH;PTAFR;ATP11A;AGPAT2;PKM;RAP2B;PTPRJ;SDCBP;CAP1;GRN;GAA;EEF2;GLB1;TIMP2;ACAA1;VNN1;OSTF1;ARSA;AP2A2;GUSB;APAF1;ARL8A;PTPN6;JUP;HLA-C;MAN2B1;ACTR1B;HEXB;MAPK14;EGFL7;NAT8;ITGAL;CYBA;RAB3A;ANO6;NPC2;PIKFYVE;GM2A;HSPA1B;CPNE1;HSPA1A;ASAH1;VAMP8;SCAMP1;TOM1;CAPN1;GMFG;HLA-B;HLA-A;ALDH3B1;ATP6V1D;TMED7-TICAM2;NBEAL2;LAMP2;DERA;STOM;TMEM30A;PYCARD;ITGAV;VAT1
TegvsNC	Reactome_2022	NoRC Negatively Regulates rRNA Expression R-HSA-427413	-1.61766254959	0.00230946882217	0.0276640274111	H2AZ1;POLR1B;POLR1G;POLR1A;H2AX;UBTF;H3-3B;GTF2H1;POLR1F;DNMT1;H2AZ2;GTF2H2;H2AC6;GTF2H3;POLR1E;SAP30BP;SAP130;TAF1A;CCNH;TAF1B;POLR2L;HDAC2
TegvsNC	Reactome_2022	Non-integrin membrane-ECM Interactions R-HSA-3000171	1.76933918369	0.00178571428571	0.0131468399863	HSPG2;AGRN;DDR1;ITGA2;PDGFB;TTR;ITGB5;LAMA5;VTN;LAMB1;ACTN1;LAMC1;SDC2;TRAPPC4;ITGB1;PRKCA;ITGAV;ITGB4;TGFB1
TegvsNC	Reactome_2022	Nonsense Mediated Decay (NMD) Independent Of Exon Junction Complex (EJC) R-HSA-975956	1.79491983344	0	0.00980654232673	NCBP2;RPL4;RPL23A;RPL31;RPL3;RPS4Y1;RPL7;RPL5;RPL7A;RPL23;RPL18;RPL14;RPL29;RPL27A;RPS25;RPS4X;RPL18A;RPL22;RPS3A;RPL27;RPL26;RPS7;RPS15A;RPL15;RPS8;RPS6;RPS24;RPS12;RPL12;RPS10;RPS9;RPL9;RPS3;RPL28;RPL11;RPL36AL;RPL8;RPL13A;RPLP0;RPS14;PABPC1;RPS5;RPLP1;RPS11;RPS2;RPL32;RPS20;RPL34;RPS17
TegvsNC	Reactome_2022	Nuclear Envelope (NE) Reassembly R-HSA-2995410	-1.92482719462	0	0.00194918169217	TMPO;RCC1;NUP98;NUP155;PPP2CA;LMNB1;NUP62;NUP35;PPP2R2A;NUP188;TUBA1B;SEH1L;NUP43;RANGAP1;VRK1;TNPO1;RAN;TUBA1C;KPNB1;CHMP4C;LBR;TUBB4B;SUMO1;CHMP6;ANKLE2;AHCTF1;CHMP2B;VPS4A;CCNB2;LEMD3;NUP37;BANF1;NDC1;NUP205
TegvsNC	Reactome_2022	Nuclear Events (Kinase And Transcription Factor Activation) R-HSA-198725	-1.5563419775	0.0130151843818	0.0412325122474	EGR1;TRIB1;NAB2;FOSL1;EP300;PPP2CA;ID3;CHD4;SRF;CDK5R1;FOS;ID2
TegvsNC	Reactome_2022	Nuclear Events Mediated By NFE2L2 R-HSA-9759194	-2.5389983586	0	0	SLC7A11;ATF4;MYC;SRXN1;NFE2L2;TXNRD1;PHGDH;CREBBP;SQSTM1;MAFG;GCLM;PSME3;EP300;PSMD12;GSR;PSMD11;GCLC;PSMD5;PSMD14;PSMA7;PSMA6;PSMB3;PSMC3;PSMC5;PSMD7;PSMC4;PSMC2;PRDX1;UBL4A;PSMA4;GSTA1;PSMB2;PSMC1;IDH1;NQO1;PSMD2;CUL1;PSMB5;PSMD8;PSME2
TegvsNC	Reactome_2022	Nuclear Import Of Rev Protein R-HSA-180746	-1.76139947078	0	0.0100257092435	NUP153;RCC1;NUP98;NUP155;NUP62;NUP35;NUP188;SEH1L;NUP42;NUP43;RAN;KPNB1;NUP88;NUP50;NUP214;RANBP2;NPM1;NUP37;POM121C;NDC1;NUP205
TegvsNC	Reactome_2022	Nuclear Pore Complex (NPC) Disassembly R-HSA-3301854	-1.52581393754	0.0256959314775	0.0499717438582	NUP153;NUP98;NUP155;NUP62;NUP35;NUP188;SEH1L;NUP42;NUP43;NUP88;NUP50;NUP214;RANBP2;CCNB2;NUP37;POM121C;NDC1;NUP205
TegvsNC	Reactome_2022	Nucleotide Excision Repair R-HSA-5696398	-1.6643808574	0	0.0203473037593	POLR2D;POLR1B;POLE3;PRPF19;POLR1A;INO80;EP300;USP7;RUVBL1;TCEA1;PCNA;POLR2A;GTF2H1;ERCC4;COPS3;RFC2;YY1;LRIG3;GTF2H2;SLC19A1;POLR2J;POLR2I;POLD2;GTF2H3;TFPT;POLE2;RNF111;MCRS1;ACTR5;RFC3;POLR2G;SUMO1;CCNH
TegvsNC	Reactome_2022	Orc1 Removal From Chromatin R-HSA-68949	-2.26979886384	0	0	CDC6;PSME3;PSMD12;PSMD11;MCM7;MCM5;ORC6;MCM4;MCM8;MCM6;PSMD5;PSMD14;ORC5;PSMA7;PSMA6;PSMB3;PSMC3;PSMC5;PSMD7;PSMC4;CCNA2;MCM3;PSMC2;PSMA4;ORC4;PSMB2;PSMC1;PSME4;PSMD2;CUL1;PSMB5;CDK2;PSMD8;CDT1;PSME2;PSMB8;PSMD3;PSMB4;PSMA3;PSMD4
TegvsNC	Reactome_2022	Oxidative Stress Induced Senescence R-HSA-2559580	-1.73518046402	0	0.0120416580185	JUN;CBX4;KDM6B;H2AZ1;H2AX;CDK4;H3-3B;E2F2;PHC2;TFDP1;TNRC6C;EZH2;E2F1;MAP2K6;H2AZ2;TP53;MAP2K3;E2F3;MDM2;FOS;RING1;H2AC6;SUZ12;MAPKAPK5;CDKN2B
TegvsNC	Reactome_2022	Oxygen-dependent Proline Hydroxylation Of Hypoxia-inducible Factor Alpha R-HSA-1234176	-1.94627526565	0	0.00165703003808	AJUBA;VHL;PSME3;PSMD12;UBE2D3;PSMD11;HIF1A;PSMD5;PSMD14;PSMA7;PSMA6;PSMB3;PSMC3;ELOC;PSMC5;PSMD7;PSMC4;UBE2D2;PSMC2;UBE2D1;PSMA4;PSMB2;PSMC1;PSME4;PSMD2;PSMB5;PSMD8;PSME2;ELOB;PSMB8;PSMD3;PSMB4;PSMA3;PSMD4
TegvsNC	Reactome_2022	PCNA-Dependent Long Patch Base Excision Repair R-HSA-5651801	-1.80704197643	0.00896860986547	0.00611610275853	POLR1B;POLE3;POLR1A;FEN1;PCNA;RFC2;SLC19A1;POLD2;APEX1;POLE2;RFC3
TegvsNC	Reactome_2022	PERK Regulates Gene Expression R-HSA-381042	-2.27873026471	0	0	ASNS;ATF4;ATF3;CEBPB;EIF2S2;CEBPG;DDIT3;EXOSC6;PARN;EXOSC8;CXCL8;KHSRP;EXOSC2;HERPUD1;NFYC;EIF2S1;NFYA
TegvsNC	Reactome_2022	PIWI-interacting RNA (piRNA) Biogenesis R-HSA-5601884	-1.65568852932	0.0129032258065	0.0212439681027	POLR2D;PLD6;POLR2A;HSP90AA1;POLR2J;POLR2I;POLR2G;POLR2L;POLR2B;POLR2F
TegvsNC	Reactome_2022	PRC2 Methylates Histones And DNA R-HSA-212300	-1.68369475877	0.00660792951542	0.0179195341602	H2AZ1;H2AX;H3-3B;EZH2;AEBP2;DNMT1;H2AZ2;H2AC6;SUZ12;RBBP4;PHF19;RBBP7;DNMT3B;EED;H2AC20;H2AC14;DNMT3A
TegvsNC	Reactome_2022	PTEN Regulation R-HSA-6807070	-1.56582170753	0	0.0388822416615	EGR1;JUN;CBX4;GATAD2A;MTA2;PSME3;PSMD12;USP7;PSMD11;RPTOR;PHC2;TNRC6C;EZH2;CHD4;PSMD5;PSMD14;PSMA7;PSMA6;TP53;PSMB3;PSMC3;PSMC5;PSMD7;PSMC4;RING1;PSMC2;SUZ12;RRAGC;CSNK2A2;PSMA4;NEDD4;PSMB2;PSMC1;RCOR1;SLC38A9;PSME4;RBBP4;PSMD2;PSMB5;PSMD8;PSME2;TRIM27;LAMTOR1;STUB1;GATAD2B;VAPA;PSMB8;PSMD3;PSMB4;HDAC2;PSMA3;SCMH1;CBX6;PSMD4
TegvsNC	Reactome_2022	Pausing And Recovery Of Tat-mediated HIV Elongation R-HSA-167238	-1.84744769158	0.00221238938053	0.00470972618839	POLR2D;ELOA;TCEA1;POLR2A;SSRP1;ELOC;GTF2F1;POLR2J;POLR2I;CCNT1;SUPT16H;POLR2G;POLR2L;ELOB;NELFA;GTF2F2;CDK9;POLR2B;SUPT4H1;POLR2F;NELFE
TegvsNC	Reactome_2022	Peptide Chain Elongation R-HSA-156902	2.08532490212	0	0.000164335499829	RPL4;RPL23A;EEF1A1;RPL31;RPL3;RPS4Y1;RPL7;RPL5;RPL7A;RPL23;RPL18;EEF2;RPL14;RPL29;RPL27A;RPS25;RPS4X;RPL18A;RPL22;RPS3A;RPL27;RPL26;RPS7;RPS15A;RPL15;RPS8;RPS6;RPS24;RPS12;RPL12;RPS10;RPS9;RPL9;RPS3;RPL28;RPL11;RPL36AL;RPL8;RPL13A;RPLP0;RPS14;RPS5;RPLP1;RPS11;RPS2;RPL32;RPS20;RPL34;RPS17
TegvsNC	Reactome_2022	Plasma Lipoprotein Assembly R-HSA-8963898	1.83345440261	0.00377358490566	0.00675107999296	APOC3;ABCA1;APOC1;APOA1;APOC2;P4HB;APOB;ZDHHC8;PRKCA;TRNP1;APOE;APOA4
TegvsNC	Reactome_2022	Plasma Lipoprotein Assembly, Remodeling, And Clearance R-HSA-174824	1.83433261362	0	0.00684731249286	ANGPTL4;UBC;ALB;AP2B1;APOC3;SCARB1;CES3;ABCA1;APOC1;APOA1;APOC2;PCSK6;P4HB;NCEH1;AP2A1;AP2A2;APOB;SOAT2;AMN;HDLBP;ZDHHC8;PCSK9;NPC2;APOA5;PRKCA;LIPG;APOF;TRNP1;LMF2;APOE;CLTC;MYLIP;APOA4;CETP;NR1H3
TegvsNC	Reactome_2022	Plasma Lipoprotein Clearance R-HSA-8964043	1.74751819862	0.00560747663551	0.0160443343254	UBC;AP2B1;SCARB1;CES3;APOC1;APOA1;NCEH1;AP2A1;AP2A2;APOB;SOAT2;AMN;HDLBP;PCSK9;NPC2
TegvsNC	Reactome_2022	Platelet Degranulation R-HSA-114608	1.96387890224	0	0.0010564424989	TF;PLG;IGF2;SERPINA1;APP;F5;FN1;ITIH3;QSOX1;SERPINE1;SELENOP;AHSG;PDGFB;TTR;MAGED2;FLNA;ALB;VCL;APLP2;CALU;TIMP3;ACTN1;HABP4;SOS1;APOA1;VEGFB;ACTN4;SERPING1;LGALS3BP;CAP1;STXBP2;SERPINF2;WDR1;CD9;CD109;SPARC;TLN1;CLU;PIKFYVE;SCCPDH
TegvsNC	Reactome_2022	Polo-like Kinase Mediated Events R-HSA-156711	-1.7431486423	0.0103519668737	0.0112588515116	PKMYT1;EP300;CDC25A;MYBL2;PLK1;FOXM1
TegvsNC	Reactome_2022	Positive Epigenetic Regulation Of rRNA Expression R-HSA-5250913	-1.66542444495	0.00704225352113	0.0202230778024	BAZ1B;H2AZ1;POLR1B;GATAD2A;MTA2;DDX56;POLR1G;POLR1A;EP300;H2AX;MYBBP1A;H3-3B;CHD4;POLR1F;H2AZ2;H2AC6;DEK;RBBP4;POLR1E;GSK3B;TAF1A;GATAD2B;TAF1B;POLR2L;HDAC2
TegvsNC	Reactome_2022	Post-translational Protein Phosphorylation R-HSA-8957275	2.20910663105	0	0	BPIFB2;TF;APOL1;SERPIND1;C3;GPC3;SERPINA1;APP;F5;FN1;CP;QSOX1;AHSG;ALB;HSP90B1;ADAM10;APLP2;CALU;CKAP4;MIA3;MATN3;LAMB1;C4A;IGFBP3;LAMC1;KTN1;APOA1;ITIH2;IGFBP1;PDIA6;NUCB1;MELTF;P4HB;BMP4;ANO8;MXRA8;PROC;LGALS1;PNPLA2;MGAT4A;WFS1;APOB;SDC2;PCSK9;CDH2;HRC
TegvsNC	Reactome_2022	Postmitotic Nuclear Pore Complex (NPC) Reformation R-HSA-9615933	-1.99116781999	0	0.00100781553402	RCC1;NUP98;NUP155;NUP62;NUP35;NUP188;SEH1L;NUP43;RANGAP1;TNPO1;RAN;KPNB1
TegvsNC	Reactome_2022	Pre-NOTCH Expression And Processing R-HSA-1912422	-1.5354970903	0.0100755667506	0.0469001467928	JUN;H2AZ1;FURIN;CREBBP;RUNX1;EP300;H2AX;H3-3B;CCND1;TFDP1;TNRC6C;E2F1;H2AZ2;TP53;E2F3;POGLUT1;ATP2A2;B4GALT1;H2AC6;ST3GAL4;POFUT1;MAML1;SIRT6;RAB6A
TegvsNC	Reactome_2022	Pre-NOTCH Transcription And Translation R-HSA-1912408	-1.55566358187	0.0260047281324	0.0411467039882	JUN;H2AZ1;CREBBP;RUNX1;EP300;H2AX;H3-3B;CCND1;TFDP1;TNRC6C;E2F1;H2AZ2;TP53;E2F3;H2AC6
TegvsNC	Reactome_2022	Presynaptic Phase Of Homologous DNA Pairing And Strand Exchange R-HSA-5693616	-1.67651611901	0.0111607142857	0.0188710286912	POLR1B;POLR1A;RBBP8;TOP3A;BRCA2;XRCC2;BRCA1;RFC2;EXO1;RAD51C;RAD51;RMI1;RAD9A;ATRIP;RFC3;BRIP1;BARD1;BLM;RFC5
TegvsNC	Reactome_2022	Processing Of Capped Intron-Containing Pre-mRNA R-HSA-72203	-2.22480585575	0	5.13239392325e-05	HNRNPC;NUP153;HNRNPA0;POLR2D;SRSF3;SF1;HNRNPM;PRPF19;NUP98;NUP155;SRRT;SF3A3;PLRG1;BUD31;TFIP11;SF3B4;PRCC;TRA2B;DDX39A;DHX15;HNRNPD;WTAP;SRSF7;SRSF6;NUP62;PPIL1;NXT1;FUS;HNRNPR;PHF5A;CCAR1;HNRNPF;POLR2A;DHX9;SRSF2;NUP35;SNRPG;CPSF2;CHTOP;NUP188;U2AF2;DDX46;SLBP;HNRNPA2B1;ALYREF;SEH1L;NUP42;NUP43;DNAJC8;HNRNPU;PUF60;DHX16;CD2BP2;SNRNP25;SRSF1;SNRPC;EIF4A3;SNRPB;EIF4E;CPSF6;MAGOH;GTF2F1;WBP11;POLR2J;LSM6;ELAVL1;POLR2I;USP39;CPSF7;NUDT21;NUP88;NCBP1;YBX1;SNU13;THOC5;SNRPA;RBM42;SNRPB2;SRSF9;NUP50;CPSF4;CSTF2;SF3B5;SNRPF;RBMX;EFTUD2;PRPF31;HNRNPK;LSM5;TXNL4A;SMNDC1;PQBP1;PRPF4;NUP214;CWC25;POLR2G;PDCD7;WDR33;SF3A1;METTL3;SARNP;UPF3B;SLU7;POLR2L;RANBP2;SART1;GTF2F2;BCAS2;SNRNP40;PPIE;PAPOLA;POLR2B;NUP37;SUGP1;LSM8;SNRNP35;POLR2F;POM121C;CTNNBL1;CDC5L;NDC1;RBM17;NUP205
TegvsNC	Reactome_2022	Processing Of Capped Intronless Pre-mRNA R-HSA-75067	-1.53483491718	0.0393518518519	0.0470273923196	ZNF473;SNRPG;CPSF2;SLBP;LSM10;SNRPB;CPSF6;CPSF7;NUDT21;NCBP1;CPSF4;CSTF2;SNRPF;WDR33
TegvsNC	Reactome_2022	Processive Synthesis On C-strand Of Telomere R-HSA-174414	-1.53418291249	0.0394736842105	0.0470835955555	POLR1B;POLR1A;FEN1;PCNA;TERF2;POLD2;ACD;TERF2IP;TERF1;BLM;LRIG1
TegvsNC	Reactome_2022	Processive Synthesis On Lagging Strand R-HSA-69183	-1.86877826068	0	0.00365210346538	POLR1B;POLR1A;FEN1;PCNA;POLA1;PRIM2;POLD2
TegvsNC	Reactome_2022	Programmed Cell Death R-HSA-5357801	-1.62006951566	0.00246913580247	0.0272421506499	H1-0;PMAIP1;DYNLL2;CASP3;TNFRSF10B;PSME3;PSMD12;PSMD11;LMNB1;BCL2L1;PPP3R1;YWHAB;HMGB1;TFDP1;YWHAH;PSMD5;PSMD14;CASP8;E2F1;TP53BP2;C1QBP;PSMA7;PSMA6;CLSPN;TP53;PSMB3;PSMC3;YWHAG;BBC3;CYCS;PSMC5;PSMD7;TNFRSF10A;FADD;PSMC4;YWHAQ;KPNB1;HSP90AA1;PSMC2;PSMA4;STAT3;TJP1;PSMB2;PSMC1;GAS2;PSME4;RRM1;DYNLL1;DAPK1;OCLN;PSMD2;H1-4;BAK1;CDC37;PSMB5;PSMD8;CHMP4C;PSME2;CASP1;HMGB2;DFFB;STUB1;CHMP6;BAX;TFDP2;MAPK8;IRF1;BCL2L11;PSMB8;CASP7;PSMD3;PSMB4
TegvsNC	Reactome_2022	Protein-protein Interactions At Synapses R-HSA-6794362	1.6349733012	0	0.0433698238971	PPFIA4;PTPRS;PTPRF;NLGN2;EPB41L2;EPB41L1;SHANK2;SHANK3;PDLIM5;IL1RAP;PPFIBP2;MPP2;SYT7;STXBP1;LIN7A;DLGAP3;LRRTM4;EPB41;APBA2;SHARPIN;NRXN2;PPFIA3;PPFIA1;FLOT2;PPFIBP1;DBNL
TegvsNC	Reactome_2022	Pyruvate Metabolism And Citric Acid (TCA) Cycle R-HSA-71406	1.88768127309	0	0.00345671223777	LDHA;PDHB;IDH2;BSG;PDK3;SLC16A3;D2HGDH;ACO2;VDAC1;NNT;PDK2;SDHA;SUCLG2;LDHD;PDHX;DLST;HAGH;GSTZ1;OGDH;RXRA;SUCLA2
TegvsNC	Reactome_2022	Pyruvate Metabolism R-HSA-70268	1.69432040544	0.00373831775701	0.0273849704011	LDHA;PDHB;BSG;PDK3;SLC16A3;VDAC1;PDK2;LDHD;PDHX;HAGH;GSTZ1;RXRA
TegvsNC	Reactome_2022	RHO GTPases Activate Formins R-HSA-5663220	-1.69607408429	0	0.016449322524	RHOB;DYNLL2;SRC;RCC2;BIRC5;SKA1;DYNC1LI1;PLK1;CDC20;NUP98;PPP2CA;CLIP1;CENPO;CENPN;MAPRE1;ZWINT;SRF;DIAPH1;SEH1L;NUP43;CENPM;RANGAP1;XPO1;CDCA8;PAFAH1B1;NDC80;SPDL1;CENPA;DYNLL1;MAD1L1;NUDC;DSN1;ZWILCH;PPP2R5E;CENPL;MRTFA;ERCC6L;SPC25;CENPU
TegvsNC	Reactome_2022	RHO GTPases Activate NADPH Oxidases R-HSA-5668599	1.717636108	0.00532859680284	0.0222263763518	MAPK3;PIK3C3;MAPK14;CYBA;PRKCZ;PRKCA;NOXA1;RAC2;PRKCD
TegvsNC	Reactome_2022	RHO GTPases Activate PAKs R-HSA-5627123	1.65974402361	0.00905797101449	0.0343132523642	FLNA;MYH10;MYH9;PKN1;MYL12B;PPP1CB;CTTN;PPP1R12A;MYH14;PPP1R12B;ARHGEF7;MYL6
TegvsNC	Reactome_2022	RHOA GTPase Cycle R-HSA-8980692	1.63539506502	0.0016694490818	0.0437516590453	FAM13A;FARP1;ARHGAP45;ARHGEF40;STBD1;LMAN1;MCF2L;NGEF;ARHGEF12;ARHGAP18;IQGAP1;ARHGEF10L;TFRC;KTN1;ACBD5;ANLN;PKN1;TRIO;STARD13;TJP2;IQGAP3;ABR;RASGRF2;KALRN;JUP;ARHGEF25;ATP6AP1;CAVIN1;VAV2;PLEKHG6;ECT2;VAV3;ARHGAP29;ARHGEF28;ARHGEF17;ARHGEF7;STOM;PLEKHG5;RHPN2;ARHGAP35;SCFD1;GMIP;MYO9A
TegvsNC	Reactome_2022	RIP-mediated NFkB Activation Via ZBP1 R-HSA-1810476	-1.6624329028	0.0156950672646	0.0204033847231	NFKBIB;NFKB1;DHX9;NFKBIA;NKIRAS2;CHUK;RIPK1;IKBKG;MYD88;NKIRAS1
TegvsNC	Reactome_2022	RMTs Methylate Histone Arginines R-HSA-3214858	-1.9639529395	0	0.00133031650491	H2AZ1;PRMT5;H2AX;CDK4;ARID1A;CCND1;PRMT6;PRMT3;H2AZ2;H2AC6;SMARCD1;WDR77;SMARCA2;SMARCE1;WDR5;PBRM1;CARM1;PRMT1;COPRS;RBBP7;ARID1B
TegvsNC	Reactome_2022	RNA Polymerase I Promoter Clearance R-HSA-73854	-1.65270643234	0.00226757369615	0.0216792319318	H2AZ1;RRN3;POLR1B;GATAD2A;MTA2;POLR1G;POLR1A;H2AX;UBTF;H3-3B;CHD4;GTF2H1;POLR1F;H2AZ2;GTF2H2;H2AC6;GTF2H3;RBBP4;POLR1E;TAF1A;GATAD2B;CCNH;TAF1B;POLR2L;HDAC2
TegvsNC	Reactome_2022	RNA Polymerase I Promoter Escape R-HSA-73772	-1.83419513392	0	0.00509198137267	H2AZ1;RRN3;POLR1B;POLR1G;POLR1A;H2AX;UBTF;H3-3B;GTF2H1;POLR1F;H2AZ2;GTF2H2;H2AC6;GTF2H3;POLR1E;TAF1A;CCNH;TAF1B;POLR2L
TegvsNC	Reactome_2022	RNA Polymerase I Promoter Opening R-HSA-73728	-1.63941133521	0.0292134831461	0.0236891919348	H2AZ1;H2AX;UBTF;H3-3B;H2AZ2;H2AC6
TegvsNC	Reactome_2022	RNA Polymerase I Transcription Initiation R-HSA-73762	-1.53654124054	0.0230414746544	0.0466612147387	RRN3;POLR1B;GATAD2A;MTA2;POLR1G;POLR1A;UBTF;CHD4;GTF2H1;POLR1F;GTF2H2;GTF2H3;RBBP4;POLR1E;TAF1A;GATAD2B;CCNH;TAF1B;POLR2L;HDAC2;RBBP7;TBP
TegvsNC	Reactome_2022	RNA Polymerase I Transcription R-HSA-73864	-1.61750515602	0.00227272727273	0.0275755288321	H2AZ1;RRN3;POLR1B;GATAD2A;MTA2;POLR1G;POLR1A;H2AX;UBTF;H3-3B;CHD4;GTF2H1;POLR1F;H2AZ2;GTF2H2;H2AC6;GTF2H3;RBBP4;POLR1E;TAF1A;GATAD2B;CCNH;TAF1B;POLR2L;HDAC2
TegvsNC	Reactome_2022	RNA Polymerase II Pre-transcription Events R-HSA-674695	-1.77374200844	0	0.00873513318701	POLR2D;TAF3;ELOA;TCEA1;POLR2A;GTF2H1;EAF1;SSRP1;TAF7;ELOC;GTF2H2;GTF2F1;POLR2J;POLR2I;SUPT6H;MLLT1;TAF13;GTF2H3;NCBP1;GTF2A2;CCNT1;PAF1;SUPT16H;CCNK;GTF2E1;CDC73;POLR2G;CCNH;TAF11;POLR2L;ELOB;NELFA;TAF4;GTF2F2;TAF9B;CDK9;TBP;POLR2B;SUPT4H1;POLR2F;NELFE;TAF2;ERCC3;TAF9;TAF15
TegvsNC	Reactome_2022	RNA Polymerase II Transcribes snRNA Genes R-HSA-6807505	-1.58718473917	0.00956937799043	0.0340823286544	POLR2D;SRRT;INTS7;INTS6;RPRD1B;SNAPC5;POLR2A;INTS12;GTF2F1;SSU72;POLR2J;POLR2I;TAF13;RPAP2;NCBP1;GTF2A2;RPRD2;CCNT1;SNAPC4;CCNK;GTF2E1;POLR2G;NABP2;TAF11;POLR2L;SNAPC1;INTS14;GTF2F2;CDK9;TBP;POLR2B;SUPT4H1;POLR2F;TAF8
TegvsNC	Reactome_2022	RNA Polymerase II Transcription Termination R-HSA-73856	-1.61580347297	0.00470588235294	0.0277124133599	SRSF3;DDX39A;SRSF7;SRSF6;ZNF473;SRSF2;SNRPG;CPSF2;CHTOP;U2AF2;SLBP;ALYREF;LSM10;SRSF1;EIF4A3;SNRPB;CPSF6;MAGOH;CPSF7;NUDT21;NCBP1;THOC5;SRSF9;CPSF4;CSTF2;SNRPF;WDR33;SARNP;UPF3B;SLU7
TegvsNC	Reactome_2022	RNA Polymerase III Abortive And Retractive Initiation R-HSA-749476	-1.56122617943	0.0242290748899	0.0400811131732	POLR3H;CRCP;POLR3C;GTF3C4;POLR3K;POLR3B;SNAPC5;POLR3F;NFIX;POLR3E;SNAPC4;SSB;GTF3A;POLR2L;SNAPC1;GTF3C5;BDP1;BRF1;POLR3G;GTF3C6;TBP;BRF2;POLR2F
TegvsNC	Reactome_2022	RNA Polymerase III Transcription Initiation R-HSA-76046	-1.52560186823	0.0326797385621	0.0498912061682	POLR3H;CRCP;POLR3C;GTF3C4;POLR3K;POLR3B;SNAPC5;POLR3F;POLR3E;SNAPC4;GTF3A;POLR2L;SNAPC1;GTF3C5;BDP1;BRF1;POLR3G;GTF3C6;TBP;BRF2;POLR2F
TegvsNC	Reactome_2022	RUNX1 Regulates Genes Involved In Megakaryocyte Differentiation And Platelet Function R-HSA-8936459	-1.74714031165	0.00704225352113	0.0109329101324	THBS1;H2AZ1;RUNX1;EP300;H2AX;ZFPM1;H3-3B;TNRC6C;PRMT6;H2AZ2;SETD1B;KMT2D;ASH2L;H2AC6;RBBP5
TegvsNC	Reactome_2022	RUNX1 Regulates Transcription Of Genes Involved In Differentiation Of HSCs R-HSA-8939236	-2.1212744338	0	0.000162075597576	H2AZ1;RUNX1;GATA2;PSME3;PSMD12;H2AX;ABL1;PSMD11;H3-3B;PSMD5;PSMD14;H2AZ2;PSMA7;PSMA6;PSMB3;PSMC3;PSMC5;PSMD7;PSMC4;H2AC6;PSMC2;PSMA4;PSMB2;PSMC1;PSME4;PSMD2;CBFB;PSMB5;PSMD8;PSME2;CCNH;PSMB8;PSMD3;PSMB4;PSMA3;PSMD4;YAP1
TegvsNC	Reactome_2022	Regulation Of APC/C Activators Between G1/S And Early Anaphase R-HSA-176408	-2.05285194753	0	0.0005598975189	PSME3;PSMD12;PLK1;CDC20;PSMD11;UBE2S;PSMD5;PSMD14;PSMA7;PSMA6;PSMB3;PSMC3;PSMC5;PSMD7;PSMC4;CCNA2;PSMC2;ANAPC7;UBE2D1;PSMA4;PSMB2;PSMC1;PSME4;PSMD2;ANAPC1;CUL1;PSMB5;CDK2;PSMD8;PSME2;FBXO5;ANAPC15;PSMB8;PSMD3;PSMB4;PSMA3;PSMD4;UBE2C;PSMB7
TegvsNC	Reactome_2022	Regulation Of Activated PAK-2p34 By Proteasome Mediated Degradation R-HSA-211733	-1.93901354443	0	0.00179694168419	PSME3;PSMD12;PSMD11;PSMD5;PSMD14;PSMA7;PSMA6;PSMB3;PSMC3;PSMC5;PSMD7;PSMC4;PSMC2;PSMA4;PSMB2;PSMC1;PSME4;PSMD2;PSMB5;PSMD8;PSME2;PSMB8;PSMD3;PSMB4;PSMA3;PSMD4
TegvsNC	Reactome_2022	Regulation Of Apoptosis R-HSA-169911	-1.92120610263	0	0.00203510576435	PSME3;PSMD12;PSMD11;PSMD5;PSMD14;PSMA7;PSMA6;PSMB3;PSMC3;PSMC5;PSMD7;PSMC4;PSMC2;PSMA4;PSMB2;PSMC1;PSME4;PSMD2;PSMB5;PSMD8;PSME2;PSMB8;PSMD3;PSMB4;PSMA3;PSMD4
TegvsNC	Reactome_2022	Regulation Of FZD By Ubiquitination R-HSA-4641263	1.66681313632	0.00554528650647	0.0326532386988	FZD4;LRP5;LGR4;UBC
TegvsNC	Reactome_2022	Regulation Of HSF1-mediated Heat Shock Response R-HSA-3371453	-1.84296183626	0	0.00487619839187	HSPA9;NUP153;BAG2;POLR1B;POLR1A;NUP98;NUP155;NUP62;DNAJB1;HSPA13;NUP35;NUP188;FKBP4;HSPH1;HSPA4;SEH1L;NUP42;NUP43;HSPA14;DNAJC7;SIRT1;DNAJB6;TNFRSF21;MRPL18;RPS19BP1;HSPA4L;NUP88
TegvsNC	Reactome_2022	Regulation Of IGF Transport And Uptake By IGFBPs R-HSA-381426	2.27520843084	0	0	BPIFB2;TF;APOL1;SERPIND1;C3;PLG;GPC3;IGF2;SERPINA1;APP;F5;FN1;CP;QSOX1;AHSG;ALB;HSP90B1;IGFBP2;ADAM10;APLP2;CALU;CKAP4;MIA3;MATN3;LAMB1;C4A;IGFBP3;LAMC1;KTN1;APOA1;ITIH2;IGFBP1;PDIA6;NUCB1;MELTF;P4HB;BMP4;ANO8;MXRA8;PROC;LGALS1;PNPLA2;MGAT4A;WFS1;APOB;SDC2;PCSK9;CDH2;HRC
TegvsNC	Reactome_2022	Regulation Of Insulin Secretion R-HSA-422356	1.77344609508	0.00173913043478	0.0125387986369	AHCYL1;ACSL4;SLC2A1;ITPR2;GNAS;ITPR3;IQGAP1;MARCKS;PRKAR1A;ADCY6;PLCB1;VAMP2;GNB5;ACSL3;ITPR1;PRKCA;GNG4;GNB3;STXBP1;GNG3
TegvsNC	Reactome_2022	Regulation Of Ornithine Decarboxylase (ODC) R-HSA-350562	-2.20042726756	0	9.12425586355e-05	PSME3;PSMD12;PSMD11;OAZ1;PSMD5;PSMD14;AZIN1;PSMA7;PSMA6;PSMB3;PSMC3;PSMC5;PSMD7;PSMC4;PSMC2;PSMA4;PSMB2;PSMC1;PSME4;NQO1;PSMD2;PSMB5;PSMD8;PSME2;PSMB8;PSMD3;PSMB4;PSMA3;PSMD4;PSMB7;OAZ2
TegvsNC	Reactome_2022	Regulation Of PTEN Stability And Activity R-HSA-8948751	-1.59000012082	0.00232558139535	0.0334283162153	PSME3;PSMD12;PSMD11;PSMD5;PSMD14;PSMA7;PSMA6;PSMB3;PSMC3;PSMC5;PSMD7;PSMC4;PSMC2;CSNK2A2;PSMA4;NEDD4;PSMB2;PSMC1;PSME4;PSMD2;PSMB5;PSMD8;PSME2;TRIM27;STUB1;PSMB8;PSMD3;PSMB4;PSMA3;PSMD4
TegvsNC	Reactome_2022	Regulation Of RAS By GAPs R-HSA-5658442	-1.84079928277	0	0.00496748421686	PSME3;PSMD12;PSMD11;PSMD5;PSMD14;PSMA7;PSMA6;PSMB3;PSMC3;PSMC5;PSMD7;PSMC4;PSMC2;SPRED2;PSMA4;PSMB2;PSMC1;HRAS;PSME4;CUL3;PSMD2;PSMB5;PSMD8;PSME2;PSMB8;PSMD3;PSMB4;PSMA3;PSMD4;RASAL2;PSMB7
TegvsNC	Reactome_2022	Regulation Of RUNX2 Expression And Activity R-HSA-8939902	-1.903056208	0	0.00243891359233	PSME3;PSMD12;PSMD11;NR3C1;PSMD5;PSMD14;PSMA7;PSMA6;PSMB3;PSMC3;PSMC5;PSMD7;PSMC4;PSMC2;PSMA4;PSMB2;PSMC1;PSME4;ESRRA;PSMD2;CUL1;CBFB;PPARGC1B;PSMB5;PSMD8;PSME2;DLX6;STUB1;GSK3B;SMURF1;PSMB8;PSMD3;PSMB4;PSMA3;PSMD4;PSMB7;NKX3-2
TegvsNC	Reactome_2022	Regulation Of RUNX3 Expression And Activity R-HSA-8941858	-1.99712951544	0	0.00102984428886	SRC;PSME3;EP300;PSMD12;PSMD11;PSMD5;PSMD14;PSMA7;PSMA6;PSMB3;PSMC3;MDM2;PSMC5;PSMD7;PSMC4;PSMC2;PSMA4;PSMB2;PSMC1;PSMD2;CBFB;PSMB5;PSMD8;PSME2;SMURF1;PSMB8;PSMD3;PSMB4;PSMA3;PSMD4
TegvsNC	Reactome_2022	Regulation Of TP53 Activity R-HSA-5633007	-1.76708525942	0	0.00942781283747	PRMT5;POLR1B;KMT5A;GATAD2A;MTA2;POLR1A;PLK3;EP300;RBBP8;USP7;TAF3;PPP2CA;TOP3A;PRR5;CHD4;SSRP1;CDK5R1;MAP2K6;BRCA1;TAF7;TP53BP2;TP53;NUAK1;RFC2;RNF34;BRD1;MDM2;EXO1;TP53RK;DAXX;ING3;CCNA2;RMI1;TAF13;MAPKAPK5;NOC2L;PIP4K2A;CSNK2A2;USP2;RAD9A;TPX2;PRKAB1;SUPT16H;TTC5;RBBP4;ATRIP;KAT6A;AURKA;CDK2;POU4F1;PDPK1;RFC3;GATAD2B;JMY;TAF11;BRIP1;PHF20;BRPF3;BARD1;HDAC2;HIPK1;TAF4;ING5;BLM;RBBP7;TAF9B;RFC5;TBP
TegvsNC	Reactome_2022	Regulation Of TP53 Activity Thru Acetylation R-HSA-6804758	-1.6100739736	0.0178571428571	0.0290568604259	GATAD2A;MTA2;EP300;CHD4;MAP2K6;TP53;BRD1;ING3;PIP4K2A;RBBP4;KAT6A;GATAD2B;BRPF3;HDAC2;ING5;RBBP7
TegvsNC	Reactome_2022	Regulation Of TP53 Activity Thru Phosphorylation R-HSA-6804756	-1.75208334744	0	0.0107254514962	POLR1B;POLR1A;PLK3;RBBP8;TAF3;TOP3A;SSRP1;CDK5R1;BRCA1;TAF7;TP53;NUAK1;RFC2;MDM2;EXO1;TP53RK;CCNA2;RMI1;TAF13;MAPKAPK5;NOC2L;CSNK2A2;RAD9A;TPX2;PRKAB1;SUPT16H;ATRIP;AURKA;CDK2;RFC3;TAF11;BRIP1;BARD1;HIPK1;TAF4;BLM;TAF9B;RFC5;TBP
TegvsNC	Reactome_2022	Regulation Of mRNA Stability By Proteins That Bind AU-rich Elements R-HSA-450531	-2.03767875661	0	0.000640522761621	ZFP36L1;PSME3;PSMD12;EXOSC6;PSMD11;PARN;EXOSC8;SET;HNRNPD;KHSRP;YWHAB;EIF4G1;EXOSC2;PSMD5;ANP32A;PSMD14;PSMA7;PSMA6;PSMB3;PSMC3;PSMC5;PSMD7;TNPO1;PSMC4;XPO1;ELAVL1;PSMC2;PSMA4;PSMB2;PSMC1;PSME4;PSMD2;PSMB5;PSMD8;PSME2;EXOSC3;NUP214;PSMB8;PSMD3;PSMB4;HSPB1;EXOSC4;PSMA3;PSMD4
TegvsNC	Reactome_2022	Removal Of Flap Intermediate From C-strand R-HSA-174437	-1.54454137763	0.0403397027601	0.0445147135428	POLR1B;POLR1A;FEN1;PCNA;TERF2;POLD2;ACD
TegvsNC	Reactome_2022	Resolution Of AP Sites Via Multiple-Nucleotide Patch Replacement Pathway R-HSA-110373	-1.82007819936	0.00225225225225	0.00563879012367	POLR1B;POLE3;POLR1A;FEN1;PCNA;RFC2;SLC19A1;POLD2;APEX1;POLE2;RFC3
TegvsNC	Reactome_2022	Resolution Of Abasic Sites (AP Sites) R-HSA-73933	-1.65623147956	0.00913242009132	0.0211732056336	POLR1B;POLE3;POLR1A;FEN1;PCNA;UNG;RFC2;LRIG3;SLC19A1;POLD2;APEX1;POLE2;RFC3;TDG;RFC5;LRIG1;RFC4;RPA3;NEIL2;SMUG1;POLE4;MBD4;POLD1
TegvsNC	Reactome_2022	Resolution Of D-loop Structures Thru Synthesis-Dependent Strand Annealing (SDSA) R-HSA-5693554	-1.58194087873	0.0265486725664	0.0348907300382	RBBP8;TOP3A;BRCA2;XRCC2;XRCC3;BRCA1;EXO1;RAD51C;RAD51;RMI1;RAD51AP1;BRIP1;BARD1;BLM;PALB2
TegvsNC	Reactome_2022	Resolution Of Sister Chromatid Cohesion R-HSA-2500257	-1.81989126735	0	0.00562449992883	DYNLL2;RCC2;BIRC5;SKA1;DYNC1LI1;PLK1;CDC20;NUP98;PPP2CA;CLIP1;CENPO;CENPN;MAPRE1;CDCA5;ZWINT;SEH1L;NUP43;CENPM;RANGAP1;XPO1;WAPL;CDCA8;PAFAH1B1;NDC80;SPDL1;CENPA;DYNLL1;MAD1L1;NUDC;DSN1;ZWILCH;PPP2R5E;CENPL;ERCC6L;SPC25;SMC1A;CENPU;CLASP2;MIS12;RANBP2;AHCTF1;CENPK;ZW10;KIF2A;CCNB2;NUP37
TegvsNC	Reactome_2022	Response Of EIF2AK1 (HRI) To Heme Deficiency R-HSA-9648895	-2.13326850989	0	0.00014491465195	TRIB3;ASNS;ATF4;ATF3;CEBPB;PPP1R15A;EIF2S2;CEBPG;DDIT3;ATF5;CHAC1;GRB10;EIF2S1
TegvsNC	Reactome_2022	Response Of EIF2AK4 (GCN2) To Amino Acid Deficiency R-HSA-9633012	-1.60101770792	0.00240963855422	0.0307894364413	TRIB3;ASNS;ATF4;ATF3;CEBPB;EIF2S2;CEBPG;DDIT3;RSL24D1
TegvsNC	Reactome_2022	Response To Elevated Platelet Cytosolic Ca2+ R-HSA-76005	1.92431863012	0	0.00215690343525	TF;PLG;IGF2;SERPINA1;APP;F5;FN1;ITIH3;QSOX1;SERPINE1;SELENOP;AHSG;PDGFB;TTR;MAGED2;FLNA;ALB;VCL;APLP2;CALU;TIMP3;ACTN1;HABP4;SOS1;APOA1;VEGFB;ACTN4;SERPING1;LGALS3BP;CAP1;STXBP2;SERPINF2;WDR1;CD9;CD109;SPARC;TLN1;CLU;PIKFYVE;SCCPDH
TegvsNC	Reactome_2022	Retinoid Metabolism And Transport R-HSA-975634	1.73723118144	0.00364298724954	0.0183177414895	HSPG2;GPC3;AGRN;APOM;TTR;APOC3;APOA1;APOC2;APOB;SDC2;GPC6
TegvsNC	Reactome_2022	Rev-mediated Nuclear Export Of HIV RNA R-HSA-165054	-1.81202039898	0	0.00587261524401	NUP153;RCC1;NUP98;NUP155;RANBP1;NUP62;NUP35;NUP188;SEH1L;NUP42;NUP43;RANGAP1;XPO1;RAN;NUP88;NUP50;NUP214;RANBP2;NUP37;POM121C;NDC1;NUP205
TegvsNC	Reactome_2022	Role Of GTSE1 In G2/M Progression After G2 Checkpoint R-HSA-8852276	-2.11316536593	0	0.000252671700837	PSME3;CDKN1A;PSMD12;PLK1;PSMD11;MAPRE1;PSMD5;PSMD14;PSMA7;PSMA6;TP53;PSMB3;PSMC3;PSMC5;PSMD7;PSMC4;HSP90AA1;PSMC2;PSMA4;PSMB2;PSMC1;PSME4;PSMD2;PSMB5;PSMD8;PSME2;FKBPL;PSMB8;PSMD3;PSMB4;PSMA3;PSMD4;PSMB7;CCNB2
TegvsNC	Reactome_2022	Role Of Phospholipids In Phagocytosis R-HSA-2029485	1.72748383866	0.00919117647059	0.0202773294704	AHCYL1;PLCG1;ITPR2;PIK3CB;ITPR3;PLD3;PLD2;ITPR1;PIK3CA
TegvsNC	Reactome_2022	S Phase R-HSA-69242	-2.43906007297	0	0	MYC;POLR1B;POLE3;CDC6;PSME3;POLR1A;CDKN1A;PSMD12;CDC25A;CDK4;GINS3;PSMD11;FEN1;UBE2S;GINS1;MCM7;MCM5;ORC6;MCM4;MCM8;PCNA;CCND1;MCM6;TFDP1;GINS4;PSMD5;POLA1;CDCA5;PSMD14;CDC45;E2F1;GINS2;ORC5;PSMA7;PSMA6;PSMB3;PSMC3;RFC2;PSMC5;PSMD7;PSMC4;E2F4;PRIM2;WAPL;SLC19A1;CCNA2;MCM3;PSMC2;ANAPC7;UBE2D1;POLD2;PSMA4;ORC4;PSMB2;PSMC1;PSME4;RBBP4;PSMD2;ANAPC1;CUL1;CABLES1;PSMB5;POLE2;CDK2;CCNE1;PSMD8;CDT1;E2F5;PSME2;SMC1A;RFC3;GSK3B;CCNH;ANAPC15;MAX;CKS1B;LIN52;TFDP2;LIN9;PSMB8;PSMD3;PSMB4;PSMA3;PSMD4;CCNE2;RFC5;UBE2C;CDKN1B;PSMB7
TegvsNC	Reactome_2022	SCF(Skp2)-mediated Degradation Of P27/P21 R-HSA-187577	-2.14003631778	0	0.000153971817697	PSME3;CDKN1A;PSMD12;CDK4;PSMD11;CCND1;PSMD5;PSMD14;PSMA7;PSMA6;PSMB3;PSMC3;PSMC5;PSMD7;PSMC4;CCNA2;PSMC2;PSMA4;PSMB2;PSMC1;PSMD2;CUL1;PSMB5;CDK2;CCNE1;PSMD8;PSME2;CKS1B;PSMB8;PSMD3;PSMB4;PSMA3;PSMD4;CCNE2;CDKN1B;PSMB7
TegvsNC	Reactome_2022	SCF-beta-TrCP Mediated Degradation Of Emi1 R-HSA-174113	-2.02723220181	0	0.000663263214696	PSME3;PSMD12;CDC20;PSMD11;PSMD5;PSMD14;PSMA7;PSMA6;PSMB3;PSMC3;PSMC5;PSMD7;PSMC4;PSMC2;PSMA4;PSMB2;PSMC1;PSME4;PSMD2;CUL1;PSMB5;PSMD8;PSME2;FBXO5;PSMB8;PSMD3;PSMB4;PSMA3;PSMD4
TegvsNC	Reactome_2022	SIRT1 Negatively Regulates rRNA Expression R-HSA-427359	-1.64712082318	0.0152173913043	0.0225377088612	H2AZ1;H2AX;H3-3B;H2AZ2;RRP8;SIRT1;H2AC6;TAF1A;TAF1B;TBP;H2AC20;H2AC14;SUV39H1;H2BC13;H2BC11
TegvsNC	Reactome_2022	SRP-dependent Cotranslational Protein Targeting To Membrane R-HSA-1799339	1.80562158118	0	0.00860022449103	RPL4;RPL23A;RPL31;RPL3;RPS4Y1;RPL7;RPL5;RPL7A;RPL23;RPL18;RPN2;RPL14;RPL29;RPL27A;RPS25;RPS4X;RPL18A;RPL22;SSR1;RPS3A;RPL27;RPL26;RPS7;RPS15A;RPL15;RPS8;RPS6;RPS24;RPS12;RPL12;RPS10;RPS9;RPL9;RPS3;RPL28;RPL11;RPL36AL;SSR4;RPL8;RPL13A;RPLP0;SSR2;SRPRA;RPS14;RPS5;RPLP1;RPS11;RPS2;RPL32;RPS20;RPL34;RPS17
TegvsNC	Reactome_2022	SUMO E3 Ligases SUMOylate Target Proteins R-HSA-3108232	-1.67400595798	0	0.0193400679249	CBX4;NR1H4;NOP58;VHL;HNRNPC;NUP153;CREBBP;L3MBTL2;BIRC5;POLR1A;EP300;NUP98;NUP155;THRB;NR3C1;TRIM28;NUP62;PCNA;PHC2;TOP1;RARA;NUP35;NUP188;DNMT1;BRCA1;TP53;SEH1L;NUP42;MDM2;NUP43;NFKBIA;HIC1;RANGAP1;DAXX;ING3;RING1;NRIP1;CDCA8;SUZ12;SATB2;ZNF131;NSMCE3;NUP88;ZBED1;NUP50;MBD1;AURKA;HNRNPK;MRTFA;SMC1A;TRIM27;NUP214;EID3;MITF;SUMO1;IKBKE;NR5A2;HDAC2;SCMH1;RANBP2;HDAC4;BLM;TDG;NPM1;SAFB
TegvsNC	Reactome_2022	SUMOylation Of DNA Replication Proteins R-HSA-4615885	-1.74868704216	0	0.0109310770696	NUP153;BIRC5;NUP98;NUP155;NUP62;PCNA;TOP1;NUP35;NUP188;SEH1L;NUP42;NUP43;RANGAP1;CDCA8;NUP88;NUP50;AURKA;NUP214;SUMO1;RANBP2;NUP37;POM121C;NDC1;PIAS4;NUP205
TegvsNC	Reactome_2022	SUMOylation Of RNA Binding Proteins R-HSA-4570464	-1.7248283642	0.00662251655629	0.0129508362416	CBX4;NOP58;HNRNPC;NUP153;NUP98;NUP155;NUP62;PHC2;NUP35;NUP188;SEH1L;NUP42;NUP43;RING1;NUP88;NUP50;HNRNPK;NUP214;SUMO1;SCMH1;RANBP2;NUP37;POM121C;NDC1;NUP205
TegvsNC	Reactome_2022	SUMOylation Of SUMOylation Proteins R-HSA-4085377	-1.661717584	0.00451467268623	0.020299198554	NUP153;NUP98;NUP155;NUP62;NUP35;NUP188;SEH1L;NUP42;NUP43;NUP88;NUP50;NUP214;SUMO1;RANBP2;NUP37;POM121C;NDC1;PIAS4;NUP205
TegvsNC	Reactome_2022	SUMOylation Of Ubiquitinylation Proteins R-HSA-3232142	-1.67209513885	0.00659340659341	0.0194287143877	VHL;NUP153;NUP98;NUP155;NUP62;NUP35;NUP188;SEH1L;NUP42;MDM2;NUP43;NUP88;NUP50;TRIM27;NUP214;SUMO1;RANBP2;NUP37;POM121C;NDC1;PIAS4;NUP205
TegvsNC	Reactome_2022	SUMOylation R-HSA-2990846	-1.68910569259	0	0.0174162761214	CBX4;NR1H4;NOP58;VHL;HNRNPC;NUP153;CREBBP;L3MBTL2;BIRC5;POLR1A;EP300;NUP98;NUP155;THRB;NR3C1;TRIM28;NUP62;PCNA;PHC2;TOP1;RARA;NUP35;NUP188;DNMT1;BRCA1;TP53;SEH1L;NUP42;MDM2;NUP43;NFKBIA;HIC1;RANGAP1;DAXX;ING3;RING1;NRIP1;CDCA8;SUZ12;SATB2;ZNF131;NSMCE3;NUP88;SAE1;ZBED1;NUP50;MBD1;AURKA;HNRNPK;MRTFA;SENP1;SMC1A;TRIM27;NUP214;EID3;MITF;SUMO1;SENP2;IKBKE;NR5A2;HDAC2;SCMH1;RANBP2;HDAC4;BLM;TDG;NPM1;SAFB
TegvsNC	Reactome_2022	Selenocysteine Synthesis R-HSA-2408557	1.88184243721	0	0.0036427702462	RPL4;RPL23A;RPL31;RPL3;RPS4Y1;RPL7;RPL5;RPL7A;RPL23;RPL18;RPL14;RPL29;RPL27A;RPS25;RPS4X;RPL18A;RPL22;RPS3A;RPL27;RPL26;RPS7;RPS15A;RPL15;RPS8;RPS6;RPS24;RPS12;RPL12;RPS10;RPS9;RPL9;RPS3;RPL28;EEFSEC;RPL11;RPL36AL;RPL8;RPL13A;SEPSECS;SECISBP2;RPLP0;RPS14;RPS5;RPLP1;RPS11;RPS2;RPL32;RPS20;RPL34;RPS17
TegvsNC	Reactome_2022	Senescence-Associated Secretory Phenotype (SASP) R-HSA-2559582	-1.87949689121	0	0.0032884990055	CEBPB;JUN;H2AZ1;CDKN1A;H2AX;CDK4;CXCL8;UBE2S;H3-3B;NFKB1;H2AZ2;FOS;H2AC6;CCNA2;ANAPC7;UBE2D1;CDKN2B;STAT3;ANAPC1;CDK2
TegvsNC	Reactome_2022	Sensory Perception Of Taste R-HSA-9717189	1.68825481917	0.0104712041885	0.0279370349709	SCN1B;SCN9A;ITPR3;SCNN1A;TRPM4;TAS2R4;SCNN1D;GNB3;SCN3A;GNB1;TAS1R3;TAS2R20;TAS2R3;SCN2A;TAS2R10;TAS2R31
TegvsNC	Reactome_2022	Sensory Perception R-HSA-9709957	1.94929445117	0	0.00141926113488	ESPN;HSPG2;GPC3;AGRN;EPS8L2;GSN;SCN1B;MYO7A;APOM;TTR;EPB41L1;APOC3;SPTAN1;SCN9A;ITPR3;SCNN1A;MYO1E;APOA1;APOC2;TWF2;NMT2;MYH9;PLS1;TRPM4;SPTBN1;APOB;SDC2;RAB3A;WHRN;VAMP2;GNB5;GPC6;DHRS3;TAS2R4;NAPEPLD;TWF1;SCNN1D;PRKCA;TPRN;GNB3;GUCA1B;CYP4V2;XIRP2;RBP4;EPS8;METAP1;APOE;APOA4;CNGB1;SCN3A;LHFPL5;SLC24A1;SYP;RDX;ABCA4;CACNB2;STRC;CAPZB
TegvsNC	Reactome_2022	Sensory Processing Of Sound By Inner Hair Cells Of Cochlea R-HSA-9662360	1.70290566435	0.00179533213645	0.025644289691	ESPN;EPS8L2;MYO7A;EPB41L1;SPTAN1;MYO1E;TWF2;MYH9;PLS1;SPTBN1;RAB3A;WHRN;VAMP2;TWF1;TPRN;XIRP2;EPS8;LHFPL5;SYP;RDX;CACNB2;STRC;CAPZB
TegvsNC	Reactome_2022	Sensory Processing Of Sound By Outer Hair Cells Of Cochlea R-HSA-9662361	1.90305328093	0	0.00305664029681	ESPN;EPS8L2;GSN;MYO7A;EPB41L1;SPTAN1;MYO1E;TWF2;MYH9;PLS1;SPTBN1;WHRN;TWF1;TPRN;XIRP2;EPS8;LHFPL5;RDX;STRC
TegvsNC	Reactome_2022	Sensory Processing Of Sound R-HSA-9659379	1.76079784268	0.00181488203267	0.014557644749	ESPN;EPS8L2;GSN;MYO7A;EPB41L1;SPTAN1;MYO1E;TWF2;MYH9;PLS1;SPTBN1;RAB3A;WHRN;VAMP2;TWF1;TPRN;XIRP2;EPS8;LHFPL5;SYP;RDX;CACNB2;STRC;CAPZB
TegvsNC	Reactome_2022	Separation Of Sister Chromatids R-HSA-2467813	-2.04069452036	0	0.000641549240406	DYNLL2;RCC2;PSME3;BIRC5;SKA1;PSMD12;DYNC1LI1;PLK1;CDC20;NUP98;PSMD11;PPP2CA;UBE2S;CLIP1;CENPO;CENPN;MAPRE1;PSMD5;CDCA5;ZWINT;PSMD14;PSMA7;PSMA6;PSMB3;PSMC3;SEH1L;NUP43;CENPM;PSMC5;RANGAP1;PSMD7;PSMC4;XPO1;WAPL;CDCA8;PSMC2;PAFAH1B1;ANAPC7;UBE2D1;PSMA4;NDC80;SPDL1;PSMB2;PSMC1;CENPA;PSME4;DYNLL1;MAD1L1;NUDC;DSN1;PSMD2;ANAPC1;PSMB5;ZWILCH;PSMD8;PPP2R5E;CENPL;PSME2;ERCC6L;SPC25;SMC1A;CENPU;ANAPC15;CLASP2;MIS12;PSMB8;PSMD3;PSMB4;PSMA3;RANBP2;PSMD4;AHCTF1;CENPK;ZW10;UBE2C;PSMB7;KIF2A
TegvsNC	Reactome_2022	Signaling By B Cell Receptor (BCR) R-HSA-983705	-1.55581381245	0.00700934579439	0.0412485386156	PSME3;PSMD12;PSMD11;PPP3R1;NFKBIB;NFKB1;PSMD5;PSMD14;PSMA7;PSMA6;PSMB3;PSMC3;LYN;NFKBIA;PSMC5;PSMD7;PSMC4;PSMC2;FKBP1A;PSMA4;PSMB2;PSMC1;HRAS;PSME4;PSMD2;CUL1;PSMB5;NFKBIE;NFATC3;PSMD8;PSME2;NCK1;FYN;CHUK;CALM1;PPIA;PIK3R1;PSMB8;PSMD3;PSMB4;PSMA3;PSMD4;ORAI1
TegvsNC	Reactome_2022	Smooth Muscle Contraction R-HSA-445355	2.0946942715	0	0.00018259499981	SORBS1;SORBS3;ITGA1;MYL12A;TPM2;ITGB5;VCL;ANXA6;TPM4;ANXA2;PKN1;TLN1;MYL12B;DYSF;CALD1;TPM1;CACNA1H;MYL6B
TegvsNC	Reactome_2022	Stabilization Of P53 R-HSA-69541	-1.85720332637	0	0.00415855507627	PSME3;PSMD12;PSMD11;PSMD5;PSMD14;PSMA7;PSMA6;TP53;PSMB3;PSMC3;MDM2;PSMC5;PSMD7;PSMC4;PSMC2;PSMA4;PSMB2;PSMC1;PSME4;PSMD2;PSMB5;PSMD8;PSME2;PHF20;PSMB8;PSMD3;PSMB4;PSMA3;PSMD4
TegvsNC	Reactome_2022	Stimuli-sensing Channels R-HSA-2672351	1.97763813583	0	0.000912974999048	ANO9;WNK1;TPCN1;CLCN6;UBC;SGK1;ASPH;TTYH3;SCNN1A;TRPC4AP;WNK2;TRPV2;NEDD4L;WNK4;WWP1;ANO8;TRPM4;ANO7;TRPV1;ANO6;TRPC1;SCNN1D;STOM;ANO10;SLC9B2
TegvsNC	Reactome_2022	Switching Of Origins To A Post-Replicative State R-HSA-69052	-2.22957218005	0	5.35554148513e-05	CDC6;PSME3;PSMD12;PSMD11;UBE2S;MCM7;MCM5;ORC6;MCM4;MCM8;MCM6;PSMD5;PSMD14;ORC5;PSMA7;PSMA6;PSMB3;PSMC3;PSMC5;PSMD7;PSMC4;CCNA2;MCM3;PSMC2;ANAPC7;UBE2D1;PSMA4;ORC4;PSMB2;PSMC1;PSME4;PSMD2;ANAPC1;CUL1;PSMB5;CDK2;CCNE1;PSMD8;CDT1;PSME2;ANAPC15;PSMB8;PSMD3;PSMB4;PSMA3;PSMD4;CCNE2;UBE2C;PSMB7
TegvsNC	Reactome_2022	Synthesis Of DNA R-HSA-69239	-2.42788820814	0	0	POLR1B;POLE3;CDC6;PSME3;POLR1A;PSMD12;GINS3;PSMD11;FEN1;UBE2S;GINS1;MCM7;MCM5;ORC6;MCM4;MCM8;PCNA;MCM6;GINS4;PSMD5;POLA1;PSMD14;CDC45;GINS2;ORC5;PSMA7;PSMA6;PSMB3;PSMC3;RFC2;PSMC5;PSMD7;PSMC4;PRIM2;SLC19A1;CCNA2;MCM3;PSMC2;ANAPC7;UBE2D1;POLD2;PSMA4;ORC4;PSMB2;PSMC1;PSME4;PSMD2;ANAPC1;CUL1;PSMB5;POLE2;CDK2;CCNE1;PSMD8;CDT1;PSME2;RFC3;ANAPC15;PSMB8;PSMD3;PSMB4;PSMA3;PSMD4;CCNE2;RFC5;UBE2C;PSMB7
TegvsNC	Reactome_2022	TCF Dependent Signaling In Response To WNT R-HSA-201681	-1.7577553773	0	0.0102191665672	MYC;H2AZ1;CREBBP;DKK1;TCF7;PSME3;ZNRF3;EP300;PSMD12;SOX13;H2AX;PSMD11;CSNK1A1;PPP2CA;BCL9L;H3-3B;RUVBL1;PSMD5;PSMD14;H2AZ2;PSMA7;PSMA6;PSMB3;PSMC3;PSMC5;PSMD7;AMER1;PSMC4;XPO1;KMT2D;ASH2L;H2AC6;PSMC2;RBBP5;SOX4;FRAT2;CSNK2A2;PSMA4;PSMB2;PSMC1;KLHL12;PSME4;PIP5K1B;FRAT1;CUL3;PSMD2;AXIN2;PSMB5;PSMD8;PPP2R5E;CCDC88C;PSME2
TegvsNC	Reactome_2022	TNFR2 Non-Canonical NF-kB Pathway R-HSA-5668541	-1.7941263628	0	0.0070447379604	PSME3;PSMD12;PSMD11;TNFRSF12A;PSMD5;PSMD14;TRAF3;MAP3K14;PSMA7;PSMA6;PSMB3;PSMC3;PSMC5;PSMD7;PSMC4;PSMC2;UBE2M;PSMA4;PSMB2;PSMC1;TNFRSF1A;PSME4;LTBR;EDA2R;PSMD2;CUL1;PSMB5;PSMD8;PSME2;CHUK;PSMB8;PSMD3;PSMB4;PSMA3;PSMD4
TegvsNC	Reactome_2022	TP53 Regulates Metabolic Genes R-HSA-5628897	-1.70610427632	0	0.0149319903205	SESN2;DDIT4;TXNRD1;TIGAR;GSR;GPX2;RPTOR;YWHAB;TNRC6C;YWHAH;TACO1;TP53;YWHAG;SCO1;CYCS;COX14;YWHAQ;PRDX1;UBL4A;RRAGC;SLC38A9;PRKAB1
TegvsNC	Reactome_2022	TP53 Regulates Transcription Of Cell Cycle Genes R-HSA-6791312	-1.95058790852	0	0.00156633058991	GADD45A;CNOT1;CDKN1A;PLK3;EP300;CNOT9;PCNA;TFDP1;E2F1;E2F7;TP53;ARID3A;E2F4;E2F8;RBL1;CCNA2;TNKS1BP1;CNOT10;BTG2;PLK2;AURKA;CNOT3;CDK2;CCNE1;BAX;TFDP2;PCBP4;CARM1;PRMT1;NPM1;CCNE2;CDKN1B;CNOT4
TegvsNC	Reactome_2022	TP53 Regulates Transcription Of DNA Repair Genes R-HSA-6796648	-1.9075702727	0.00242130750605	0.00243815166993	JUN;POLR2D;ELOA;CDK12;TCEA1;POLR2A;GTF2H1;SSRP1;BRCA1;TP53;ELOC;MSH2;FOS;GTF2H2;GTF2F1;POLR2J;POLR2I;GTF2H3;CCNT1;SUPT16H;CCNK;POLR2G;CCNH;FANCI;FANCC;POLR2L;ELOB;NELFA;GTF2F2;CDK13;CDK9;POLR2B;SUPT4H1;POLR2F;RAD51D;NELFE;PMS2
TegvsNC	Reactome_2022	TP53 Regulates Transcription Of Genes Involved In G2 Cell Cycle Arrest R-HSA-6804114	-1.72736125087	0.00636942675159	0.0126845097456	GADD45A;EP300;PCNA;TFDP1;TP53;E2F4;RBL1;AURKA;BAX;TFDP2;CARM1;PRMT1
TegvsNC	Reactome_2022	Telomere C-strand (Lagging Strand) Synthesis R-HSA-174417	-1.58249702204	0.0224719101124	0.0349114621045	POLR1B;POLR1A;FEN1;PCNA;CHTF8;POLA1;RFC2;PRIM2;TERF2;SLC19A1;POLD2;ACD;RFC3;TERF2IP;TERF1;BLM;RFC5
TegvsNC	Reactome_2022	Telomere Extension By Telomerase R-HSA-171319	-1.72384794871	0.00663716814159	0.0129610054542	DKC1;RUVBL1;GAR1;WRAP53;TERF2;CCNA2;ACD;PPP6R3;CDK2;NOP10;TERF2IP;TERF1;SHQ1
TegvsNC	Reactome_2022	Telomere Maintenance R-HSA-157579	-2.05259768746	0	0.000547455351813	H2AZ1;DKC1;POLR2D;POLR1B;POLR1A;H2AX;FEN1;H3-3B;RUVBL1;PCNA;CHTF8;POLR2A;GAR1;POLA1;WRAP53;H2AZ2;RFC2;DAXX;PRIM2;TERF2;SLC19A1;POLR2J;H2AC6;CCNA2;POLR2I;POLD2;ACD;PPP6R3;CDK2;NOP10;RFC3;POLR2G;TERF2IP;POLR2L;TERF1;BLM;RFC5;SHQ1;POLR2B;POLR2F;LRIG1
TegvsNC	Reactome_2022	Transcription Of E2F Targets Under Negative Control By DREAM Complex R-HSA-1362277	-1.71324009149	0.00211416490486	0.0141587128013	MYC;CDC6;CDC25A;PCNA;TFDP1;E2F1;E2F4;RBL1;RBBP4;E2F5;MAX;LIN52;TFDP2;LIN9
TegvsNC	Reactome_2022	Transcription Of HIV Genome R-HSA-167172	-1.74647300169	0.00237529691211	0.0109338104897	POLR2D;TAF3;ELOA;TCEA1;POLR2A;GTF2H1;SSRP1;TAF7;ELOC;GTF2H2;GTF2F1;POLR2J;POLR2I;TAF13;GTF2H3;NCBP1;GTF2A2;CCNT1;SUPT16H;CCNK;GTF2E1;POLR2G;CCNH;TAF11;POLR2L;ELOB;NELFA;TAF4;GTF2F2;TAF9B;CDK9;TBP;POLR2B;SUPT4H1;POLR2F;NELFE;TAF2;ERCC3;TAF9;TAF15
TegvsNC	Reactome_2022	Transcription-Coupled Nucleotide Excision Repair (TC-NER) R-HSA-6781827	-1.62226943395	0.0118483412322	0.0270165780207	POLR2D;POLR1B;POLE3;PRPF19;POLR1A;EP300;USP7;TCEA1;PCNA;POLR2A;GTF2H1;ERCC4;COPS3;RFC2;LRIG3;GTF2H2;SLC19A1;POLR2J;POLR2I;POLD2;GTF2H3
TegvsNC	Reactome_2022	Transcriptional Regulation By AP-2 (TFAP2) Family Of Transcription Factors R-HSA-8864260	-1.55853663416	0.0260303687636	0.0408048297766	MYC;NOP2;CREBBP;CDKN1A;EP300;MYBL2;KCTD15;YEATS4;YY1
TegvsNC	Reactome_2022	Transcriptional Regulation By E2F6 R-HSA-8953750	-1.82840512592	0	0.00523504180171	E2F6;L3MBTL2;RBBP8;TFDP1;EZH2;E2F1;BRCA1;RRM2;MGA;RING1;EPC1;RAD51;SUZ12;RBBP4;CDC7;MAX;YAF2;TFDP2;PCGF6
TegvsNC	Reactome_2022	Transcriptional Regulation By RUNX1 R-HSA-8878171	-1.93669256353	0	0.00184766181237	THBS1;GPAM;CBX4;H2AZ1;CREBBP;SRC;RUNX1;GATA2;PSME3;EP300;PSMD12;H2AX;ABL1;PSMD11;ZFPM1;H3-3B;ARID1A;SOCS4;PHC2;CCND1;TNRC6C;PSMD5;PSMD14;PRMT6;H2AZ2;PSMA7;PSMA6;PSMB3;PSMC3;SETD1B;PSMC5;PSMD7;PSMC4;RING1;ELOF1;KMT2D;ASH2L;H2AC6;PSMC2;RBBP5;SMARCD1;CSNK2A2;PSMA4;TJP1;PSMB2;PSMC1;PSME4;SMARCA2;OCLN;PSMD2;CBFB;PTPN11;CCND3;PSMB5;NFE2;SMARCE1;PSMD8;PSME2;WDR5;CCNH;YAF2;PBRM1;PSMB8;PSMD3;PSMB4;PSMA3;SCMH1;CBX6;PSMD4;PRMT1;YAP1;ARID1B
TegvsNC	Reactome_2022	Transcriptional Regulation By RUNX2 R-HSA-8878166	-1.65111963641	0	0.0218994252569	SRC;RUNX1;PSME3;CDKN1A;PSMD12;CDK4;ABL1;PSMD11;NR3C1;CCND1;PSMD5;PSMD14;PSMA7;PSMA6;SMAD1;PSMB3;PSMC3;PSMC5;PSMD7;PSMC4;PSMC2;SATB2;PPM1D;PSMA4;PSMB2;PSMC1;PSME4;ESRRA;PSMD2;CUL1;CBFB;PPARGC1B;PSMB5;PSMD8;PSME2;DLX6;STUB1;GSK3B;SMURF1;BAX;PSMB8;PSMD3;PSMB4;PSMA3;PSMD4;HDAC4;YAP1;PSMB7;NKX3-2;RBM14-RBM4
TegvsNC	Reactome_2022	Transcriptional Regulation By RUNX3 R-HSA-8878159	-1.91038146991	0	0.00242465093974	MYC;JAG1;CREBBP;TCF7;SRC;RUNX1;PSME3;CDKN1A;EP300;PSMD12;BRD2;PSMD11;CXXC1;CCND1;PSMD5;PSMD14;PSMA7;PSMA6;TP53;PSMB3;PSMC3;FOXO3;MDM2;PSMC5;PSMD7;PSMC4;PSMC2;PSMA4;PSMB2;PSMC1;MAML1;PSMD2;CBFB;PSMB5;PSMD8;PSME2;SMURF1;BCL2L11;PSMB8;PSMD3;PSMB4;PSMA3;PSMD4;HDAC4;TEAD4;YAP1
TegvsNC	Reactome_2022	Transcriptional Regulation By Small RNAs R-HSA-5578749	-1.83966126377	0	0.00498718472932	H2AZ1;NUP153;POLR2D;NUP98;NUP155;H2AX;H3-3B;NUP62;POLR2A;NUP35;NUP188;H2AZ2;SEH1L;NUP42;NUP43;RAN;POLR2J;H2AC6;POLR2I;NUP88;NUP50;NUP214;POLR2G;POLR2L;RANBP2;POLR2B;NUP37;POLR2F;POM121C;NDC1;NUP205
TegvsNC	Reactome_2022	Transcriptional Regulation By TP53 R-HSA-3700989	-1.9788402823	0	0.0011633426226	SESN2;DDIT4;GADD45A;TXNRD1;JUN;PRMT5;CREBBP;PMAIP1;POLR2D;POLR1B;KMT5A;TIGAR;GATAD2A;MTA2;TNFRSF10B;CNOT1;BIRC5;POLR1A;CDKN1A;PLK3;EP300;GSR;RBBP8;GPX2;USP7;TAF3;PPP2CA;TOP3A;ELOA;PRR5;CNOT9;CDK12;RPTOR;TCEA1;PCNA;YWHAB;AIFM2;TFDP1;TNRC6C;YWHAH;POLR2A;CHD4;GTF2H1;TACO1;E2F1;SSRP1;CDK5R1;MAP2K6;BRCA1;TAF7;TP53BP2;E2F7;TP53;YWHAG;NUAK1;RFC2;RNF34;BRD1;ELOC;TRIAP1;SCO1;MSH2;MDM2;BBC3;CYCS;EXO1;COX14;TP53RK;FOS;TNFRSF10A;DAXX;ING3;ARID3A;E2F4;GTF2H2;E2F8;YWHAQ;GTF2F1;RBL1;POLR2J;CCNA2;POLR2I;PRDX1;RMI1;TAF13;UBL4A;RRAGC;MAPKAPK5;NOC2L;PIP4K2A;CSNK2A2;GTF2H3;USP2;SLC38A9;TNKS1BP1;RAD9A;TPX2;CCNT1;PRKAB1;CNOT10;SUPT16H;TTC5;RBBP4;ATRIP;KAT6A;BTG2;PLK2;AURKA;CNOT3;CDK2;CCNE1;POU4F1;PDPK1;CCNK;CASP1;RFC3;LAMTOR1;POLR2G;GATAD2B;MPZ;CCNH;JMY;BAX;TAF11;BRIP1;TFDP2;SCO2;FANCI;FANCC;POLR2L;PHF20;ELOB;BRPF3;BARD1;HDAC2;NELFA;HIPK1;PRELID1;PCBP4;CARM1;TAF4;ING5;COX7A2L;STEAP3;PRMT1;GTF2F2;CASP2;BLM;CDK13;ZNF420;RBBP7;NPM1;CCNE2;TAF9B;CDK9;RFC5;BID;TBP;CDKN1B;POLR2B;CNOT4
TegvsNC	Reactome_2022	Transcriptional Regulation Of Granulopoiesis R-HSA-9616222	-2.32821016285	0	0	MYC;CEBPB;CEBPA;H2AZ1;RUNX1;GATA2;CDKN1A;EP300;H2AX;CDK4;H3-3B;TFDP1;RARA;KLF5;E2F1;H2AZ2;H2AC6;STAT3;DEK;CBFB;CDK2
TegvsNC	Reactome_2022	Translation R-HSA-72766	-1.53856856894	0	0.0464670148885	GARS1;CARS1;MARS1;AARS1;YARS1;SARS1;EIF2S2;TARS1;WARS1;EIF4EBP1;NARS1;EPRS1;RSL24D1;EIF5;MARS2;EIF3J;FARSB;SRPRB;IARS1;ETF1;EIF1AX;GSPT1;AIMP2;EIF3B;EIF4G1;EEF1E1;VARS1;FARSA;MRPL12;TSFM;MRPL4;MRPL36;MRPS16;SEC11C;EIF4E;EIF2S1;YARS2;TUFM;MRPL49;RPL22L1;MRPL18;MRPL15;MRPL30;MRPS11;MRPS10;MRPL40;SRP19;MRPS34;AURKAIP1;MRPS7;GFM1;EARS2;MRPL3;MRPS26;ERAL1;RPN1;EIF2B2;MRPL35;MRPS23;EIF3I;EIF5B;FAU;EIF2B5;MRPL11;MRPL20;MTRF1L;MRPL47;AIMP1
TegvsNC	Reactome_2022	Translesion Synthesis By POLH R-HSA-110320	-1.65444792283	0.0201342281879	0.0214515736013	POLR1B;POLR1A;RCHY1;PCNA;NPLOC4;RFC2;SPRTN;SLC19A1;VCP;UFD1;RFC3
TegvsNC	Reactome_2022	Translesion Synthesis By Y Family DNA Polymerases Bypasses Lesions On DNA Template R-HSA-110313	-1.6632973256	0.00704225352113	0.0202873834636	POLR1B;POLE3;POLR1A;RCHY1;PCLAF;PCNA;TRIM25;NPLOC4;RFC2;SPRTN;REV3L;SLC19A1;POLD2;VCP;UFD1;POLE2;RFC3;USP43
TegvsNC	Reactome_2022	Transport Of Inorganic Cations/Anions And Amino Acids/Oligopeptides R-HSA-425393	-1.68683466458	0.0021978021978	0.0175074554133	SLC7A11;SLC7A1;SLC1A4;SLC1A5;SLC3A2;SLC7A5;SLC38A1;SLC43A1;SLC9A1;SLC26A1;SLC38A5;SLC6A12;SLC4A2;SLC6A14;SLC7A6
TegvsNC	Reactome_2022	Transport Of Mature Transcript To Cytoplasm R-HSA-72202	-1.67138112502	0	0.0194892789247	NUP153;SRSF3;NUP98;NUP155;DDX39A;SRSF7;SRSF6;NUP62;NXT1;SRSF2;NUP35;CPSF2;CHTOP;NUP188;U2AF2;SLBP;ALYREF;SEH1L;NUP42;NUP43;SRSF1;EIF4A3;EIF4E;MAGOH;NUP88;NCBP1;THOC5;SRSF9;NUP50;CPSF4;NUP214;WDR33;SARNP;UPF3B;SLU7
TegvsNC	Reactome_2022	Transport Of Mature mRNA Derived From An Intron-Containing Transcript R-HSA-159236	-1.63343356768	0.00437636761488	0.0247555366555	NUP153;SRSF3;NUP98;NUP155;DDX39A;SRSF7;SRSF6;NUP62;NXT1;SRSF2;NUP35;CHTOP;NUP188;U2AF2;ALYREF;SEH1L;NUP42;NUP43;SRSF1;EIF4A3;MAGOH;NUP88;NCBP1;THOC5;SRSF9;NUP50
TegvsNC	Reactome_2022	Transport Of Mature mRNA Derived From An Intronless Transcript R-HSA-159231	-1.57612999461	0.0175054704595	0.0360176517673	NUP153;NUP98;NUP155;NUP62;NUP35;CPSF2;NUP188;ALYREF;SEH1L;NUP42;NUP43;EIF4E;NUP88;NCBP1;NUP50;CPSF4;NUP214;WDR33;RANBP2;NUP37;POM121C;NDC1;NUP205
TegvsNC	Reactome_2022	Transport Of Mature mRNAs Derived From Intronless Transcripts R-HSA-159234	-1.6086733086	0.011013215859	0.0292982811003	NUP153;NUP98;NUP155;NUP62;NUP35;CPSF2;NUP188;SLBP;ALYREF;SEH1L;NUP42;NUP43;EIF4E;NUP88;NCBP1;NUP50;CPSF4;NUP214;WDR33;RANBP2;NUP37;POM121C;NDC1;NUP205
TegvsNC	Reactome_2022	Transport Of Ribonucleoproteins Into Host Nucleus R-HSA-168271	-1.70323649176	0.0043956043956	0.0153193854829	NUP153;NUP98;NUP155;NUP62;NUP35;NUP188;SEH1L;NUP42;NUP43;KPNB1;NUP88;NUP50;NUP214;PBRM1;RANBP2;NUP37;POM121C;NDC1;NUP205
TegvsNC	Reactome_2022	Transport Of SLBP Dependant Mature mRNA R-HSA-159230	-1.59435120075	0.0158371040724	0.0324171776181	NUP153;NUP98;NUP155;NUP62;NUP35;NUP188;SLBP;ALYREF;SEH1L;NUP42;NUP43;EIF4E;NUP88;NCBP1;NUP50;NUP214;RANBP2;NUP37;POM121C;NDC1;NUP205
TegvsNC	Reactome_2022	Transport Of SLBP Independent Mature mRNA R-HSA-159227	-1.56805190629	0.0176991150442	0.0382969902927	NUP153;NUP98;NUP155;NUP62;NUP35;NUP188;ALYREF;SEH1L;NUP42;NUP43;EIF4E;NUP88;NCBP1;NUP50;NUP214;RANBP2;NUP37;POM121C;NDC1;NUP205
TegvsNC	Reactome_2022	Transport To Golgi And Subsequent Modification R-HSA-948021	1.77709525832	0	0.0121239353445	COL7A1;SEC24D;SERPINA1;F5;ARFGAP1;LMAN1;GOLGA2;SEC24A;SEC31A;COPA;USO1;SEC23A;SPTAN1;GOLGB1;COPG1;MIA3;CTSZ;ARFGAP3;KDELR3;COPB1;MOGAT3;COG6;DYNC1I2;COG3;MAN1A1;MOGAT2;PPP6R1;TMED7;SPTBN1;SEC24C;PREB;MGAT4A;ARCN1;MAN2A1;TRAPPC4;COPG2;TRAPPC6A;KDELR2;SEC13;ST6GAL1;SEC24B;TRAPPC9;COG7;MAN2A2;SCFD1;TMED9;ANK2;COG5;COPB2;STX17
TegvsNC	Reactome_2022	UCH Proteinases R-HSA-5689603	-2.07160750661	0	0.000439919479135	ADRM1;PSME3;INO80;PSMD12;PSMD11;TGFBR2;RUVBL1;PSMD5;PSMD14;PSMA7;PSMA6;HCFC1;PSMB3;PSMC3;CNKSR3;PSMC5;PSMD7;UCHL5;PSMC4;YY1;H2AC6;PSMC2;PSMA4;PSMB2;PSMC1;PSME4;FOXK2;TFPT;PSMD2;PSMB5;PSMD8;PSME2;MCRS1;ACTR5;UCHL3;SMAD7;PSMB8;PSMD3;PSMB4;BARD1;PSMA3;PSMD4
TegvsNC	Reactome_2022	Ub-specific Processing Proteases R-HSA-5689880	-1.55656058739	0	0.0413171066493	MYC;SIAH2;ADRM1;PSME3;PSMD12;CDC25A;CDC20;USP7;PSMD11;HIF1A;RUVBL1;USP22;PSMD5;PSMD14;PSMA7;PSMA6;SMAD1;CLSPN;TP53;PSMB3;PSMC3;MDM2;NFKBIA;PSMC5;PSMD7;PSMC4;KEAP1;H2AC6;CCNA2;PSMC2;TADA2B;USP14;PSMA4;PSMB2;PSMC1;USP2;PSME4;UFD1;PSMD2;AXIN2;ATXN7;RCE1;PSMB5;PSMD8;PSME2;WDR20;TADA3;MUL1;SMAD7;PSMB8;PSMD3;PSMB4;PSMA3;USP42;PSMD4;PTRH2;RIPK1;TAF9B;CYLD;PSMB7;IKBKG
TegvsNC	Reactome_2022	Ubiquitin Mediated Degradation Of Phosphorylated Cdc25A R-HSA-69601	-1.99730203831	0	0.00104700836034	PSME3;PSMD12;CDC25A;PSMD11;PSMD5;PSMD14;PSMA7;PSMA6;PSMB3;PSMC3;PSMC5;PSMD7;PSMC4;PSMC2;PSMA4;PSMB2;PSMC1;PSME4;PSMD2;PSMB5;PSMD8;PSME2;PSMB8;PSMD3;PSMB4;PSMA3;PSMD4
TegvsNC	Reactome_2022	Ubiquitin-dependent Degradation Of Cyclin D R-HSA-75815	-2.05083788389	0	0.000535554148513	PSME3;PSMD12;CDK4;PSMD11;CCND1;PSMD5;PSMD14;PSMA7;PSMA6;PSMB3;PSMC3;PSMC5;PSMD7;PSMC4;PSMC2;PSMA4;PSMB2;PSMC1;PSME4;PSMD2;PSMB5;PSMD8;PSME2;GSK3B;PSMB8;PSMD3;PSMB4;PSMA3;PSMD4
TegvsNC	Reactome_2022	Unattached Kinetochores Signal Amplification Via A MAD2 Inhibitory Signal R-HSA-141444	-1.81722506431	0	0.00571257758413	DYNLL2;RCC2;BIRC5;SKA1;DYNC1LI1;PLK1;CDC20;NUP98;PPP2CA;CLIP1;CENPO;CENPN;MAPRE1;ZWINT;SEH1L;NUP43;CENPM;RANGAP1;XPO1;CDCA8;PAFAH1B1;NDC80;SPDL1;CENPA;DYNLL1;MAD1L1;NUDC;DSN1;ZWILCH;PPP2R5E;CENPL;ERCC6L;SPC25;CENPU;CLASP2;MIS12;RANBP2;AHCTF1;CENPK;ZW10;KIF2A;NUP37
TegvsNC	Reactome_2022	Unfolded Protein Response (UPR) R-HSA-381119	-1.67049229112	0.00239234449761	0.01946790335	ASNS;ATF4;ATF3;CEBPB;EIF2S2;CEBPG;DDIT3;ERN1;EXOSC6;SRPRB;PARN;EXOSC8;CXCL8;KHSRP;CXXC1;EXOSC2;HERPUD1;NFYC;EIF2S1;DNAJB11;HYOU1;DNAJC3;NFYA;ACD
TegvsNC	Reactome_2022	Vif-mediated Degradation Of APOBEC3G R-HSA-180585	-1.97645312676	0	0.00116428004615	PSME3;PSMD12;PSMD11;PSMD5;PSMD14;PSMA7;PSMA6;PSMB3;PSMC3;ELOC;PSMC5;PSMD7;PSMC4;PSMC2;PSMA4;PSMB2;PSMC1;PSME4;PSMD2;PSMB5;PSMD8;PSME2;ELOB;PSMB8;PSMD3;PSMB4;PSMA3;PSMD4
TegvsNC	Reactome_2022	Viral Messenger RNA Synthesis R-HSA-168325	-1.88916041822	0	0.00291674915034	NUP153;POLR2D;NUP98;NUP155;NUP62;POLR2A;NUP35;NUP188;SEH1L;NUP42;NUP43;GTF2F1;POLR2J;POLR2I;NUP88;NUP50;NUP214;POLR2G;PBRM1;POLR2L;RANBP2;GTF2F2;POLR2B;NUP37;POLR2F;POM121C;NDC1;NUP205
TegvsNC	Reactome_2022	Viral mRNA Translation R-HSA-192823	1.96824010046	0	0.00102709687393	RPL4;RPL23A;RPL31;RPL3;RPS4Y1;RPL7;RPL5;RPL7A;RPL23;RPL18;RPL14;RPL29;RPL27A;RPS25;RPS4X;RPL18A;RPL22;RPS3A;RPL27;RPL26;RPS7;RPS15A;RPL15;RPS8;RPS6;RPS24;RPS12;RPL12;RPS10;RPS9;RPL9;RPS3;RPL28;RPL11;RPL36AL;RPL8;RPL13A;RPLP0;RPS14;RPS5;RPLP1;RPS11;RPS2;RPL32;RPS20;RPL34;RPS17
TegvsNC	Reactome_2022	Visual Phototransduction R-HSA-2187338	1.69380206562	0.00534759358289	0.0266920690631	HSPG2;GPC3;AGRN;MYO7A;APOM;TTR;APOC3;APOA1;APOC2;NMT2;APOB;SDC2;GNB5;GPC6;DHRS3;NAPEPLD;PRKCA;GUCA1B;CYP4V2;RBP4;METAP1;APOE;APOA4;CNGB1
TegvsNC	Reactome_2022	Vpr-mediated Nuclear Import Of PICs R-HSA-180910	-1.70346891138	0.0045766590389	0.0153222325251	NUP153;NUP98;NUP155;NUP62;NUP35;NUP188;SEH1L;NUP42;NUP43;NUP88;PSIP1;NUP50;NUP214;RANBP2;HMGA1;NUP37;BANF1;POM121C;NDC1;NUP205
TegvsNC	Reactome_2022	Vpu Mediated Degradation Of CD4 R-HSA-180534	-1.93381615867	0	0.00188305763253	PSME3;PSMD12;PSMD11;PSMD5;PSMD14;PSMA7;PSMA6;PSMB3;PSMC3;PSMC5;PSMD7;PSMC4;PSMC2;PSMA4;PSMB2;PSMC1;PSME4;PSMD2;PSMB5;PSMD8;PSME2;PSMB8;PSMD3;PSMB4;PSMA3;PSMD4
TegvsNC	Reactome_2022	ZBP1(DAI) Mediated Induction Of Type I IFNs R-HSA-1606322	-1.57678417669	0.0331125827815	0.0359621532829	NFKBIB;NFKB1;DHX9;DTX4;NFKBIA;IRF3;NKIRAS2;CHUK;RIPK1;IKBKG;MYD88;NKIRAS1
TegvsNC	Reactome_2022	mRNA Splicing - Major Pathway R-HSA-72163	-2.20363780245	0	9.85419633263e-05	HNRNPC;HNRNPA0;POLR2D;SRSF3;SF1;HNRNPM;PRPF19;SRRT;SF3A3;PLRG1;BUD31;TFIP11;SF3B4;PRCC;TRA2B;DHX15;HNRNPD;SRSF7;SRSF6;PPIL1;FUS;HNRNPR;PHF5A;CCAR1;HNRNPF;POLR2A;DHX9;SRSF2;SNRPG;CPSF2;U2AF2;DDX46;HNRNPA2B1;ALYREF;DNAJC8;HNRNPU;PUF60;DHX16;CD2BP2;SRSF1;SNRPC;EIF4A3;SNRPB;CPSF6;MAGOH;GTF2F1;WBP11;POLR2J;LSM6;ELAVL1;POLR2I;USP39;CPSF7;NUDT21;NCBP1;YBX1;SNU13;SNRPA;RBM42;SNRPB2;SRSF9;CPSF4;CSTF2;SF3B5;SNRPF;RBMX;EFTUD2;PRPF31;HNRNPK;LSM5;TXNL4A;SMNDC1;PQBP1;PRPF4;CWC25;POLR2G;WDR33;SF3A1;UPF3B;SLU7;POLR2L
TegvsNC	Reactome_2022	mRNA Splicing - Minor Pathway R-HSA-72165	-1.68739141548	0	0.0176112175483	POLR2D;SF3B4;SRSF7;SRSF6;POLR2A;SRSF2;SNRPG;SNRNP25;SRSF1;SNRPB;GTF2F1;POLR2J;POLR2I;NCBP1;YBX1;SF3B5;SNRPF;EFTUD2;TXNL4A;POLR2G;PDCD7;POLR2L;GTF2F2;SNRNP40;POLR2B;SNRNP35;POLR2F
TegvsNC	Reactome_2022	mRNA Splicing R-HSA-72172	-2.18326193585	0	8.79838958271e-05	HNRNPC;HNRNPA0;POLR2D;SRSF3;SF1;HNRNPM;PRPF19;SRRT;SF3A3;PLRG1;BUD31;TFIP11;SF3B4;PRCC;TRA2B;DHX15;HNRNPD;SRSF7;SRSF6;PPIL1;FUS;HNRNPR;PHF5A;CCAR1;HNRNPF;POLR2A;DHX9;SRSF2;SNRPG;CPSF2;U2AF2;DDX46;HNRNPA2B1;ALYREF;DNAJC8;HNRNPU;PUF60;DHX16;CD2BP2;SNRNP25;SRSF1;SNRPC;EIF4A3;SNRPB;CPSF6;MAGOH;GTF2F1;WBP11;POLR2J;LSM6;ELAVL1;POLR2I;USP39;CPSF7;NUDT21;NCBP1;YBX1;SNU13;SNRPA;RBM42;SNRPB2;SRSF9;CPSF4;CSTF2;SF3B5;SNRPF;RBMX;EFTUD2;PRPF31;HNRNPK;LSM5;TXNL4A;SMNDC1;PQBP1;PRPF4;CWC25;POLR2G;PDCD7;WDR33;SF3A1;UPF3B;SLU7;POLR2L
TegvsNC	Reactome_2022	p53-Dependent G1 DNA Damage Response R-HSA-69563	-1.98229946714	0	0.00111033198114	PSME3;CDKN1A;PSMD12;PSMD11;PSMD5;PSMD14;PSMA7;PSMA6;TP53;PSMB3;PSMC3;MDM2;PSMC5;PSMD7;PSMC4;CCNA2;PSMC2;PSMA4;PSMB2;PSMC1;PSME4;PSMD2;PSMB5;CDK2;CCNE1;PSMD8;PSME2;PHF20;PSMB8;PSMD3;PSMB4;PSMA3;PCBP4;PSMD4;CCNE2;CDKN1B;PSMB7
TegvsNC	Reactome_2022	rRNA Modification In Nucleus And Cytosol R-HSA-6790901	-2.50888583054	0	0	WDR43;NOP58;NOP56;UTP4;NOP2;DKC1;RCL1;PDCD11;RRP7A;NOL11;NOP14;WDR3;UTP15;DHX37;EMG1;PNO1;UTP20;RRP9;IMP4;UTP25;GAR1;WDR75;WDR46;UTP14A;NOL6;PWP2;NAT10;UTP3;NOC4L;UTP11;DDX49;FCF1;SNU13;HEATR1;UTP6;UTP18;NOP10;THUMPD1;BUD23;DIMT1;RRP36;WDR36;DDX52
TegvsNC	Reactome_2022	rRNA Processing In Nucleus And Cytosol R-HSA-8868773	-1.87794779236	0	0.00333698921264	WDR43;NOP58;NOP56;NIP7;UTP4;NOP2;DKC1;RCL1;WDR12;RSL24D1;BYSL;PDCD11;DDX56;RRP7A;NOL11;NOP14;EXOSC6;WDR3;UTP15;DHX37;FTSJ3;EXOSC8;BOP1;EMG1;PNO1;UTP20;RRP9;RIOK1;EBNA1BP2;RPP14;IMP4;UTP25;GAR1;NOL12;EXOSC2;NOL9;WDR75;ISG20L2;WDR46;TEX10;UTP14A;NOL6;PES1;PWP2;NAT10;UTP3;NOC4L;TSR1;UTP11;LTV1;DDX49;FCF1;RPL22L1;SNU13;HEATR1;UTP6;RPP38;ERI1;UTP18;EXOSC3;FAU;NOP10;RBM28;THUMPD1;BUD23;DIMT1;RPP30;SENP3
TegvsNC	Reactome_2022	rRNA Processing R-HSA-72312	-1.95167106376	0	0.00157051254051	WDR43;NOP58;NOP56;NIP7;UTP4;NOP2;DKC1;RCL1;WDR12;RSL24D1;BYSL;PDCD11;DDX56;RRP7A;NOL11;NOP14;EXOSC6;WDR3;UTP15;DHX37;FTSJ3;EXOSC8;BOP1;EMG1;PNO1;UTP20;RRP9;RIOK1;EBNA1BP2;RPP14;IMP4;UTP25;GAR1;NOL12;EXOSC2;NOL9;WDR75;ISG20L2;WDR46;TEX10;MRM1;NSUN4;UTP14A;NOL6;PES1;MRM2;PWP2;NAT10;UTP3;NOC4L;TSR1;UTP11;TRMT10C;MRM3;LTV1;DDX49;FCF1;RPL22L1;ELAC2;SNU13;HEATR1;UTP6;RPP38;TFB1M;ERI1;UTP18;EXOSC3;FAU;NOP10;RBM28;HSD17B10;THUMPD1;BUD23;DIMT1;RPP30;SENP3
TegvsNC	Reactome_2022	tRNA Aminoacylation R-HSA-379724	-2.40563583666	0	0	GARS1;CARS1;MARS1;AARS1;YARS1;SARS1;TARS1;WARS1;NARS1;EPRS1;MARS2;FARSB;IARS1;AIMP2;EEF1E1;VARS1;FARSA
TegvsNC	Reactome_2022	tRNA Modification In Nucleus And Cytosol R-HSA-6782315	-2.04047891998	0	0.000628456398765	EPRS1;PUS1;TRMT61A;QTRT2;ADAT1;LCMT2;NSUN2;ALKBH8;TP53RK;FTSJ1;TRMT6;CTU1;TYW1;TRMT5;THADA;PUS7;WDR4;TYW3;PUS3;OSGEP;TRMT12;CTU2;TRMT44;TYW5;TRMT10A
TegvsNC	Reactome_2022	tRNA Processing In Nucleus R-HSA-6784531	-1.96030366037	0	0.00143973647717	XPOT;NUP153;TSEN15;NUP98;NUP155;RPP14;NUP62;NUP35;NUP188;SEH1L;NUP42;NUP43;RAN;ELAC2;TSEN54;NUP88;NUP50;CPSF4;RPP38;CSTF2;NUP214;RPP30;TSEN2;FAM98B;DDX1;RANBP2;POP5;TRNT1;NUP37;POM121C;ZBTB8OS;NDC1;NUP205
TegvsNC	Reactome_2022	tRNA Processing R-HSA-72306	-2.28637752988	0	0	XPOT;NUP153;EPRS1;PUS1;TSEN15;NUP98;NUP155;TRMT61A;QTRT2;ADAT1;LCMT2;RPP14;NSUN2;NUP62;NUP35;MTO1;NUP188;ALKBH8;SEH1L;NUP42;NUP43;TP53RK;RAN;TRMT10C;FTSJ1;TRMT6;ELAC2;TSEN54;NUP88;CTU1;GTPBP3;TYW1;TRMT5;NUP50;CPSF4;RPP38;CSTF2;THADA;HSD17B10;NUP214;RPP30;PUS7;TSEN2;FAM98B;DDX1;WDR4;TYW3;PUS3;RANBP2;PRORP;POP5;OSGEP;TRNT1;TRMT12;NUP37;CTU2;TRMT44;TYW5;POM121C;TRMT10A;ZBTB8OS;TRMT61B;NDC1;NUP205
TegvsNC	Reactome_2022	trans-Golgi Network Vesicle Budding R-HSA-199992	1.66805092954	0	0.0325361465286	AP1G2;SORT1;APP;PIK3C2A;OCRL;GOLGB1;SH3D19;DNM2;CTSZ;GNS;TFRC;IGF2R;ACBD3;ARRB1;PUM1;TPD52;VAMP2;TBC1D8B;CHMP2A;VAMP8;AP3S1;AP3B1;YIPF6
